review,sentiment
"I've watched a lot of television in my 51 years, but I've never had so much fun week after week, as I had watching Oz. The acting by the entire cast was excellent. The writing was just perfect, with every character remaining consistent throughout the six year run. I also enjoyed the mayhem and the ultra-violence. It may sound odd, but it was at times, comical finding out how one of the characters would eventually end up dead. I particularly enjoyed the true romance and love between Beecher and Keller. Those two men really knew how to throw down, in every way possible. I truly hope that HBO will continue to show us re-runs of this great show FOREVER! I've watched every episode at least 4 times yet I still look forward to Tuesday and Thursday nights at 11 p.m. for an episode of this fun and very entertaining show.",positive
"This is only the second time I stopped a video/DVD part way through.<br /><br />I was willing to give this film the benefit of the doubt at first, even though it managed to be both shallow, clichéd and stupid.. AND joyless, plodding and pretentious.<br /><br />It was like an After School Special directed by that weird grade nine kid who thinks nobody understands him... creepy and sad, with voice-over narration that only the most deluded adolescent would consider poetry... and some singing, and... no, really, the poor child's suffering...<br /><br />Enough, already, especially when it morphed into a brazen, clumsy, and insulting Clockwork Orange ripoff. And did I mention the singing?<br /><br />This isn't the worst film I've ever seen, but certainly the one I've felt least compelled to sit through. I don't recommend it to anyone.",negative
"so yes it is quite nostalgic watching the 1st episode because this is the one episode i definitely remembered. i enjoy watching the first season and yes compared to the action packed shows we have now this show seems lame. but frankly i like the ""less violent"" part of the show and the story line has more substance than the new ones now. I thought it interesting that Belisario's Airwolf and JAG have similar theme - the lead actor (Hawke and Harm) both are looking for an MIA relative (brother, father). wonder if Robert Belisario's personal life mimics these 2 shows' theme.<br /><br />Question - does anyone have pictures of Hawke's cabin. I love that cabin (kinda like a dream cabin of mine) and that is one of the scenes i remember about Airwolf.",positive
"Despite Louis B. Mayer reportedly not being interested in signing the young Greta Garbo to a contract, this first American and MGM film for the actress looked quite beautiful. It's obvious that the film was assigned some amazing talent to film the production and make matte paintings, as it has all the nice polish and artfulness you'd expect from the best pictures the studio could produce. It simply looks beautiful--even 84 years later.<br /><br />As for Garbo herself, like her other very early American films she, too, looks different. While she's quite recognizable, her makeup is much softer than it would become just a year later--giving her a less severe look and a gentleness about her you just didn't see in subsequent films. I kind of wish they'd kept this look, but considering how famous she'd become with the trademark look, who am I to say they shouldn't have gone that route?! The film is about Garbo and how she and her family are unfairly forced off their land by the landlord. While the landlady, the much esteemed Doña Bernarda, claims it's because the bank has demanded payment, it's because her son has fallen for Garbo--and what better way to get rid of her than to force them out on the streets! Nice lady, huh?! Years pass and by now Garbo has become a new singing sensation who is world-famous. When she returns to her hometown years later, her old boyfriend (who HAD promised to marry her but wimped out when his mother, Doña Bernarda, refused to allow it) sees her. His new love for another lady is now tested--will he be content to marry this lady who is the heir to a huge pig fortune or will he want his old flame? And, more importantly, will Garbo even take him back after he behaved so spinelessly? In the meantime, a huge rainstorm hits. The land begins to flood and homes soon are being washed away by the deluge. Cortez and a friend make a mad dash as the dam breaks! In a scene where they obviously superimposed his row boat over the cascading stream, he eventually makes it out alive and to the home where Garbo is now staying. She welcomes them inside and they stay with her until the storm passes. Then, he admits that he still loves her and had braved the storm to make sure that she was safe. She tells him to get lost! Next, you see Ricardo about to get married to his second choice, the daughter of the Pork King. He obviously has little enthusiasm for this--and you feel sorry for the lady, as she did nothing wrong. Soon, Cortez is seen wandering back to Garbo's home--he's love-sick and needs her. In this scene, Garbo is quite luminous and can't tell him to leave--as they dissolve in each other's arms. Once again, he tells her of his love for her.<br /><br />When Doña Bernarda learns of this, she is not pleased. Evidently, a Pork Queen is a better catch than an internationally known singer. Because of the meddling of this nasty old lady, Garbo leaves--unwilling to come between the mother and her wimpy son. But, Cortez comes running--announcing he MUST have her and won't rest until he has her as his wife. Moments after making this proclamation, a family friend talks to Cortez and convinces him to give her up for the good of his career and reputation. So much for ""won't rest until he has her for his wife"", huh?! Despite Cortez being a wimp through and through, for some reason she cannot bring herself to hate him. And so, he marries the Pork Queen and lives a very dull life. When years later Garbo meets Cortez again, he is a dull looking middle-aged man--while she is as beautiful as ever. And, not surprisingly, she tells him, once again, to get lost.<br /><br />At the time this film was made, Garbo was not a star in the US and Cortez was. So, in light of this, it's surprising they gave Cortez such an unlikable character to play. Instead of the usual confident Valentino-like role they'd been giving him, here he is an indecisive wimp--a HUGE wimp. And, from here on, his career was on a slow downward spiral. As for Garbo, the role helped establish her as a big star--as she was THE focus of the film and played a character much like her later personas.<br /><br />As for the film, the new music composed for it was very nice, though a tad repetitive. The print, oddly, was nearly perfect throughout except for the intertitle cards--which could use some restoration.<br /><br />A most enjoyable film--expertly constructed, wistful and worth seeing. And, for one of the few times I can think of it, I have no real complaints in this excellent film.",positive
"Hugh (Ed Harris) is a hotshot, bachelor senator determined to run for president. One day, however, he happens upon an old high school classmate named Aggie. Aggie (Diane Keaton) is an accomplished and award-winning author with a lovely face and an independent spirit. Hugh is smitten. He convinces Aggie to become his fiancé. But, will Aggie have to sacrifice her principles of honesty in the world of politics, where things are not always what they seem to be? And, will she be able to withstand the rigors of a harsh media blitz? This is, mostly, a nice romance for those who adore tales of affection. Hugh and Aggie are absolutely in love and their banter and conversation are a good view. However, although the movie tries to show the political life in its reality, it doesn't completely succeed. Nevermind. The production values are high and the script is very elegantly written. With these advantages and the handsome personages of Keaton and Harris, those who sit down to the film will find it to be good entertainment.",positive
"I wasn't really hoping for much when I went to see this. After Mst3king the heck out of JasonX with some friends though, I was hoping for a similar experience here.<br /><br />Unfortunately the movie took itself way too seriously. Do I care about Jason's problems? I'm sorry no. There are a legion Ft13th movies that cover that anyway. At at then end of the day, he's an undead serial killer, I'm just not going to get that sympathetic.<br /><br />Freddy was by far the most interesting aspect of the movie with the hallucinations and what not, but unfortunately they were few and far between and by the end of the movie, it had degenerated into a bad episode of celebrity deathmatch...only not funny.<br /><br />",negative
"This third Darkman was definitely better than the second one, but still far worse than the original movie. What made this one better than D2 was the fact that The Bad Guy had been changed and Durant was not brought back again. Furthermore there was actually some hint of character development when it came to the bad guy's family and Darkman himself. This made my heart soften and I gave this flick as much as 4/10, i.e. **/*****.",negative
"Wonderful family film that should be a staple at Christmas time. It's a mystery to me why it isn't. A true lost film that I first encountered, flickering away on my old 19"" black and white RCA, when the Million Dollar Movie was still in vogue on Channel 9 in New York City. This Rudolph Mate directed fantasy should be nestled under everyone's Christmas tree. But it has never been released on home video. Too bad. I believe I saw part of it on AMC a few years ago, before they cut many of their older films from the rotation. TCM should take up the slack and play it at Easter or on Christmas Eve. Any movie with Santa, Aunt Bee, the Hostess Cupcake Lady, and an actor with the first name King, can't be bad. Ann Blyth as ""Sally"" is a bundle of energy. During her school years, she rushes over to the chapel to pray for St. Ann to help and give guidance to her mixed-up and financially strapped family. It works. So, after she graduates, she places a statue of St. Ann in her own bedroom. At one point the entire O'Moyne residence is moved to another address. I think this was done to put an end to a neighbor dispute between the O'Moynes and the dastardly fellow next door. Blyth is cute as a button. Edmund Gwen can play the reclusive grandfather in his sleep. All-in-all, this is a satisfying movie experience.",positive
"Even if it were remotely funny, this mouldy waxwork of a film would still be soberingly disrespectful. Stopping just short of digging up the boys' corpses and re-enacting 'Weekend At Bernie's'  but only just  producer Larry Harmon and the director of the frickin' 'Ernest' films use holding the copyright as an excuse to crap all over Stan and Ollie's legacy. Gailard Sartain does a fair Ollie impersonation but Bronson Pinchot wouldn't reach tenth place in a Stan lookalike contest; even if they were both spot on the film would be no less detestable. The less said about the surrounding catastrophe the better. Makes 'Utopia' look like a dignified swan song.",negative
"Treading Water is a very beautiful movie. I would put it straight under the wonderful short movie : Cosa bella from Fiona MacKenzie. It's not only about coming out but also about tolerance and acceptance in general. I am looking forward to seeing more of Laurel Himmel's work in the future. The actors, Angie Redman and Nina Landey are quite good. The main characters relationship could have been strenghtened a bit as we understand there is a very strong bond between them but maybe this could have been explained a bit. I am surprised that Angie Redman doesn't appear much in other movies. A great first step as a director for Laurel Himmel, I am sure there's more to see from her skills.",positive
"Robert Downey Jr. in a 17th century wig and dress was enough to make me shudder, but I couldn't believe a great actor like Sam Neill actually took a part in this movie. The whole thing was unbelievable. I especially like Merivel's ""cure"" for the crazies. They dance...and hey presto! everyone's happy and they're all better! I guess I just didn't like the character Merivel too much. Therefore, watching a whole movie about his supposed transition from a whoring buffoon into a great physician was grueling. <br /><br />Also, I'm not entirely sure, but I didn't think the plague as well as the famous fire of London took place simultaneously.",negative
"That is what this movie is. Good God the special effects suck in this movie. It is difficult for anything to suck more than this movie's plot, but the special effects manage to pull it off. Let me try to explain just how bad this movie is.<br /><br />First, there is the plot. There are four punk-ass teenage dirt bikers who are riding around in a forest in Duluth, MN. One of them is a dumb-ass and tries a ridiculous jump and breaks his leg. A paramedic comes to help him, but gets stranded with them when the helicopter breaks. Then all five realize that there is a forest fire, which we see is started by some guy dumping tons of gas all over the forest. All they show us is his boots, and they show scene after scene of this guys boots walking around dumping gas and starting fires. Meanwhile, the teenagers try to escape the fire, only to find that boot man has somehow managed to get ahead of them (while they were speeding through the forest on dirt bikes!), dump gas all over the area they were riding through, and start more fires. He does this several times, and the paramedic finally catches him and starts him on fire. I won't spoil the ending, but this guy's resilience will have you shouting ""WHAT THE BLOODY HELL?!?!"" at the screen. Anyway, they are now surrounded by fire, and their only escape is through a mine which is filled with methane gas. Yes, methane gas. I'm not even going to try to describe the ending, because it is too ridiculous, and you'll enjoy it more if you don't see it coming. Which you won't, because you can't possibly expect what happens. This is because of the second major problem with this movie: consistency.<br /><br />Is some semblance of consistence too much to ask for? Apparently so. I cannot even count the number of broken limbs in this movie (they keep breaking arms and legs while crashing their bikes). I think each character breaks at least one limb, and several more than one. They then limp around until the scene ends, and then forget that they're supposed to have broken limbs. There is one scene where three of them who are supposed to have broken legs start dancing. But then their injuries suddenly return when the plot needs them to.<br /><br />Finally, the CGI. If there is a hell, it consists of watching the fire in this movie. All they did for the forest fires is line the dirt paths with CGI fire. You can clearly see that the only CGI fire is along the paths, and all of the trees more than two feet from the path are left untouched. And then they zoom out and show the whole forest being engulfed in flames. It's hard to describe in words how ridiculous it looks, but I assure you that the ridiculousness is quite impressive.<br /><br />This movie is one of those so-bad-its-good types. There are some occasions where it descends into the painful-bad category, but for the most part it stays above the line and is laughably inept. I can't wait to check out the other Nature Unleashed movies that came in the four-pack with this one.",negative
<br /><br />Robot jox is a great little film ok some of the sets are bad and the acting is not that great but the special effects are very good for a film of this size and age. You have to remember that this film is over 10 years old now and was made very cheaply in the 1st place so you cant moan to much about the bad parts. So just sit back and watch a cool film with great big robots in it.,positive
"Emma is a horribly flawed film based on Jane Austens classic novel. I have not read the book so I really didn't know that much about the plot, and yet I still predicted nearly the entire plot. There were also many scenes that frustrated me because of the bad writing or directing. The film is though for some reason very entertaining and I loved it. Of course there were all the scenes I disliked but the majority was well acted and funny. Gwyneth Paltrow gives one of her best performances as the heroine in Emma. The film also stars Toni Collette(Who has okay but has been much better) Ewan Mecgreger(Who has also been better but he is still very good here) Alan Cumming(Who I have never really been impressed with and is pretty much the same here) and Jeremy Northam(Who's performance is rather wooden at first look but actually fairly subtle, even if that was not what it needed) There have been much better adaptations of Jane Austen books but this one is still very entertaining and worth watching.",positive
"I really really love this show! I have always liked the 1990's shows of Space Ghost! This show was hilarious and I can't believe why Cartoon Network's Adult Swim would take such a funny show like this off the air. I hope they put this show on DVD or something. The show is about Brak (from the Space Ghost cartoons, SGCC and Cartoon Planet) who lives his every day life with his Mom and Dad and his best friend who likes to drop in a lot, Zorak! My favorite episodes were the one where Zorak gets this really good singing voice and then his voice doesn't give him any money that Zorak made from singing at all. Another episode I like is the one where Brak and Zorak didn't finish their homework and then they go back from Sunday to Friday and they just goof off and then they go back to the day homework was invented and then when they go back to the present homework didn't exist! Another episode I like is the one where Brak's Dad and their next door neighbor, Thundercleese the Robot keep getting into this agrument and then they get eaten by a giant worm. Another episode I liked was the one where Zorak makes a bully stand and then some new guy took over his stand. I also like a lot of the other episodes! One thing that never fails to make me laugh is when Zorak is getting beaten up, blasted and zapped!",positive
"This is an excellent movie with a stellar cast and some great acting. I never tire of watching it. I especially love the scene where Danny Glover's character and Kevin Kline's character namely Simon and Mack have brunch together. Kevin Kline is such a natural and it seems his mannerisms are effortless and one you would encounter often. SO its a very 'real' movie. <br /><br />One of the most powerful scenes in the movie however, is at the beginning of the movie when Simon arrives at the scene where Mack's car has broken down. The movie also has a strong message and is unlike the stereotypical message carrying movie where there's one person preaching his guts out to an audience. Instead the actors' emotions and situations deliver an impactive message that does best without the use of words. And lastly, Mary McDonell is brilliant as always.",positive
"This is the best Emma in existence in my opinion. Having seen the other version (1996) which is also good, and read the book, I think I can safely say with confidence that this is the true interpretation and is the most faithful to Jane Austen's masterpiece. The 1996 movie with G. Paltrow is good too, it's just that it's almost like a different story altogether. It's very light and fluffy, you don't see the darker edges of the characters and if you just want a pleasant movie, that one would do fine but the intricacies of some of the plot points, such as the Churchill/Fairfax entanglement is so much glossed over as to be virtually non-existent. But if you want the characters fleshed out a bit, more real and multidimensional, the 1996 TV version is the superior. Emma is a remarkable person, but she is flawed. Kate Beckinsale is masterful at showing the little quirks of the character. You see her look casually disgusted at some of the more simple conversation of Harriet Smith, yet she shows no remorse for having ruined Harriet's proposal until that action has the effect of ruining her own marital happiness at the ending. You see her narcissism and it mirrors Frank Churchill's in that they would do harm to others to achieve their own aims. For Emma, it was playing matchmaker and having a new friend to while away the time with after having suffered the loss of her governess to marriage. For Frank Churchill, it is securing the promise of the woman he loves while treating her and others abominably to keep the secret. In the book, she realizes all of this in a crushing awakening to all the blunders she has made. Both Kate Beckinsale and Gyneth Paltrow are convincing in their remorse but Paltrow's is more childlike and stagnant while Beckinsale's awakening is rather real and serious and you see the transition from child-like, selfish behavior to kind and thoughtful adult. Both versions are very good but I prefer this one.",positive
"What on earth has become of our dear Ramu? Is this the same man who made Sarkar, Satya, and Comapny? I refuse to believe so. If AAG was Ramu's most ambitious project, he has clearly jumped off the high cliff he has ascended by giving the industry some of the greatest works of all times. This movie is made to fall like a brick. I was cringing to leave the theater, but I was forced to sit because I wouldn't have been able to take my car out of the parking lot before others also left. Else, nothing would have made me sit beyond interval.<br /><br />This movie is nowhere close to Sholay. It doesn't even come near it within a mile. I believe Ramu surely loves The Godfather more than Sholay, since Sarkar was a classic piece of work. I read Ramu's interview a couple of days back, in which the interviewer said that Ramu doesn't sleep for more than 4 hours a day, that too not at a stretch. I completely agree with this now, as his lack of sleep has probably taken its toll on the movie.<br /><br />There is no power in the performance. Amitabh Bachchan doesn't even look scary. He looked more terrifying in the few posters and wallpapers I saw earlier. Ramu's favorite Nisha Kothari did a fantastic job in Sarkar because she didn't have many dialogs (in fact none if I remember clearly). She opened her mouth in this movie, and has found a place in history. The new guy playing Jai's role seems to have that brash look, but didn't manage Jai's role at all. I cant go on... Im sorry... my pain is too big for me to manage right now.<br /><br />I promised myself throughout the movie that I will watch the original Sholay once more just to see that it is still there.<br /><br />Bottom Line: Horrible movie. The media and critics are going to cook Ramu's goose. And just to remind all readers once more, I am one of the biggest Ramu fans, and even I cant spare him for this act.",negative
"An unexpected pleasure as I had heard nothing about this film.<br /><br />Shameful since it warrants having a wider audience.<br /><br />A wonderfully humane story with a social message gently told, although admittedly predictable in its resolution. Solidly acted by the principals. Beautifully photographed with muted colors floating against grey that captures the nostalgic tone of the film.<br /><br />My recent foray into Chinese film (Shower, The Road Home, Not One Less) has been an exciting one that I hope to continue exploring. China and its people is an amazing canvas for film-makers. ""The King of Masks"" can be highly recommended as a starting point for anyone similarly interested in recent Chinese film.<br /><br />",positive
"I may be a sentimentalist. But i found this movie truly moving. It was the first movie that reduced me to tears. And it did it more than once!! I recommend it to anyone both gay and str8. Religious or not! Supporting co-star Jackie Bisset stole the show, especially with her one liners. The nude scenes were superbly crafted as well, and all in were good taste. Most shocking was the portrayal of the orientation reversal deprogramming instituted by the Mormon church to the lead character. It shocked me that this still goes on in the world. Nevertheless I enjoyed this movie tremendously. This is definitely the best gay film since Torch Song Trilogy. And much better than the other gay movie offering that year - The Fluffer.",positive
"Over the years I've watched this movie many times from seeing it on ""HBO"" and I now own a copy on DVD. I must say it's very memorable and entertaining in the meantime it's interesting and educational too. As any TV fan can relate to the time of the early 90's when the time came up to replace Johhny Carson the TV living legend of ""The Tonight Show"" who's it gonna be Jay or Dave? This original film from HBO ""The Late Shift"" stays true to form and depicts the real events very well showing the behind the scenes battle between networks heads of NBC and CBS and even ABC they were all fighting for the services of Jay and Dave. The acting makes it seem real as very little actual TV footage is shown with real life people as the actors portraying Leno and Letterman make it seem so real. I haven't read the Bill Carter book so I don't know if it stayed true to the pages, but I have highly enjoyed this film over the years. From the moment when it starts showing CBS entertainment heads watching Leno sub for Johhny and they decide they want to get in on the late night game. Yet when Carson announces his unexpected retirement NBC wants to stay loyal with Leno yet conflict arrives when Letterman wants a crack at the slot at 11:30 too. It was fun to watch the wacky meeting with Michael Ovitz(Treat Williams)who makes all networks want to consider Letterman for a show. It was interesting to see the scene of Johhny telling Letterman by phone in a direct way to walk from NBC and consider CBS. And by the way Rich Little was terrific as Johhny Carson his portrayal couldn't be matched. And plenty of tense moments were provided by showing the bickering and firing of Leno's talent manager Helen which NBC heads pressured him to do. Overall great film that showed what TV is really like and it proves that networks are power and money hungry while showing that's it's a cutthroat business. Clearly there's no business like show business. Great work from HBO very memorable and a watch anytime it showed the true story of the late night wars.",positive
"This movie is full of pseudo deep thoughtfulness and it's cloying in its writerly-ness, that includes a canned ham voice-over and some unbelievable dialogue. Dialogue that is tinny and tone deaf the way Spike sometimes (not always) is when writing ""certain"" characters. For those that like nonsense films like Pieces of April and One Hour Photo, this is another one for you.<br /><br />That said, this comment is nothing against Ryan Gosling who has shown his awesome chops in The Believer. A film that proves that movies are a director's medium, and when a movie is rotten it's fair to say the fault lies there and not in the actors.",negative
"When I first watched this show on Cartoon Network, I found it uninteresting. Then I read a lot of good messages about this show, and I decided to watch it. The show was so boring. Each episode was predictable. More, this show has no logic. Hypersmart girls, who are going to school and sometimes do such stupid things, 99% of episodes start with a Monster attacking Townswille, then Mayor (he is a real fool, he is NOT funny, he is so stupid, that I can't imagine how he became a Mayor). Professor, yes, supposed to be the smartest person in this show, but actually... He even found no difference between monster and his brother. Narrator's comments also make this show boring. Because they also have similar lines in the beginning of each episode and in the ending. Also the animation is very strange. Everything except main heroes is shown in an ugly way. Also in every epsode this show is giving you some life-lessons, and it means that it is oriented on little children, but if you look closer, you will see, that there is a lot of violence and even blood(!!!) during their battles.",negative
"This is the only movie that my wife and I have ever walked out on. Totally sucked. We saw it in Omaha even. Not funny at all, looks like a 14 year old kid wrote the humor. I can't believe these real politicians were actually in the movie. awful.",negative
"I'm not sure what version of the film I saw, but it was very entertaining.<br /><br />I did not know who the ""Twins"" were (Gillian Chung and Charlene Choi) before seeing this movie and I think the English translation of the title is somewhat misleading.<br /><br />The martial arts are very nicely done. I especially liked them, because there was a lot of judo/grappling that was filmed very nicely. Donnie Yen (see him in Hero, great performance) as a director is great as he knows how to shoot these scenes.<br /><br />Everything seemed to flow for me, except there is one scene where the girls are on the rooftop fighting with bamboo poles. It has really nothing to do with the plot, but it's still entertaining.<br /><br />Overall, this is one of the better (modern) HK action flicks I've seen in a while. Although cheesy in some respects, it still pulls it off.<br /><br />Definitely a 9/10",positive
"This movie has got to be one of the worst I have ever seen make it to DVD!!! The story line might have clicked if the film had more funding and writers that would have cut the nonsense and sickly scenes that I highly caution parents on.... But the story line is like a loose cannon. If there was such a thing as a drive thru movie maker-this one would have sprung from that.It reminded me a lot of the quickie films that were put out in the 1960's, poor script writing and filming. <br /><br />The only sensible characters in the whole movie was the bartender and beaver. The rest of the film, could have easily been made by middle school children. I give this film a rating of 1 as it is truly awful and left my entire family with a sense of being cheated. My advice-Don't Watch It!!!",negative
"As hard as it is for me to believe, with all of the awful reality shows out there over the past few years, this one has to take over the top spot for worst one yet. I am still wondering if this was actually just a spoof done by the SCTV gang. If Andy Kaufmann were still alive I'd be sure he was behind this. Can a rock band stoop any lower than has INXS to do such a shameful thing as this? The premise is simple and moronic. Audition a bunch of karaoke rejects to become the new lead singer of INXS, to take the place of Michael Hutchence (who committed suicide in 1997). Eight years and no hits later, the band commit the ultimate act of patheticness by subjecting themselves to auditioning a bunch of talentless wannabes to be the new lead singer of a band that is 20 years past its prime. So they trot all of these awful singers (I thought American Idol had its share of doozies) who do atrocious renditions of just about every classic (and predictable) rock song imaginable. And then they cut to the INXS band members who are seriously discussing the merits of each of these candidates. You could see better (and more original) rock performers at just about any night club in any city in the world.<br /><br />It has all the usual uncreative elements of every other reality show. Lame reality participants, lame interviews, lame host/emcee, lame ""judging"" of performances, and the lame booting of one participant at the end of each show. Can these shows get any more predictable? It's clearly a publicity stunt on the part of the band; a last gasp of hope at rekindling their lost stardom before they are finally buried into oblivion. Michael Hutchence, if he had any shred of dignity when alive, has to be rolling over in his grave. Not that INXS were ever a great band, but I had no idea they were this pathetic. If INXS are at all representative of what rock and roll has become, this show would be the final proof that rock and roll is once and for all, dead.",negative
"Now we know where they got the idea of Snakes on a Plane. To put it bluntly, do not pay to see this movie. If you really want to waste 90 minutes of your life, then either catch it on cable, or get it as a free pick from NetFlix or Blockbuster. Do not pay to rent this. If you do pay to rent this, then you are one stupid individual. The acting was awful, the plot was awful, everything was awful except for the snakes. Whether they were real or CGI generated, they did look pretty good. But that being said, still this movie has to be one of the worst movies I have ever seen. Even the nude dancing scene was pretty bad that I actually fast forwarded through that. Don't sat I did not warn you.",negative
"Black Candles is rather a muddled mess from the same director that brought us ""Vampyres"" and much later, ""Rest in Pieces"", among others..I'm only noting the ones I've seen. At any rate, we have a couple making love and then somewhere near by a pin is poised over a voodoo doll and then pierces it, and the man keels over. Not sure if it was good for either of them, at that point. Fast forward to where the man's sister has come to the house to investigate and hear the reading of the will, or something to that effect, and of course everybody else except her is in on something, which happens to be devil worship. It's really hard to say who is who at moments during the movie and it does get a bit confusing at times. To spice things up though, there's a simulated bestiality scene (I HOPE it's simulated) with a black goat, sure to be a crowd pleaser. Ugh. At times this echoes ""Rosemary's Baby"", minus the baby, because the hostess is always giving one woman herbal tea and the place reeks of whatever nasty Satanic herbs these are too, because that keeps getting remarked upon. However, the herbs aren't the only thing that reeks about this film. The end seems to be back to the beginning again, and many viewers might find themselves wondering where they've been during the middle part. It's not unwatchable, it's just not very good, and I guess it all depends on what you like to see in films, and there wasn't much here that did anything much for me. 3 out of 10.",negative
"This has to be one of the most beautiful, moving, thought provoking films around. It's good family entertainment and at the same time makes you think very hard about the issues involved. Every time I see the ""ghost of Zac riding the bike through the puddle at the end I can't help but cry my eyes out. John Thaw's performance is so touching and it is a shame he is no longer with us. Gone but not forgotten. A outstanding film. Full marks.",positive
"How can anyone argue the fact that Urban Cowboy was, and still is, the best document of Texas life for the time period. Consider the following: men beat their wives, get drunk at bars nightly, get married to settle a fight, commit adultery, and compete on mechanical bulls. Try and name a movie that depicts real life so vividly. They dont make them anymore. It seems current films are always about people with lots of money, they live in huge homes, drive expensive cars and don't work. This movie has a celebration scene about getting a trailer for pete's sake !<br /><br />Anyway, I watch it at least once a week. No kidding. I have dissected this movie from end to end. feel free to email me to learn more about my reason for calling it a documentary. Consider the following scenes: Bud sees Sissy - they are split up - he amicably honks and waves, she flips him the bird - he returns half the peace sign honking his horn to add impact then tears off.<br /><br />Buds mom calls him approx. 18 hours after he gets into town, on a Sunday, to see if he has a job yet - all he has accomplished is getting drunk and laid(x2), with help from his uncle and aunt who cover for him.<br /><br />""You all live like pigs"" Think about why this scene is needed. Think about it. Was it necessary ? Could we not figure it out without showing the filthy sink ? God I love that !<br /><br />Sissy allows Wes to help her ride the bull. Only a few days (or possibly the next day) after Wes just kicked the crap out of her husband. Steve asks - Hey Sissy, remember Wes ? Oh yeah, didnt you beat my husband up the other night, so let's get this lesson goin', to make no mention of the fact that she seeks solace in him later during one Bud and Sissy's many fights, which by the way all take place in public - in Gilley's !<br /><br />The Wedding reception picture taking session (oh the humanity !) could they at least arrange or move the chairs out of the way. ""My legs are sweatin' momma""<br /><br />In conclusion, you don't put scenes like this in a movie to try and show insight into human psychology. It is a documentary of real life.<br /><br />I only wish there was a director's cut....",positive
"This movie could have had a lot of potential. Certainly with today's technology, one would expect real special effects. But movies are not made with special effects alone, of course acting is needed. This film lacked both!<br /><br />First, let me say to those who are upset with this not following the bible: why can't a movie take artistic license? If you want to know about the story of Moses, read the bible. I have seen very few movies that follow a true story fact by fact. Look at of movie from its artistic quailities.<br /><br />In viewing this movie, you will inevitably compare it to the 1956 version. It fails miserably in that. Heston and Brenner had PRESENCE. They became their roles. You don't see this here.<br /><br />Even if you don't compare, standing on it's own, this movie to too rushed. Parts where a scene should be developed, it does not. It becomes boring.<br /><br />My advice: skip this and watch the other. As campy as the other is, it's far and away the better movie.",negative
"Blue ribbon banners, stars and stripes forever, decorated generals, and unconditional surrender from the enemies which required tons and tons of radiation, this was the summon substance of the United States victory in World War II!! The celebration on Times Square as well as everywhere else in the United States suggests a national zenith!!! America is on top right!! one thing, one agonizing and painstakingly perverse thing..The period of adjustment!!..The actual celebration ended when the bottle of champagne was finished..Now everyone needs to get on with their lives...only one problem though...they have to get new lives...the old lives are gone forever...Polite and pleasant smiles had a fragile facade with a longevity of ice cubes in boiling water!! Everyone of the characters in the movie is paraded by primal doubts, and unable to masquerade a pretense about how nothing was seriously wrong, for the simple reason that it was not true!!! Once sergeants, and generals, and their wives, and daughters, and sons and virtually all other Americans touched by World War II, were exposed to disabilities, nightmares and recriminations of World War II and what it really accomplished as well as negated, nobody was the same!! For now, social and moral issues had a self serving interest...Frederick March and Myrna Loy had to start over!! Dana Andrews realized that he should never have been married to Virginia Mayo in the first place!!! Theresa Wright has become painfully aware of the fact that she is constructively selfish!! Las but not least, the character, Homer, is about to get married and he thinks that everyone around him is as devastated by his injury as he is, basically in the sense that they are unable or unwilling to cope!!<br /><br />The reason this film is so fabulous is because a happy ending was attained the hard way, once everybody recognized the new beginning of the new United States and the new world overall, tragedy from WWII was recognized, and things that were emotionally torn asunder were taken in stride, and dealt with accordingly!! Frederick March and Myrna Loy need to go back to chapter one in their marriage, Homer has apprised his new bride as to what it takes to be married to him (i.e. half the times, she will feel like a nurse) and Thresa Wright's involvement with Dana Andrews means that her entrance into adulthood has resulted in partial responsibility for breaking up a marriage...This is tantamount to learning how to drive a car to get your driver's license at the Indianapolis 500...The characters in the movie are the typical post WWII Americans in that they are stalemated by the rude awakening of coercive changes to their lives...Happiness no longer is afforded the luxury of the adjective cop-aesthetic...it is now about formidable conditions, and good winning out over evil by way of the less ugly choice!!...World War II did not just happen!! It will henceforth dominate the social patterns of American living!!!<br /><br />The aggregate catastrophe of World War II has mirrored most Americans' feelings of personal human inadequacy as well!!I loved this film and so did AFI, probably for the reason that it brought out issues that were at one time unjustifiably taboo!!..Bottom line, see this movie!! Nightmares about combat, dilemmas about marital unhappiness and/or readjustment, coping with your life when stricken-ed by a disability and just basically acting human are portrayed constantly in movies and television today, HOWEVER!! this is 1946!! Very new to Americans then....REMEMBER THAT!! Director William Wyler has illustrated how Americans feel about the aftermath of WWII in the days when the movie industry has left him with one hand tied behind his back!!! Take that into account and you will probably realize just how sensational this movie really was!!",positive
"I like bad films, but this thing is a steaming heap. From the shaky cameramen to the horrible sound and devastating acting, don't waste a second on this pile. Fifth graders could have made a better film and first graders could have written a better script. Want a real synopsis? Ugly chicks in neon bikinis dancing for way too long. A disjointed plot made worse by hideous acting. The on-location sets weren't even passable. The church scenes take place in a dance studio, and oh yeah - what's with the two tap-dance numbers that come up out of the blue?<br /><br />Oh, and the total number of naked breasts, which couldn't have even saved this film - 0. Add this one to the trash heap.",negative
"This is just a long advertisement for the movie ""The Death Tunnel"". Although it is an interesting history of the Waverly Hills Sanatorium, the whole ghost theory is up to your interpretation. More ""Ghost Orbs"" which you can duplicate with dust in front of a flash camera, and the ""Ectoplasmic Mist"" is just someone's cigarette smoke lit up with the camera flash. I couldn't see any ""Shadow People"" until they drew an outline around the blurry distortion of the image. No scientific explanations were suggested for the phenomena, only paranormal. Perhaps these are only events one would have to see to believe, so be sure to make plans to visit the Sanatorium on your next vacation in Louisville, Kentucky.",negative
"It is so nice to see Bruce Willis come down off his action throne and let us see that he really is a talented actor. He shines in this film as the near-40-year-old image consultant who has totally lost touch with his inner child--until he meets him face to face. This is one of those rare films that doesn't talk down to its audience and truly offers something for the WHOLE family. It is about caring for each other, keeping some of the child inside you, and realizing that you don't grow up exactly the way you thought you would. Willis seems to be building an impressive track record for working with kids (just witness ""The Sixth Sense"" with Haley Joel Osment), and he has great chemistry with Spencer Breslin here. There is some nice photography and music, and the ending is wonderful and uplifting. A great film to see with EVERY member of your family.",positive
"I saw Insomniac's Nightmare not to long ago for the first time and I have to say, I really found it to be quite good. If you are a fan of Dominic Monaghan you will love it. The hole movie takes place inside his mind -or does it? The acting from everyone else is a little rushed and shaky and some of the scenes could be cut down but it works out in the end. The extras on the DVD are just as great as the film, if not greater for those Dom fans. It has tons of candid moments from the set, outtakes and a great interview with the director. Anyone who has gone through making an independent film will love to watch Tess (the director), Dom and everyone else on the very small close personal set try to bang out this little trippy creepy film. It was pretty enjoyable and I'm glad to have it in my collection.",positive
"THHE2 is entertaining in that you'll laugh a lot and cringe and probably say ""oh sh*t!"" and ""get your face away from the goddamn hole you dumb**s"" or things along those lines but I don't know if its really worth seeing- I was very annoyed throughout the entirety with the horrible military characters who don't seem to know the first thing about combat.<br /><br />Yes there was more violence, gore, and a higher body count than the first one but I am still am debating whether that cancels out my feeling throughout the whole movie about how ridiculous it is (and not a good ridiculousness like Dead Alive or Feast). My time would have been better spent watching Aja's remake for the 5th time.<br /><br />So go for some laughs, or go for some gore, but don't go hoping to come out of it satisfied.",negative
"In the opening scenes of this movie a man shot arrows through his hotel room into another man's bathroom and blew out all the lights. This must have been very hep for 1936, but rather way way out and had nothing to do with the film, Robin Hood did not make an appearance as far as I could see. However, Bette Davis(Daisey Appleby),""The Whales of August"",'87 was very young and attractive and performed one of her best roles in a long career in Hollywood. Daisey never stopped teasing or being very sexy with her nightgowns and so called swim suit on her yacht with George Brent(Johnny Jones),""The Spiral Staircase"",'46. Daisey even proposed marriage to Johnny in a Ferris Wheel upside down and even got a black eye. Davis and Brent made a great couple, one suppose to be very rich and the other a very poor reporter. Off stage, Davis and Brent were having a real torrid love affair, which is good reason why there was sparks when these two appeared in this film. If you liked Bette Davis and George Brent, this is the film for you!",positive
"Another brilliant portrayal by Kiefer Sutherland who plays Mickey Hayden, a cop dealing with psychic visions of murdered victims. I absolutely love movies dealing with the psychic realm, and I wasn't disappointed with ""Eye of the Killer"" (AKA After Alice). I only wish the movie had been released theatrical first.",positive
"When one considers that Carson McCullers is one of the foremost literary figures of the 20th century, it seems that it needs a very great lack of talent to be able to ruin one of her stories, but this movie shows it can be done! How do actors ingratiate their way to becoming directors? Wooden, unatmospheric, unsympathetic, totally out of sync with the poetic compassion of McCullers' writing, my jaw dropped with horror and disbelief that such a mish-mash of a movie could ever have found finance and backers. The only redeeming features are some moderately good acting, (although that said, Vanessa Redgrave seems to permanently render much the same performance whatever character she plays), and some good cinematography in places, but otherwise it is a bitter, bitter disappointment, and it could, and indeed should, have been a contemporary masterpiece. Simon Callow should hang his head in shame and stick to acting!",negative
"Originally aired as an ABC Movie of the Week. This involves two young innocent female college students who are railroaded into a prison camp in a little Southern town. They aren't allowed phone calls and nobody knows they're there. What follows is rape, torture, beatings, humiliation and degradation leading to a very disturbing conclusion.<br /><br />The TV version was (for its time) grim. No nudity and the beatings were pretty tame but the overall feeling of sleaziness wore one down. The unrated version is even worse--there's plentiful nudity, the violence is extreme and, in one particularly disgusting sequence, we see a crying female prisoner forced to strip while a lesbian guard ""uses"" her. YUCK! There's nothing wrong with exploitation films but this one just goes over the brink. You get the feeling that the filmmakers enjoy having these poor women being tortured and degraded--all this is shoved in your face like you're supposed to enjoy it. The needlessly downbeat ending doesn't help.<br /><br />I'm giving it a 3 because the acting is good--but that actually makes the movie harder to watch. A sick, sleazy film. Not recommended.",negative
"We're a long way from LAURA. Once again Otto Preminger directs, Dana Andrews stars as a police detective named Mark, and Gene Tierney is the beautiful woman who haunts him, but nothing else about WHERE THE SIDEWALK ENDS resembles everyone's favorite sophisticated murder mystery. Instead of deliciously quotable dialogue we get gritty, harrowing realism. While the earlier film took place in the ritzy upper echelons of New York society, here we're in the low-rent district of dark streets, hoodlums, cheap restaurants and crummy flats. Tierney, gorgeous as ever, now works as a department-store mannequin and lives in Washington Heights (the neighborhood of the ""doll"" who once got a fox fur out of LAURA's Mark McPherson). This time Andrews is Mark Dixon, an older, sadder, more troubled version of the cool cop in a trench coat. <br /><br />WHERE THE SIDEWALK ENDS belongs to a sub-genre of noir, movies about police brutality focusing on cops who can't control their violent impulses. Like Kirk Douglas's character in DETECTIVE STORY, Dixon owes his seething contempt for crooks to his father's criminal past. Where Douglas is self-righteous and blind to his own faults, Andrews is burdened by repressed guilt and self-loathing. He accidentally kills a suspect and covers up his actions with an attempt to throw suspicion on a slimy gangster (Gary Merrill) whom he has been vainly pursuing for years. Instead, a kindly cab driver is suspected because he's the father of the dead man's estranged and mistreated wife Morgan (Gene Tierney). Dixon, falling in love with the wife of the man he killed, tries desperately to save her father without giving himself away. <br /><br />Among noir protagonists, Dana Andrews had this distinction: he was incapable of appearing unintelligent. Even when playing an average Joe, as he usually did, he always comes across as unusually sensitive and perceptive; more than that, his air of being too thoughtful for his own comfort gives him that haunted--and haunting--quality that was his essence as an actor. He played ordinary guys, cops and soldiers, but always with a tragic undercurrent of seeing and knowing too much. His conscientious heroes are marked by exhaustion, guilt, the inability ever to ""lighten up."" No other actor could have expressed so well the bottled-up anger, the slow-burning pain, the agonized intelligence of Mark Dixon. He also has a muted tenderness, a muffled warmth and even wry humor that make him heartbreaking. This comes out when he takes Morgan to a restaurant where he's a regular, and for the first time we see this cold, brutal man trading mock insults with the waitress, whose sarcasm can't hide her affection and concern for him. When Dixon asks his partner for money to get a lawyer for Morgan's father, he supplies it even though they recently argued and Dixon threw a punch at him. There are no words about loyalty or knowing he's a good guy deep down, but we see it all in the man's anguished silence and his wife's resignation as she hands over some jewelry to pawn. Dixon's goodness comes across through other people's reactions to him as much as through Andrews's deeply moving performance. <br /><br />Though Dana Andrews was a minor star, he may be the quintessential forties man. He goes through some movies hardly ever taking off his overcoat; with that boxy, mid-century silhouette, further fortified by the fedora, the glass of bourbon, the cigarette he doesn't take out of his mouth when he talks, he looks imprisoned in the masculine ideal of toughness and impassivity. While many noirs romanticize the two-fisted tough guy, WHERE THE SIDEWALK ENDS offers an unflinching portrait of the reality behind the façade, a gripping and melancholy exploration of the roots and consequences of violence.<br /><br />Andrews was sadly underrated in his own time (he was the only one of the three protagonists in THE BEST YEARS OF OUR LIVES not nominated for an Academy Award, though his low-key performance is far more compelling than Frederic March's hammy, Oscar-winning drunk). Fortunately, Andrews appeared in some films that ensured his immortality, and now at last this little-known film, which contains his best performance, can be seen as part of the marvelous Fox Film Noir set. This series, including a number of never before released titles (such as NIGHTMARE ALLEY and THIEVES' HIGHWAY), suggests that Twentieth-Century-Fox may have had the finest record of all the major studios when it came to film noir.",positive
"With all this stuff going down at the moment with MJ i've started listening to his music, watching the odd documentary here and there, watched The Wiz and watched Moonwalker again. Maybe i just want to get a certain insight into this guy who i thought was really cool in the eighties just to maybe make up my mind whether he is guilty or innocent. Moonwalker is part biography, part feature film which i remember going to see at the cinema when it was originally released. Some of it has subtle messages about MJ's feeling towards the press and also the obvious message of drugs are bad m'kay.<br /><br />Visually impressive but of course this is all about Michael Jackson so unless you remotely like MJ in anyway then you are going to hate this and find it boring. Some may call MJ an egotist for consenting to the making of this movie BUT MJ and most of his fans would say that he made it for the fans which if true is really nice of him.<br /><br />The actual feature film bit when it finally starts is only on for 20 minutes or so excluding the Smooth Criminal sequence and Joe Pesci is convincing as a psychopathic all powerful drug lord. Why he wants MJ dead so bad is beyond me. Because MJ overheard his plans? Nah, Joe Pesci's character ranted that he wanted people to know it is he who is supplying drugs etc so i dunno, maybe he just hates MJ's music.<br /><br />Lots of cool things in this like MJ turning into a car and a robot and the whole Speed Demon sequence. Also, the director must have had the patience of a saint when it came to filming the kiddy Bad sequence as usually directors hate working with one kid let alone a whole bunch of them performing a complex dance scene.<br /><br />Bottom line, this movie is for people who like MJ on one level or another (which i think is most people). If not, then stay away. It does try and give off a wholesome message and ironically MJ's bestest buddy in this movie is a girl! Michael Jackson is truly one of the most talented people ever to grace this planet but is he guilty? Well, with all the attention i've gave this subject....hmmm well i don't know because people can be different behind closed doors, i know this for a fact. He is either an extremely nice but stupid guy or one of the most sickest liars. I hope he is not the latter.",positive
"Okay, I absolutely LOVE Ben Stiller, although I am lukewarm about Jennifer Aniston. I do not think this girl can act in the least. Every movie or sitcom I've seen her in is very hard to get past her fake acting. It sounds like she is just standing there reading right off the script. This movie only had one good thing about it, and that's that Ben Stiller was in it. This plot is so used and abused it's ridiculous. How many movies have this same type of plot?? Can we say ""Forces of Nature??"" Not only is the plot so old, but the outcome is so predictable, it's boring. I knew everything that was going to happen before it did. It was a bore, but watching Stiller is always a delight!!!",negative
"If you want to be cynical and pedantic you could point out that the opening where a RAF Lancaster bomber is mortally wounded on the 2nd of May 1945 is somewhat unlikely since German air defences were as lively as Adolph Hitler on that day but this isn't a movie that should be viewed by a cynical audience and I guess a character being killed in literally the last hours of the war adds to the poignancy . In fact you'd have to have survived the second world war to fully appreciate the intellect , beauty and soul of Powell and Pressburger's masterpiece . The scenes of heaven are painfully twee when viewed today ? Again you have to view the movie of the context when it was made . RAF bomber command lost 58,000 men during the war , the same number that America lost in 'Nam but during a shorter period and a far , far smaller pool of active combatants , there's no atheists in a fox hole and I doubt if you'd lost a relative during the conflict you'd view material atheism as being a sensible thing . When Richar Attenborough's young pilot looks down in awe at the sight below him many war heroes must have openly wept at this scene as they remembered much missed comrades who didn't survive the war . Also bare in mind that despite losing several million people from 1939-45 there seems to be very few people from Germany passing through the pearly gates . it's obvious Nazis don't go to heaven <br /><br />The plot itself where dashing young pilot Peter Carter arguing for his life in front of a celestial court wouldn't have had much appeal to me if it wasn't for the subtext , you see A MATTER OR LIFE AND DEATH is a highly political and visionary film that laments the end of the British empire as it's replaced by American ambitions . There's little things that show up the film as being made by people aware of American history and culture . One is the ethnic mix of America , even today many Britons think that the USA is overwhelmingly composed of White Anglo Saxon Protestants when in fact only 51% of Americans are "" White European "" . The film rightly contains a scene where a multitude of different races confess "" I am an American "" as Peter is judged by Abraham Farlan , an Anglophobe who was the first revolutionary killed by British forces in The American War Of Independence . As for the "" special relationship "" between Britain and America - What special relationship ? Powell and Pressburger know their history when it comes to Britain and America . They obviously know their future too <br /><br />So remember to watch this movie with some of your mind in the past and some of your mind in the present . It's strange , beautiful , poignant and clever but most of all it's a film that would never ever work if it were made in the last 40 years . Can you imagine if the story was set in 2003 and revolved around a British soldier killed in Iraq ?",positive
"I always enjoy seeing movies that make you think, and don't just drip-feed the answers to their audience. ""Revolver"" is one of these films, and although many reviewers have stated that it is difficult to follow, with a bit of concentration and an open mind I got it. First time. True, it doesn't compare to other mind-mucks like ""The Usual Suspects"" or ""Memento"", but in its own right its an intelligent and thought-provoking film. <br /><br />Another thing I really liked about this film is how damn beautiful it is. Every scene, every camera angle seems to have been thought about for ages. If you see it you'll know what I mean.<br /><br />So, to conclude... watch it with an open mind and you may enjoy it. If not, well, no-one ever said ""Revolver"" is for everyone. And that's my 2 cents.",positive
"A comparison between this movie and 'The Last Detail' is made by some, but 'Chasers' is flatter than a stretch of Interstate highway in west Texas. And like the scenery in the desert, there's nothing much to distinguish it, not even the fact that a female prisoner is being transported by two navy escorts this time around. No one in the cast comes off too well; with this lame script that's not surprising. Dennis Hopper, the director, won't give much space to this one if he ever writes a memoir, I don't think.",negative
"Well, EYEboy, I must say that it pleases me to no end when someone singles me out and tries to make fun of me, especially when it is someone who seems as intelligent as you do. My favorite part of your post was ""But no big bang-bang good-guy bad-guy here, kimosabe. Me suggest you stick to movie with lotsa bang bang.""<br /><br />Well said! I do like action movies, especially if they are well done, but I also like movies that don't have a whole lot of action, as long as THEY are well done. I'm sorry, but Secret's and Lies does not fit into that category and is simply a very bad movie. I really don't see very many non-American films, so maybe I was spoiled, and didn't realize how bad foreign films really were when I saw Secrets and Lies. Perhaps if I judge foreign movies by a different standard I could some day see how Secrets and Lies could possibly be one of the highest rated movies on the IMDB. Hmm... If true, that is very scary.<br /><br />Jeremy Barger bits@midohio.net(new e-mail)",negative
"Highly flawed but just about watchable `comedy' that runs like a Farrelly brothers reject. The most criminal thing about it though is the casting. I couldn't for one minute believe Jerry O Connell and Jake Busey in the role of superstuds, who could pull any woman at the drop of a hat, nor could I believe (the very beautiful) Shannon Elizabeth as a streetwise tough cop!. Story is predictable but does manage to raise a titter on a few occasions, although, the `gross out', meant to be `shock comic' scenes, (one involving an amputated testicle, and another set in a sperm bank) are just plain awful. If this film is on TV then its probably worth watching if you are extremely bored, but please don't waste your money renting it!!",negative
"Ringmaster, Jerry Springer's pathetic excuse for wasting film that should be recycled as toilet paper recently destroyed my confidence in the art of film. First of all, it was made. Second of all, people went to see it. Third, some people voted it the best movie they have ever seen. If a monkey could make a movie, i'm 100 percent sure that it would be 1 billion times as good. Most crappy movies have their moments, (even Godzilla had a few cool special effects) this film's moment was when I left the theater nauseated. The only thing that possibly could've made this movie any worse would be if Jerry Springer was the star. If I want to stare at crap for an hour and a half, i'll take a dump in a can. If anyone didn't utterly despise this movie, I pity you, and your children, and your children's children's children; however, contrary to Springer's beliefs, I clearly don't condone children having sex.",negative
"... mainly because Ju-on 2 boasts an outrageous FORTY minutes' worth of material literally taken straight out of the first Ju-on - and when you consider that the sequel only runs for 76 minutes, that leaves you with 36 original minutes' worth of film. Ho-hum. I found that deeply irritating - as if viewers simply wouldn't remember the same stuff! - not to mention dull, having to watch it all over again.<br /><br />OK, that complaint aside, the byline for Ju-on 2 was that it was supposed to explain a lot of the unanswered questions from the first movie, which frankly, over 36 minutes, simply doesn't go far enough to making any kind of sense of the original's highly convoluted storyline.<br /><br />There are, however, some really nice new horror sequences which show how good the film might have been, had it had some time to develop; and some of the questions raised by the original - some, but not all - are answered.<br /><br />So in conclusion - if you loved the first original movie and want to see some further developments on the story, go for it - but just remember to keep your remote control to hand with your finger on the fast-forward button for forty minutes.",negative
"I was dragged to this movie about four years ago by a French actress friend of mine.<br /><br />For the first half hour I was sitting in my uncomfortable seat at the New Beverly theater in Hollywood, hating this film, hating myself and even hating the French actress. And then...<br /><br />I don't know what happened but I was pulled into the film in a way that I hadn't been in years. And this was despite the fact that one of the projectors broke and they had to do each changeover by hand. I was in the theater for close to four hours, but it was worth it. <br /><br />I believe that great movies pull you inside a world, make you a part of it and then drop you off to talk about with your friends over coffee or a drink. This film did that. It was one of the best filmgoing experiences I have ever had.<br /><br /> <br /><br />",positive
"This was a highly original decent movie, and a brave move for all those involved. I don't care if it's not the most well put-together movie of all time, the fact that it has Eddie Murphy doing something non-formulaic, and that I don't know what will happen next, makes it a favorite of mine. I wish more movies were as imaginative as this one, rather than the same old formula for entertainment.",positive
"Soldier isn't a great movie, and everyone that hated it has plenty of good reasons. But I liked Soldier alot, partly because my expectations were so low that what I saw surprised me.<br /><br />First, the art direction is tight and well executed. As far as science fiction backdrops go, Soldier was doing things with more design then 90% the genre. The sets, costumes and props were all consistent and competently executed; I didn't love all of their future military style, but I was impressed with the effort. For me, this made the movie worth the time it took to watch.<br /><br />Second, I'm a Kurt Russell fan. I grew up watching this guy in some of the most memorable movies of my youth ... The Barefoot Executive and his John Carpenter films. Soldier is essentially an action movie, and the role of Sergeant Todd is an essential action hero. It's not an award winning role, but Kurt musters up convincing emotion with VERY little dialog.<br /><br />Third, the fight scenes and battles are well choreographed. This isn't iron monkey, or even the matrix, but once again, it far exceeds the average level of quality in the genre.<br /><br />If you haven't seen it, and you like sci-fi action films, pick it up if you pass at your rental depot of choice. Just don't expect the next Bladerunner.",positive
"An Insomniac's Nightmare is the story of a man's plunge into insanity. Having chronic Insomnia, Jack is plagued by hallucinations; causing him to try and determine what is real and what isn't.<br /><br />We find out interesting things about Jack near the end, and think that by the time the movie is over we will have a ""happily ever after"" Hollywood ending. Wrong. This is New York City, the place where nobody sleeps.<br /><br />Tess Nanavati (Writer and Director) has herself a good film in 'An Insomniac's Nightmare'. A talented filmmaker and writer (she made this film right after her High School Graduation), she has real potential and will be one to watch in the upcoming future.<br /><br />As I watched this short film I was constantly uncomfortable; between the music, bleak scenery, and realistic portrayal of an insomniac by Dominic Monaghan (as Jack), I desperately wanted to turn this off at times just to escape from it.",positive
"Great movie. I was laughing all time through. Why? Well, I am from Austria, I can get along with the German (Bavarian) kind of humor. So I guess this movie makes only sense watching when you are German native speaker. Stefan and Erkan both are talking in a new kind of turkish-german accent, which became really popular in our Countries (GER & AUT). But of course they are very stupid. As in every comedy your personal humor will decide, whether thumb up or down.",positive
"I was prepared for a bad movie, and a bad movie it is, so I guess I shouldn't complain. Twentysomething Tom (gay poster boy Robert Stadlober) has so many issues he doesn't know if he's coming or going. I wouldn't have stayed but for the pretty girls: Serious Mavie (Anna Brüggemann); no-nonsense Angie (Emma Daubas); Sarah Baumann as the star of the movie within the movie. And then there's Tom's soul mate, wild-eyed Margarete (Jana Pallaske). She reminds me of Béatrice Dalle and Gina Gershon. If you've got to remember, these are fine memories. She looks good even in the most ridiculous outfits, and I mean ridiculous, even by Berlin standards. I wonder whether I'd have liked this movie when I was the characters' age. My guess is I wouldn't. Watch out for indie idols Oli Schulz and Max Schröder of ""Der Hund Marie"" performing as street musicians, feeling no pain.",negative
"Only Connery could bring that particular style with a line like that Fatima crashes into Bond's arms when she water-skis up to the super agent in Nassau and apologizes, 'Oh, how reckless of me. I made you all wet.' The super agent replies, 'Yes, but my martini is still dry.'<br /><br />Barbara Carrera makes a great villain, stealing the show as SPECTRE executioner Fatima Blush Fatima is number 12 in the SPECTRE chain of command, and is a gorgeous assassin who takes intense sensations of pleasure in killing <br /><br />Fatima assumes all the deadly characteristics of Fiona, proving to be one of Bond's toughest adversaries She is a victim of her vanity She's good at what she does, and wants the world to know it But her vanity is her downfall Using every possible approach to eliminate 007, Fatima is a wild and cunning woman who makes love to the man she is about to kill <br /><br />Austrian actor Klaus-María Brandauer (Largo) does not make a very formidable opponent for 007 Referred to as number one in the SPECTRE chain of command, Largo resides in the Bahamas, and travels aboard his super yacht, the Flying Saucer <br /><br />Max Von Sydow becomes the fourth actor to appear as SPECTRE chief Ernst Stavro Blofeld, once more plotting to put the world at ransom <br /><br />Kim Basinger takes the part once owned by the lovely French actress Claudine Auger She is Domino, the mistress of Largo, who soon falls deeply in love with her rescuer <br /><br />Black actor Bernie Casey becomes the sixth actor to play CIA agent Felix Leiter after Jack Lord, Cec Linder, Rik Van Nutter, Norman Burton, and David Hedison...<br /><br />Edward Fox portrays the new, unsympathetic 'M.' Pamela Salem is the third actress to play Miss Moneypenny. Lois Maxwell was the first and Barbara Bouchet was the second.<br /><br />Valerie Leon is the sexy lady in the Bahamas who fished 007 out of the blue water and saved his life by making love to him in her own room Valerie was the Sardinian hotel receptionist in 'The Spy Who loved Me' when Bond and Anya arrive seeking Stromberg<br /><br />Prunella Gee is Shrublands physical therapist Patricia Saskia Cohen Tanugi is Nicole, Bond's Secret Service contact in the South of France <br /><br />Gavan O'Herlihy is Jack Petachi, the U.S. Air Force communications officer who duplicates the President of the United States' 'eye print' and arms two cruise missiles with nuclear warheads <br /><br />Rowan Atkinson is the bumbling foreign officer Nigel Small-Fawcett; and Alec McCowen is Algernon, the armorer who provides 007 some formidable items <br /><br />If you like to see Connery playing a tense battle of wills, disguised as a masseur, attacked by robot-controlled sharks, giving away a considerable amount of money for a tango dance, thrown into a medieval dungeon, don't miss this second of only two ""unofficial"" James Bond films",positive
"During the brief period between Clint Eastwood's string of spaghetti westerns and his Dirty Harry films, he and director Don Siegel teamed up to make this unusual picture. Eastwood plays an injured Union Army corporal during the Civil War who is taken in by a southern school for girls until he recovers from his wounds. It has been a while since the young women (most of which seem to be teenagers) have had a man on the premises, so they are reluctant to turn him in to the local rebel soldiers. The resulting situations are often humorous, shocking, erotic, or even downright grotesque as Eastwood slowly regains his strength and begins to brood over the establishment.<br /><br />The basic storyline almost sounds like the makings of a porno film. We have a masculine male suddenly surrounded by young nubile women. Most of them are sexually attracted to him. And he is more than willing to spread the love amongst them. The material never really slips down to the level of ""tasteless"", however. Eastwood, Siegel, and cinematographer Bruce Surtees are such skilled filmmakers, that the film always retains its dignity.<br /><br />Eastwood's John McBurney is like no other character he has ever played. McBurney is an amoral, conniving, and lustful charlatan. He knows that most of the women, even the youngest want his bod, and he lets more than one of them have a shot at him. McBurney often uses flattery to butter the women up, then uses his rugged good looks to reel them in. He is like a drunken player at a cocktail party, often hitting on different women even in the same scene! Eventually, his lustful ways cause him great agony and loss in a way you must see for yourselves. This author would not dream of revealing the specific consequences of his actions, but there is little doubt he has them coming.<br /><br />Eastwood gives a typically great performance. He seems to be having a blast with the role until things turn really ugly, then he turns mean and ugly. Geraldine Page is a treat as the steely B*tch who runs the school. We know she wants McBurney as much as the other girls, but with her checkered past shown to us in flashbacks, we find out that isn't all she's after! Mae Mercer as a slave belonging to the school gives a great performance, too. She obviously knows McBurney is a skunk from the beginning, and she never lets his phony charm bring her guard down. This is a character you will want to know more about after the film is over. She seems to have a greater knowledge of the world than anyone else in the film.<br /><br />The Beguiled did poorly in its theatrical release. Nobody was quite sure what to make of it, and some of its content no doubt raised a few eyebrows in 1971. For example, in an early scene we see Eastwood romantically kiss a 12-yr-old girl. Is he just trying to keep her quiet when the rebel soldiers get close, or is he really enjoying it? Probably both! A fantasy sequence later on even shows Clint getting it on with not only Page, but her young assistant! Truly some interesting goings on in this one. It's a good thing Eastwood became the star he did, or this one might have been long forgotten.<br /><br />Highly recommended. 9 of 10 stars.<br /><br />The Hound.",positive
"this became a cult movie in chinese college students, though i havnt watched it until it is broadcasted in channel4, UK.<br /><br />full of arty giddy pretentions, the plot is mediocre and unreal; the 'spirit' it wants to convey is how independent artists 'resist the commercisliation of music industry' and maintain their' purity of an artistic soul' and wouldnt 'sell themselves for dirty money'. that is really giddy and superficial; the diologue are mainly pathetic. acting is poor. sceenplay is full of art pretention. it is a fantasy movie for kids and that;s all<br /><br />",negative
"I'll never understand why when a studio like Universal buys a musical it then butchers it when bringing it to screen. My first thought when seeing Ava Gardner and Robert Walker were starring I would be seeing something from MGM which did musicals best at that time. Boy was I wrong and disappointed.<br /><br />One Touch Of Venus which starred Mary Martin, Kenny Baker, and John Boles on Broadway ran for 567 performances in the 1943-1945 season and Gardner, Walker, and Tom Conway play the roles that Martin, Baker, and Boles did on stage. The Kurt Weill-Ogden Nash musical with book by Nash and S.J. Perelman was a comeback vehicle for Mary Martin who reestablished herself as the Queen of Broadway after a disappointing venture in Hollywood. <br /><br />Look at the names that went into this show. Given who was responsible for the book I expected to see some sparkling wit in this production. Instead I got a rather pedestrian screenplay, it was like all the wit was drained out of it. Doing her best to make up for it is Eve Arden playing her usual girl Friday role with Tom Conway, but it's even too much for Eve.<br /><br />The story concerns department store window dresser Robert Walker who kisses a very valuable statue of Venus who springs to life in the person of Ava Gardner. Of course when the statue goes missing, Conway yells for the law and is suspicious of Walker, the last person to be with the statue. <br /><br />The rest of the film is Walker dealing with Gardner and what will happen to both of them. For reasons I don't understand, Ava was of course dubbed by Eileen Wilson and Walker sings only a couple of lines. The singing is carried by Dick Haymes and Olga San Juan playing Walker's friends and coworkers. Of course on Broadway the songs were done by singers Mary Martin and Kenny Baker. You would kind of think that Haymes would be playing Walker's role at least. It was awkward to say the least.<br /><br />Only three songs survived from the score, Don't Look Now, But My Heart Is Showing, That's Him, and the incomparable Speak Low. Haymes's silken baritone is shown to best advantage in Speak Low which was sung as a duet by Martin and Baker on Broadway. For some reason the lyrics of one of the greatest men of verse of the last century, Ogden Nash, were done over by Ann Ronnell. I suspect the infamous Code was at work here.<br /><br />In Lee Server's biography of Ava Gardner he makes mention of a brief fling Ava had with Robert Walker when she had had a spat with her current man, Howard Duff. When Duff and Gardner reunited, Walker took it badly and didn't speak at all to Gardner off camera. I'm sure the fact that both of them were not in their best work didn't help matters either.<br /><br />Hopefully some repertoire company will do One Touch Of Venus and you'll get to see it the way, Weill, Nash, and Perelman wrote it.",negative
"Someone should teach the people who made this movie that there is a difference between ""presenting multiple twists"" and ""screwing the audience over"". They even use hypnosis as a tool to cover up the plot holes; whenever they can't find their way into or out of a scene, they just say ""she is regressing to her past now"" or ""she's snapping out of it now"", and they think that explains everything. This movie is a dishonest cheat and in the last 20 minutes becomes a full-blown fiasco. (*1/2)",negative
"I watched this film in shire joy.<br /><br />This is possibly one of the best films of all time. It has a timeless value, you can get so much out of it it's amazing. There are parts that are moving, funny, and just great.<br /><br />All aspect are spot on, the portrayal of the story is perfect, every detail is 100% genuine, even small Irish subtleties have been covered.<br /><br />The use of low and high shots gives two great views on Cristy (look out for that).<br /><br />Daniel Day-Lewis's performance is incredible. I've never seen an actor do that, ever. It really is amazing.<br /><br />And it's so great to watch, it flows so well, it's probably the closest thing yo can get to real life experience. I love it.<br /><br />If you haven't seen it, you should see it. Don't have any doubts on it, there is something there for all.",positive
"i watch this film with horror in my heart because my mother also was a crack head like Michelle. i've been wondering where Michelle is now. there has been times where i had to find my mother in places i was scared to be but more scared to leave her there! to see Michelle act like that made me wonder where she was sleeping all that time?? i watched in hopes the it was never that bad for my mom! and what i want to know is... where did Matt and Tracy ""tear that ass up""?! worst scene for me was watching Tracy shoot up in an old navy dressing room!!!! u never who try clothes on before you and it looks like all of them except Michelle has aids!!!! where are they know 2008? can we get an update??????????",positive
"I have to say that there is one redeeming speck in regards to this ""film"". It firmly establishes the bottom of the barrel. Now filmmakers know what to aim above when making a movie. Other than that I regret watching this debacle. What shameless abandon the making of this ""film"" was. What a waste of $100,000 (that's right folks, ONE HUNDRED THOUSAND dollars). This ""film"" reminds me of that ""Adult Video Awards"" show in which of group of ""industrial prostitutes"" stand up a praise themselves, believing that they are real actors, actresses and filmmakers. Ironic then how I've watched blue movies with better acting, directing and writing. I also found it funny that the Executive Producer, Justin Ament, just had to be in the ""movie"". He plays Deputy Jake Barker. I'm sure his ""acting"" career has taken off... Ted Pfiffer, the writer, has a part. He no doubt was wallowing in the clichéd glory he created. It should be noted that Carrie Finklea has a lead role in the movie. You might remember her from Gus Van Sant's 'Elephant'. Though I'm not too sure that she'll want to write this film on her resume. And I'm not sure which is a more depressing point; money was spent to make this film or people are going to watch it. Along with 'Torque', 'Godsend' and 'Sky Captain and the World of Tomorrow', one of the worst films, IF NOT THE WORST FILM, of 2004.",negative
"A mix of comedy, romance, music(?!), action and horror. A knockout. This is one of the reasons people rave about Hong Kong cinema. If you're looking for something totally original, look no further. Entertainment at it's peak.",positive
"I have been watching movies from i think last 10 years , and I must say that i never felt that bad, which I felt after watching this extra large bore movie, it was bad, very Bad. There were songs & songs. Nobody should watch this movie. The director has shown Germans speaking English which is so rubbish. Germans does not speak English. & in one scene there was a white girl who asked Himesh for autograph. (Obv that he must have gave some money to her) In the promo they have shown prepare for Laughing riot. But i could say there was only one scene where that Himesh was laughing for no reason may be he thinks he's funny. Hansika is very good. she is like an angel. But too young only 16 yrs old. If you have plenty of time and don't know what to do then you should watch this movie or else its waste of money",negative
"I didn't really expect much from ""The Night Listener"" and I actually never heard of it until I saw the cover in the videostore. However, the movie is very effective when it comes to building up suspension and tension. On occasion it drags a little, but it actually helps to keep you wondering what's going to happen and more importantly: when. As the movie progresses, the character played by Robin Williams gets dragged into some kind of ""cat and mouse"" spiel to the point where he becomes obsessed with finding out the truth and existence about a 14 year old abused kid that no-one seemed to have ever seen in person. The Night Listener is an interesting story, which is great in building up the suspense throughout the movie and you're pretty much kept in the dark of who is lying and what's real. However, in the end it kind of disappoints and doesn't live up to the potential it could have had. It doesn't really give you a detailed or plausible explanation about the other main character, which would have been helpful and interesting.",negative
"Humphrey Bogart clearly did not want to be in this film, and be forced to play a part-Mexican or he would have been suspended. Believe me , he made the wrong choice! Presumably, after the success of ""Dodge City"", Warners tried a follow-up with Errol Flynn and his usual list of buddies, like Alan Hale, Guinn (Big Boy) Williams, Frank Mc Hugh and the ever-present John Litel, but they made the huge mistake of trying to present Miriam Hopkins as a love interest for Flynn v. Randolph Scott, and as a singer to really make things bad, because she proved one thing, and that is she cannot sing. The story was not too bad, but with Bogie clearly miscast also, it turned out to be a poor Western that was overlong, and on a low budget, but in fairness, color would not have helped.",negative
"This movie will always be a Broadway and Movie classic, as long as there are still people who sing, dance, and act.",positive
"I am in a movie club at my school and I was forced to sit and watch this utterly dismal film. The film's story is not dismal, but the entire movie itself is exceedingly dismal. The acting was absolutely dreadful. The children were overly whiny. A metal pole could have done a better job. I wanted desperately to fall asleep, but because the television was so loud, I was kept from peace. The monkey's are neither cute, nor are they funny. The drama is laugh-worthy. I cannot remember when I saw a more dreadful film. The story is weak, thin, predictable, and completely fake. The adults try to be good actors, but they just can't seem to break through stereotypes. The girl even appears to want to leave the film via falling off a hill during the movie in order to leave it, I don't blame her. Micheal Anderson should publicly apologize for this film. Not just to me, but to everyone else who was forced to sit through this awful film. In fact, I apologize to you. Even if I had nothing to do with this project, I apologize for this film, because this means at least someone will. This film even surpasses the dismalness of films that of Rob Schneider and the Cheetah Girls. I would even go as far to say that it is even worse that Hilary Duff's collection of films, but that's pushing it. Just please don't see this film, or else you'll be pushed to write a review similar to this one on how awful this film is. I'm very sorry.",negative
"Whilst I have loved haunted house movies such as Amityville and Poltergeist, this made for TV adaption of Susan Hills book packs a huge punch on the horrors of Hollywood.<br /><br />With a brilliant cast (many of which star in Heartbeat and other TV dramas), great acting, and fantastic setting (which portrays 1920's life convincingly), it has all the right ingredients to entice the viewer into what is a powerful ghost story.<br /><br />Herbert Wise did not need blood, violence, or gore to send chills down the spines of an audience. Using your own imagination, the Woman In Black is a figure of fear and dread, and whose presence is never absent once she first appears.<br /><br />The main character Arthur Kidd, a solicitor, learns about his unseen spectre on his mission to settle the estate. The widow dies and Arthur spends few nights inside her dreary home in which he notices many oddities, which may haunt him for some days. Some of the scenes are very unsettling and claustrophobic, particularly the locked room which opens itself, which turns the generator off and closes Arthur in darkness. The film becomes more harrowing the more you put yourself in Arthurs shoes, and his efforts to shake this ghost off. The writer puts many chilling additions into the story, an example being the tin soldier's re-appearance. One is eager to learn the meaning of it all. The fact we never really learn that much about the widow, leaves more to the imagination and makes it all the more unsettling.<br /><br />The widow for the most part, looks vicious and intimidating. The scene after winding the generator sent the chills down me, a woman who appears out of nowhere on isolated marshy land with a howling wind  having been on such properties myself I can appreciate how isolating this is. And the scene in the inn was perhaps the most horrible things I've seen, one I don't wish to watch in a hurry or show to elderly relatives. I have often woken up at night thinking she was behind me in my sleep.<br /><br />The Woman In Black is a great TV movie and a lost gem. I agree to some extent the Internet hype for this film has been totally overblown and can see why people were disappointed after spending the best of £50 on it, but I think the net has defeated hidden gems because it makes films like these over-exposed. I think it's still brilliant and fantastically acted and I consider it the greatest ghost story of the last century.",positive
"This is one of the funniest movies I have ever seen. If you know the Real World and the people from those shows, this movie will be top notch, if you have never seen the real world you will still think it is an extremely funny movie but you won't get some of the inside jokes about the actors and the tv show.",positive
"This 1974 Naschy outing is directed by Leon Klimovsky, and a cursory glance at the publicity photos and packaging might lead you to believe that this medieval romp lies somewhere between ""Inquisition"" and ""Sadomania"". Sadly not.<br /><br />This is a strictly PG affair with tame torture sequences, no nudity and little edge at all. Naschy (of whom I am a fan) struts his stuff as Gilles de Lancre, ""antiguo Mariscal de la nacion"". Sadly he is more pantomime villain than anything else. One gets the feeling with this film that we have seen him (and it) done all before. Strictly therefore for Naschy completest only.",negative
"A labor of love. Each frame is picture perfect and grabs you. Then the sheer emotion and story-telling take you through a dream that stays with you long after the movie. The director gets your heart and leads it through 100 minutes of visual poetry. You are a part of the emotional ride of the characters. I have seen this movie at 2 festivals and it got with standing ovations at every showing. The remarkable story-telling transcends nationality and language and I felt I was a part of the drama unfolding before me. The casting is as perfect as one can get. Vijay Raaz, Camille and Benoit each hold their own. <br /><br />I strongly recommend this film to everyone who appreciates good cinema. I can't wait for the commercial release of this movie.",positive
"This movie was the worst movie I have seen since ""Date Movie."" I was laughing through out the whole movie instead of being scared. It was funny how the snakes would search for particular section of the passengers body to attack for example, the eye, the tongue, the butt, the breast. If we have seen national geographic channel we know snakes wont stay clinched on the body once they bite. For each particular scene the snakes would bite the passengers and would stay on the body biting the person. I believe the producer did not study his information on snakes and their behavior. I cant believe I wasted my money on this movie.So I don't recommend this movie trust just wait until it is at the dollar theatre or rent it.",negative
"What a mess--and I'm not referring to the ""destruction"" in the title. I could go on about the hackneyed plot, the lousy effects, the (actually notable) cast grimacing as they deliver the worst lines of their careers, etc. I'll just say there weren't any palm trees in Chicago the last time I checked, and leave it at that.<br /><br />Hmmm...need ten lines to get this posted on IMDb.. OK, well, I think a DVD release with outtakes could be interesting. Maybe Dennehy will reveal what favor got called in for him to appear in this thing. Maybe Dianne Weist will show us the bag of money it must have taken to get her involved. Maybe CBS execs will apologize...",negative
"In the same way Lamberto Bava was a substandard facsimilie of his father, Mario (who was an extremely overrated director anyway), Michele Soavi is a substandard director in the Dario Argento mold. ""The Church"" has at least one thing to recommend it--the incredibly detailed art direction--but absolutely nothing else. The film is long-winded, filled with one-dimensional characters, and almost put me to sleep several times. There's a fine line between 'art' and 'pretentious crap,' and while ""The Church"" isn't completely worthless, you'd be better off watching something else.<br /><br />3/10",negative
"Every time I watch this show I just want to turn it off and curse the makers for wasting my time week after week. The dialogs, or monologues rather, as everybody just rants on endlessly about nothing, are just becoming so tedious. For example, the episode I watched yesterday began with a seemingly unending rambling about how a particular dish (I forgot what it was, pasta with meatballs perhaps) always manages to turn the Gilmore family dinner into all-out war. And these were just the few seconds or so.<br /><br />So it seems every time, lots of lines, with absolutely zero content. The scripts they use must be enormous.<br /><br />But then every once in a while something happens. The babbling stops and suddenly there are these wonderful silent, emotional moments. For example, this week it was Lorelai's breakdown at the estate agent's. I just thought it was the best piece of TV I have seen for a long while.<br /><br />Almost makes everything worthwhile.",positive
"****SPOILER ALERT**** All throughout Australia the summer turned into a deluge of rain and hail stones the size of baseballs that was causing havoc in coastal cities like Sydney. It's under these hectic conditions that tax lawyer David Burton, Richard Chamberlain,got involved in a case, as a defense attorney, involving the death of a local aborigine who was found dead outside a Sydney bar. <br /><br />Having five fellow aborigines arrested for Billy Cormans,Athol Compton, death it's determined by the police coroner that Billy died of drowning not by violence even though he had bruises on his neck and shoulders. Yet the court decided to prosecute the five for his death charging them with manslaughter instead of murder.<br /><br />David defending the five gets no help from them in their defense with the accused assailants opting to remain quite and keep what happened to Billy to themselves and take what's coming to them from the court. One of the defendants Chris, David Gulpili, begin to somehow invades David's dreams as if he want's to tell him what was really behind Billy's death.<br /><br />David at first not taking his dreams of Chris seriously begins to sense that their real when he meet him at the courthouse. Chris confirms David's dreams by showing him a strange looking black rock that David saw Chris have in his dreams. Later meeting Chris and, what turns out to be an aborigine shaman, Charlie (Nandjiwarna Amagula) who came to his house that evening David is told that he, like Charlie, has spiritual powers that he inherited from his mother's grandfather. Those powers will reveal to him the future that has to do with the strange weather conditions that are flooding the Australian continent. The earth,Chris tells David, is going through a gigantic cleansing cycle with the old world about to be washed away and the new world ready to take it's place.<br /><br />David is confused about what both Chris and Charlie are telling him but as the rains continue to increase and the ocean waves start to rise he feels that something terrible is going to happen. David want's to know if it's all aborigine folklore or there's some scientific facts, or logic, behind their end of world-like revelations.<br /><br />By now it's obvious that both Chris and Charlie are members of an aborigine tribe right in the heart of modern Sydney. That alone can get Chris off, as well as his four friends, for the murder of Billy. Since the Australian government will not prosecute tribal aborigines, leaving any justice to be done by the tribes themselves. Still Chris refuses to admit he's a member of a native tribe and he and his four friends are convicted of manslaughter in Billy's death with the sentences to be handed down by the judge within days.<br /><br />David now determined to find out what was the reason for Chris' silence, and why Billy had to die, is taken by Chris to the scene of the crime. It's there that David finds out that Billy betrayed Chris' tribe members by going there with Billy not being a member of Chris's aborigine tribe. It's also revealed to David that he himself has some kind of spiritual connection with the Austrailan aborigines as both Charlie and his step-father Rev. Burton,David Parslow, told him. <br /><br />The stage is now set for the great and final cleansing cycle that David's been seeing in both his night-time dreams and day-time visions. It comes in the form of a massive tidal wave rolling out of the Pacific Ocean into the Australian coast city of Sydney and then submerges the entire continent.",positive
"This is probably the best cinematic depiction of life in a Manhattan ad agency: the pressure to perform; client and agency demands; the parties; the creativity; the money; the cool surface with powerful corporate undercurrents. <br /><br />Toss in parenthood for Dustin Hoffman. <br /><br />The movie is textured and deep. It follows his internal relationship as he tries to understand and live with what's going on; his relationship with Meryl Streep (and her friend, who becomes his friend), and his the relationship with his son. <br /><br />While Meryl Streep was great, did she set the record for least screen time to win an Oscar? She sure can deliver when she is on, though.",positive
"Why oh why don't blockbuster movies simply stick to their selling point? Everyone in the cinema, young and old, was there to see talking animals make jokes, and whilst they did that we were all happy... And then, as with Lost In Space, came the two killer blows - plot and sentiment. Who really cared what happened to the tiger or whether Eddie Murphy made up with his daughter? Not me, that's for sure.",negative
"Perhaps once in a generation a film comes along that is perfection. For me, ""The Railway Children"" is that film - a timeless classic that was directed and performed most beautifully. It depicts all that is worthwhile in humanity and climaxes in the conquest of love and faith over cruel injustice. Every performance is a gem, though Bobbie stands out and, like Judy Garland as Dorothy before her, Jenny Agutter makes it impossible for us to imagine anyone else in the role.<br /><br />The world is all the better for this film and the children of today would be much the better for watching it.<br /><br />Of course, like so many young men of my generation, I fell hopelessly in love with Jenny Agutter and her hold was as strong when I had the great good fortune to meet her a few days ago - the bewitching smile and voice like dripping honey were still there to send me weak at the knees as they first did all those years ago!",positive
"I don't expect a lot from ghost stories, but I do expect a story to make a bit of sense! Is that asking too much from the screenwriters and filmmakers? When the bad guy, all of the sudden, becomes a homicidal maniac solely because a bunch of crows start pecking him, then I have a problem spending $9.00 for a ticket! Alfred Hitchcock would be spinning in his grave. Didn't anyone learn anything in their college Film 101 class? A good movie has at its roots an INTERESTING story!<br /><br />Here are some of the ridiculous messages in this movie: If you have desperate financial problems move from Chicago to the middle of no-where in North Dakota to grow Sunflowers (I kid you not!). If your toddler has serious neurological problems from a car accident move away from some of the best hospitals and speech therapists in the country to an isolated small town, which, at best, has a community hospital. Hire a drifter to live & work with you, out of the blue, without checking any references, when you have a teenage vixen daughter, a wife and toddler. ( I'm glad they're not my parents!) <br /><br />A town where everyone knows everything would have no problem missing a triple homicide, just outside of town. And, of course, blame the man's lunacy on a bad crop of Sunflowers! (Doesn't anything else grow in North Dakota?) A couple of days after you buy your rundown house - with huge vines growing everywhere - that it reminds you of Jack and the Beanstalk, a guy from the X-Files, ala Smoking Man, (I'm glad to see the cigarettes didn't get him, I guess he doesn't inhale!) will just suddenly sneak up on you while you're working to offer you the sale price of your home, plus 15% more, for absolutely no reason!<br /><br />I think you get the picture. I have seen so many godforsaken awful movies in the past month, it just blows my mind! Is it that difficult to make a movie that doesn't treat the audience like an idiot? I'm glad at least the crows in this sorry film turned out to have the some brains! I wish I could say the same for whomever thinks they are going to make money off this celluloid piece of trash!",negative
"I'm sorry to see that it has been rated that low by many people. The series started off very good and after the first season it wasn't that good.<br /><br />People tend to forget the beginning of something and only look at the end. This is not good to do, you should look at the total, not the end result. It is sad that a lot of the ""usual"" characters died but, damn, we had a lot of nice NEW characters.<br /><br />Please do not attach yourself to a few characters but attach yourself to the series, the plot. Please do understand that I didn't like it when Boone died, when Augur died but well... it needs to be done. Can you imagine that everyone keeps living the whole series when they are in a lot of danger all the time? Come on, face it, if they didn't die they would be invincible. In this way you will always keep the tension, will he survive, will he die? I do realize that people attach their selves to characters, I do that too. My favorite character was Augur, the one who could get into every computer he wanted. He was the one who was mysterious, he could do things with the computer no one else could do.<br /><br />I wish to make one statement to all the people who vote negative, does a series which started so good deserve to have such low rating? Should we look at the final season instead of the total? Should we not see how good the series was when it started? Should we not see how much we enjoyed it?",positive
"This is an excellent film about a traditional working class family in Northern England. Filmed on location in Bolton, it stars James Mason as the father who is the dominant force within his home. Or so it seems. Cleverly, the film, based on the play, portrays the complexities of family life. The supporting cast is terrific as well, with many familiar faces lending support.",positive
"NOTHING (3+ outta 5 stars) Another weird premise from the director of the movie ""Cube"". This time around there are two main characters who find themselves and their home transported to a mysterious white void. There is literally NOTHING outside of their small two-story house. Intriguing to be sure, but I thought the comedic tone established for this movie from the get-go was extremely ill-conceived. There needs to be some humour, certainly... and I have no problem with the humour that was eventually derived from the plight of our two heroes (their final ""showdown"" was definitely a hoot)... but I really think the movie would have been a lot better off if it had stayed more rooted in reality in the beginning. After watching the movie I watched the ""Making of"" feature on the DVD and a short trailer at the end is almost totally devoid of the ""sillier"" comedic aspects... making it look like a completely different (and slightly better) movie. The last half hour of the movie is where things really start to come together... similar in a way to the recent movie ""Primer."" The actors are fine when they are not overdoing the comedy shtick. They are really quite believable in their more ""normal"" moments. I was probably ready to write this movie off as a failed experiment at the midway point... but it won me over by the end. (And keep watching past the credits for the final scene... just don't ask me to explain it.)",positive
"I think this is what this movie wants us to say at the end of the movie! or Damn Australian? I still don't know, but what I know is that I really liked this movie but that couldn't be my favorite movie!<br /><br />Great story with great actors but with a terrible end... To make you cry and say 'Oh, she's so good'... Still, who made it? What really happened? Who's that guy? No answer to these questions...<br /><br />Mysterious movie with a good mark overall... I give it a 8/10, going on the 8.5!",positive
"The original ""les visiteurs"" was original, hilarious, interesting, balanced and near perfect. LV2 must be a candidate for ""Worst first sequel to a really good film"". In LV2 everyone keeps shouting, when a gag doesn't work first it's repeated another 5 times with some vague hope that it will eventually become funny. LV2 is a horrible parody of LV1, except of course that a parody should be inventive. If you loved LV1 just don't see this film, just see LV1 again!!",negative
"Duchess is a pretty white cat who lives with her three kittens in her wealthy owner's mansion in Paris. When the evil butler hears that the rich old lady is leaving everything in her will to the cats first, the butler is angered, because he wants to get everything first. So he puts them to sleep and abandons them off the side of the road. When the cats wake up, they start on a long trek home. A street wise cat named Thomas O'Malley meets up with them and offers to help them. When Edgar sees them arriving home, he is furious, and starts to mail them to Timbucktu. But Thomas' friends arrive to help save the day. The wealthy lady decides to leave her home for every alley cat in Paris.<br /><br />This is a charming film. The songs, including ""Everybody Wants to be a Cat"", are lively and upbeat. The voice cast is excellent, with Eva Gabor(who would later play Miss Bianca in Disney's THE RESCUERS films) as Duchess, Phil Harris(Baloo in THE JUNGLE BOOK, Little John in ROBIN HOOD) as Thomas, giving interesting personalities to their characters. Supposedly Walt Disney, before he died in 1966, gave the go-ahead to this film. Recommended for Disney fans or cat lovers everywhere! 10/10.",positive
"I enjoyed every moment of this beautiful film and was intrigued about this female painter I had never heard of before. So I set out exploring her life and work afterwards. As could be expected, I found out that the film was not exactly historically accurate. I was a little astounded however by the very negative comments on the film because of this inaccuracy. Come on, guys, a film isn't and shouldn't be a biography (nor a novel!). Any historical film distorts reality, because it should be a work of art in its own right. A film director is fully entitled to use elements from reality and history to create a world of his own. Artemisia is a wonderful film and I think it brought many people (including some that now give negative comments) to explore the life and work of this fascinating artist.",positive
"Well, I only caught the tail end of this film on HBO, just the final 10 minutes or so, but I must say that it contains probably the most laughable depiction of distance running EVER put on film! I'm a serious distance runner and a dedicated fan of the sport, and I've sat through many painful demonstrations in movies before. However, nothing could have ever prepared me for what is shown on screen in the final 10 minutes of this movie, it literally defies belief! The depiction of the runners is even more ironic considering that African runners completely dominate the sport, and they are elegant and graceful. The female protagonist shuffles along like an overweight pregnant woman, and her ""highly trained"" male supporters are no better. Well into the race this alleged world class runner is surrounded by pudgy, overweight people, many of whom are WALKING! I find it interesting that the director decided to have her lead the female competition, yet near the end she is shown passing people who look like they're staggering along on two broken legs! Are we to believe that this amazing stellar athlete has only overtaken a crippled person at the very end of the race? Maybe the director just thinks that female runners can't run faster than 12 minute miles, and he has obviously never heard of athletes like Paula Radcliffe or Tirunesh Dibaba.<br /><br />Even if you aren't a running fan you'll be astonished by the insanely inaccurate portrayal of running, and this movie is only watchable as unintentional comedy. Here is a note to the director: The next time you decide to make a movie about a sport, it might be worth it to hire at least one person who actually has observed that sport in action.",negative
"Bottom-of-the-barrel stinker is so bad it's beyond funny. The ""plot"" is about an American mercenary, played by Reb Brown (in the film he's called a ""military adviser"" but it's not really clear if he's in the American military or not), helping the army of a Latin-American country fight guerrillas who winds up joining the guerrillas when the government turns on him, imprisons and tortures him. Shannon Tweed is a ""sports equipment saleswoman"" he picks up in a bar who gets caught up in all the intrigue. That description actually makes the movie sound better than it is, because it's really a stinker of almost Biblical proportions. How bad is it? Well, Shannon Tweed turns in the movie's most professional acting job. If that isn't an indication of just what a 12th-rate piece of junk this turkey is, nothing is From mismatched sound effects to a music score that sounds like it's from a 1940s ""Z""-grade horror flick (and may very well be) to the same footage (i.e., armored personnel carriers going down the same jungle trail) reused constantly to some of the most ineptly staged ""action"" scenes in recent memory, this laugh-a-minute sludgefest has to be seen to be disbelieved. Tweed looks bored, Brown looks hung over, and by the time this thing is finished--if you can last that long; I couldn't--you'll know just how they feel.<br /><br />Although there are a lot of explosions and gunfights, this can't be considered an ""action"" picture by any stretch of the imagination. It's boring (there's a scene in the back of a truck where everybody just stares at each other for three or four minutes), repetitive (the same ""rebels"" and ""soldiers"" being killed over and over), illogical (when a group of rebels is caught in an open field by a government helicopter gunship, instead of breaking for cover they just stand there staring up at it), inept (soldiers and rebels falling ""dead"" when no gunshots are heard, a gun battle inside a house where combatants standing against walls are machine-gunned but miraculously the walls escape undamaged) predictable (when the ""Governor"" says to offer a reward for Brown's capture because ""someone"" might turn him in, you know exactly who that ""someone"" will be, and it turns out to be exactly who you thought it was) and just downright stupid (pretty much everything else in the picture). Inept, brainless and stupid beyond belief. Don't waste your time.",negative
"Much like the comedy duo of its title, ""The Sunshine Boys"" has become a forgotten classic 30-odd years later. It's hardly mentioned alongside other great film comedies of the 1970s. This makes no sense given the singular specialness of this film, perhaps the best Neil Simon ever wrote.<br /><br />Walter Matthau plays Willy Clark, once half of a legendary vaudeville comedy known as Lewis and Clark, now a bitter 73-year-old solo act who can't get a job in a potato chip commercial. His nephew and agent Ben (Richard Benjamin) is sure he can get work if Willy will only agree to reunite with his estranged partner Al Lewis (George Burns) for an ABC-TV celebration of show business nostalgia.<br /><br />Nostalgia is what ""Sunshine Boys"" has going for it in spades, right from the start when a series of 1920s film clips showcasing various entertainers from long ago flickers before us to the accompaniment of Cole Porter's ""Be A Clown"". Then there's the film's present-day setting in Manhattan, where flared trousers and wide polyester ties abound. The periods collide in Willy's glorious mess of a Manhattan apartment, where framed photos and cartoons of long-dead celebrities stare out from the walls at lurid tabloid headlines and empty Zabar grocery bags. If you were alive in the 1970s like me, you might even feel like you were in that apartment.<br /><br />Willy clearly has been living there too long. He's sleeping in front of the television when the kettle in the other room boils. Willy wakes up and picks up the phone.<br /><br />""Hello, who is this?"" A pause. ""Never mind, it's the tea.""<br /><br />Old men living alone can be sad material in almost anyone else's hands, but Simon's deft wit and unerring feeling for character turns this adaptation of his 1972 stage hit into comedy gold. The amazing thing about ""The Sunshine Boys"" is how much it rubs your noses in Willy's almost existential condition without turning you off at all. ""89 years old and just like that, he dies of nothing'"" Willy says of one old songwriting friend, before deciding the man probably died from writing a song that rhymed ""lady"" with ""baby"".<br /><br />Burns won an Oscar for his understated performance as the gentle but steely Lewis, but it's Matthau who brings this one home, his make-up and proud but ragged bearing really selling you on the idea he was already 73 when he made this. Willy is obnoxious in the extreme, fully deserving Ben's description ""crazy freakin' old man"", but you root for him throughout, enjoying his small victories even when they come at the cost of others' patience. His lines kill you, too, especially when he's trying to kill Lewis, for whom the TV reunion turns out to be a bad idea.<br /><br />""You're out of touch!"" Willy tells Lewis at one point. ""I'm still in demand. I'm still hot!""<br /><br />""If this room was on fire you wouldn't be hot,"" Lewis replies.<br /><br />Director Herbert Ross shoots everything in a very casual and understated way, with low lighting and mid-range shots even in emotional moments so as to leave room for the comedy and the film's overall zen message of grace through quiet acceptance. You never get the feeling you are watching a movie, one of ""The Sunshine Boys"" many charms, and Ross's direction, like the acting of the three principals, goes a long way toward achieving that end.<br /><br />Comedy is hard, especially when the subjects are people watching life pass them by, but ""The Sunshine Boys"" makes it all seem a pleasure, because, for us watching, it is.",positive
"What a terrible film. It sucked. It was terrible. I don't know what to say about this film but DinoCrap, which I stole from some reviewer with a nail up his ass. AHAHAHAHAHHAHAHAHAHAHAHAHAHAHHAHAHAHAHAHAHAH!!!!!!!!!!!!!!!!!!! sigh.. It's not Roger Corman that I hate, it's this god-awful movie. Well, really? But what can you expect from a movie with Homoeric computer graphics. Which is another thing, the CGI sucked out loud; I hate this movie dreadfully. This is without a doubt the worst Roger Corman B-Movie, and probably the gayest B-Movie too. It's-it's--- DINOCRAP! I'm sorry, I must have offended some nerds in these moments. It's just an awful movie... 0/1,000",negative
"What could've been a great film about the late poker pro (pre-poker craze) Stu ""The Kid"" Unger turned into a disappointment.<br /><br />You can tell the filmmakers were working on a short-string budget. Everything look filmed on the cheap. Timelines seemed a bit off to me.<br /><br />Casting Michael Imperoli from the Sopranos was also a bad casting choice. He looked too old to play the baby-faced Stu, he looked way too healthy for a coke addict (if you look at footage from the 1997 WSOP main event, the real Stu was so skinny and he practically had no nose from too much cocaine so he wore those sunglasses to hide them), and I kept expecting Adriana to pop up and yell ""Chris-tu-phur!!!"" <br /><br />Also they skipped over the fact that he had a son from Angie's previous relationship that committed suicide in the late '80s.<br /><br />Every time I saw Vincent Van Patten appear, I kept thinking he was going to announce ""Show tunes going off in Stu's head."" like he does on the WPT.<br /><br />If you're looking for real Stuey footage, check ESPN Classic because they rerun the 1997 WSOP Main Event every so often. Or try YouTube. Avoid this move like a bad beat.",negative
"There are some things I will never understand; why underwear comes in packs of threes when clearly thats not enough is an example. Similarly, I will never understand this film, and that is brilliant. If you approach this film expecting an actual movie, you might as well be approaching Satan expecting a hug; although that may well be possible if you greet this film's Satanic figures. Take Pitch for instance; the most ineffectual, camp, unhellish portrayal of a devil since Freddy Mercury and Wayne Sleep joined forces to create a ten foot Satan costume from red body paint and horns covered with condoms. However, it does create some of the most hilarious moments of any film ever. Seriously, this is no understatement. The same can be applied to every other character, bar the little girl who acts so sickly innocent she's probably overcompensating for some serious crime she's part of. Then again, if Santa's inter-space recon station is real, there is no chance she could have avoided him this long. Put simply, if you haven't seen this movie, you cannot consider yourself a serious buff. The achingly funny characterisation, acting, concept, and almost-under-the-radar racism makes this a must see above any film to date (if you're after pure laughter that is).",positive
"Thanks to the BBC for this show. I used to suffer from an inferiority complex, I hated leaving the house, talking to new people and I had an overwhelming sense that people hated me. However after watching one episode of 4 Non Blondes my fortunes started to change. After episode 2 I started applying for new jobs, wearing fashionable clothes and I actually felt talented. When the series had finished I was running the sales department at work, banging a plethora of women and frequently won the karaoke competition down my local. If you ever have a confidence crisis and don't know where to turn then take a trip down to Poundland and pick up the DVD it's only 99p.",negative
"Greetings again from the darkness. Director Alejandro Amenabar creates life against all odds in this based on a true story version of one man's struggle to control his destiny. The great Javier Bardem is fascinating to watch in his role as Ramon. His eyes and head movements leave little doubt what is going on in his mind. The dream and fantasy sequences are not overused so prove very effective in explaining why he wants what he wants. Rather than force us to answer the euthanasia question, the real question posed is , What is Love? At every turn we see people in love, looking for love or dying to be loved. The script is tight and keeps the film moving despite being filmed mostly in one room. The supporting cast is wonderful and we truly feel their pain and how each family member deals with Ramon's decision. This is a gem and deserves to be seen.",positive
"From what I've read a lot of people were disappointed by this film, compared to Part 1. Initially I could understand this but after a bit of thought I think they are wrong to be. Soderbergh continues his fact based telling of Che's life that he started in Part 1. Part 1 told a story of a revolution moving from unpromising beginnings to an ultimately successful conclusion. Part 2 tells a story of a revolution that moves from unpromising beginnings to a completely unsuccessful conclusion. It is not Soderbergh's fault that these 2 parts of Che's life had completely different outcomes. He bravely chooses to tell both in a fairly straightforward way. The viewer may feel a lot better coming out of the cinema after Part 1 than Part 2 but that is the reality of Che's life and not in my opinion any fault of the director. The film is far from perfect. It is probably too long. At least in Part 1 we saw different aspects of the war as the guerrillas had successes. In Part 2 they can't catch a break and we see their numbers constantly being reduced by death and capture. Che's capture and death are dealt with well. The film is greatly enhanced by the dialogue being in Spanish. Benicio Del Toro is again excellent as the charismatic Argentinian. So if you've seen Part 1 you will see a very similar telling of a very different story in Part 2.",positive
"Trapped: buried alive brings us to a resort that has just opened, and is soon to close.<br /><br />We start with a guy in gear blowing up drifts, to avoid the possibility of avalanches. somehow, that doesn't make sense. anyways, he's about to blow away one particularly big one, when he notices the resort is open. despite his best efforts, higher authority tells him his day is over.<br /><br />soon, as everyone expects, an avalanche hits.<br /><br />Look, i'm not gonna reveal any more, all i can say is this was a B-movie designed for the family channel (which i just saw it on, and the fact it had no commercials proves it's a B-movie) anyways, it's a pretty decent film, but it's partially unreal.<br /><br />firsthand, when people are buried by ice and snow, they're buried. not just traced by powder. or, what about a CD for a screwdriver? it's not possible. and finally, what i can't stress enough, is that an explosion cannot stop a avalanche, guaranteed.<br /><br />furthermore, it's worth a rental or a TV viewing, but not owning. 7/10.<br /><br />The movie is rated PG, but maybe it should have received something a little more strong. a boy nearly loses his foot in an elevator, but his leg is cut around the ankle, a guy is toasted by electricity and diesel, and in the weight room, dead people are laying around.<br /><br />enjoy.",positive
"Three horror stories based on members of a transgressive Hindu cult that return home but changed in some way. In the first story our former cult member is now in an insane asylum and is visited by a reported who wants to find out about what went on at the cult. Somewhat slow going as story is told in flashbacks while the two sit on chairs and face each other. Reporter is particularly interested in what lead to the death of the participants. What seemed rather boring suddenly turns very exciting with a surprising twist in the story. Things get quite bloody.<br /><br />Second story has a violent young criminal visiting a psychiatrist for mandatory therapy. The patient seems to have some type of agenda but the psychiatrist is up to the task. Again, things slow down a bit and get weird. Then there's a strange twist in the story that is very well written and surprising.<br /><br />Final story deals with spiritual healer who claims to be able to remove the persons illness from them with his hands. One of the patients is a former cult member, so the successful healing gets more complicated. Again, we are surprised by a twist. Has a pretty gory scene in there.<br /><br />There some nice female full frontal nudity as well as male full frontal nudity for some reason. I found the stories to be very well written and the director succeeds entirely in setting up each story with its surprising twist and the gory aftermath.<br /><br />Note: review of the German DVD.",positive
"Now days, most people don't watch classic movies, such as this. Most of friends only watch movies from the '90s to present. Thats kinda stingy. <br /><br />Most old movies like this are masterpieces, unique in their own way. Only because, back when these movies were being thought of and made, thats when ideas were fresh. Now people strain just to think of new ideas. <br /><br />Anyway, to the movie. For true fans of classic horror. This is for you. The movie is based with a investigator from Scotland Yard investigating the disappearance of an movie actor, and stumbles on to three other strange occurrences with past residents of the same house. <br /><br />I won't say anymore, for I will ruin the movie more than I already have. But it is a terrific movie for as old as it is. And would never mind watching it again!",positive
"So I'm looking to rent a DVD and I come across this movie called 'End Game'. It stars James Woods and Cuba Gooding JR and has the synopsis of a taught political thriller. Well worth a look then. Or so I thought.<br /><br />Boy, was I wrong.<br /><br />End Game has just about the most ridiculous plot I have ever had the displeasure of enduring. Now being something of a whodunnit, I can't really tear into it as I would like without 'ruining' it for those who have yet to experience this monstrosity. But questions such as 'Why has he/she/they done this?', and 'Where on earth did they get the resources to pull this off?' are all too abundant following the film's unintentionally hilarious conclusion.<br /><br />As for the acting - you know those films where you can almost feel that an actor's realised that they've made a terrible mistake in signing on for a movie, and this then shows in their performance? This is one of those. Accompany this with a laughable script and seriously flawed, irritating direction and you have the recipe for cinematic poison.<br /><br />Of course, this didn't make it to the cinema, and for the same reason you should not allow it into your living room; it is appalling.",negative
"This movie is... horrible and wonderful at the same time. I first saw it when I was about 13 or 14 years old, so it has a great deal of nostalgic value for me. In this movie, Cesar Romero actually plays the character of Octavio, the man who ""discovered"" Santana. There are also two other actors, Monte Markham (plays Sam, who is trying to save his daughter) and Peter Mark Richman (plays the priest), who have large filmographies, and these are the only performances that are okay. The rest of the acting and the movie itself have all of the B-film qualities that some of us cherish.<br /><br />I recently spent 2 years trying to acquire a copy of this movie, and it is almost nonexistent. I am assuming that it was discontinued very shortly after its release. But I did eventually find a copy and paid a pretty penny to acquire it. If you happen to come upon Judgement Day in a video store (unmistakeable with a cheesy green ""satan"" on the cover), count yourself among the blessed who live near one of the few video stores that still has a working copy. A must see for those of you who like to laugh at cheesy attempts at a scary movie.",negative
"Nothing really unpredictable in this movie, but a solid flick in all respects. Everything from acting to cinematography was solid. Not a perfectly linear plot line, but there wasn't anything you couldn't see coming. Perhaps a tad melodramatic at points, but again, a fairly decent movie none the less. Definitely worth checking out. If in doubt of what film to rent over the weekend, give this a go. Though you may not feel like running out and buying it, I found it to be quite worth while.",positive
"Uninspired direction leaves a decent cast stranded in a handsome but bland adaptation, in which dialogue seems recited rather than heartfelt, and cash strapped appearances by the ghosts fail to round up any sense of awe or magic; Edward Woodward, as the Ghost of Christmas Present, wobbles around on stilts and seems to be doing an impression of Bernard Cribbins. As Scrooge, George C. Scott is too wry, and he never seems to truly believe in it, which robs his performance of its effect. The scenes in which he's shown his past have as much impact as if he was half-heartedly flicking through his family album. No one else seems to be putting any effort in, except Frank Finlay, who chronically overacts.",negative
"Definitely, definitely the worst film I've ever seen, no questions asked! Contradictors of this opinion might argue that this title should not be judged by the same criteria as others, since it's an independent, low-budget film, but c'mon already  the amateurism and meager innovation is horrifying.<br /><br />Agreeing with everything that has been said about this film, for example the mind numbingly weak acting (when it's this bad you take another go at shooting the scene, god damn it), the thing I found the most annoying was the total lack of common sense in the script, assuming such a thing existed during the production. There was an obvious absence of a dialogue with respect for the viewers, the girls switched personalities several times and they seemed to show absolutely no sing of any rationality or even brains - five relatively fit girls against one slight female psychopath  gang up on her, why don't you?<br /><br />The only thing that can be regarded as somewhat of a conquest for this title is the camera not leaving the van at any time thus the viewer seeing everything from inside it - which is, as the rest of the film, a good idea executed exponentially dreadfully.<br /><br />oh and by the way, this movie is NOTHING like The Blair Witch Project or Cloverfield or any other title filmed with a hand-held camera  this is an effect and not a trait! Used cleverly it can be breathtaking, but in this case it's an excuse for inadequate cinematography.",negative
"After his classic film noir homage Chinatown Roman Polanski returned to the themes that had given him his greatest hits in the 60s with this creepy psychological horror which, like Repulsion and Rosemary's Baby, deals with the paranoia and claustrophobia generated by apartment living.<br /><br />Claustrophobic environments are the ones which Polanski is best at creating, and this has to be the most suffocating and confined picture he ever created. The emphasis on side walls and distant vanishing points is greater than ever, and even in the small number of exterior scenes the sky is rarely glimpsed. But The Tenant is not just confined spatially, but also in the intensity with which it focuses on its protagonist. Trelkovsky, played by Polanski himself is not only in every scene, he is in virtually every shot. When he is not on screen more often than not the camera becomes Trelkovsky's point of view. And of course almost everywhere he looks he sees his own reflection staring back at him in a mirror.<br /><br />I can't think of any film that is more about the internalisation and solitude of one character. Some psychological thrillers, like M or Peeping Tom, manipulate us into feeling sorry for the mentally ill protagonist. Others, like Psycho, attempt in-depth scientific analysis of his mental condition. The Tenant fits into neither of these categories  it simply immerses us completely inside Trelkovsky's experience without demanding we actually understand or appreciate what is going on inside his head. We feel his paranoia and obsession even though it is constantly revealed to us that they are irrational.<br /><br />Polanski was also a master of the slowly unfolding horror film. Often in his horrors there is an ambiguity as to whether there is actually anything sinister going on, but they are among the most effective at frightening audiences. Why? Precisely because they unfold so slowly and invest so much time in painstakingly setting up situations that they immerse the viewer in paranoia. A much later Polanski horror, The Ninth Gate is a bit of a mess plot-wise but at least it still manages to achieve that creeping sense of dread.<br /><br />This is a rare chance to see Polanski himself in a major role. His talent in front of the camera was as good as behind it, and he is absolutely perfect as the meek Trelkovsky. Another standout performance is that of the all-too-often overlooked Shelley Winters as the concierge. In actual fact it is rather a stellar cast, although many of the familiar faces look out of place in this strange, Gothic European movie. Also sadly many of the French actors in supporting roles are atrociously dubbed in the English language version.<br /><br />The Tenant is more polished and less pretentious than Repulsion, but it lacks the suspense and the character that make Rosemary's Baby so engrossing and entertaining. The Tenant is good, with no major flaws, and Polanski was really on top form as a director, but it's not among his most gripping works.",positive
"Fascinating downer about a would-be male hustler in New York City forced to live in a condemned building with a crippled con-man. Extremely bleak examination of modern-day moral and social decline, extremely well-directed by John Schlesinger (who never topped his work here) and superbly acted by Jon Voight and Dustin Hoffman. Packs quite a punch overall, yet the ""fantasy"" scenes--some of which are played for a chuckle--are mildly intrusive, as is the ""mod"" drug party. The relationship that develops between the two men is sentimental, yet the filmmakers are careful not to get mushy, and this gives the picture an edge it might not have had with a lesser director than Schlesinger. Originally X-rated in 1969, and the winner of the Best Picture Oscar; screenwriter Waldo Salt (who adapted James Leo Herilhy's book) and Schlesinger also won statues. ***1/2 from ****",positive
"This movie is silly and very short of being a funny movie. Unhappy 'easterners' are not pleased with being out west; so they hire a drunk wagon master(John Candy)to lead them back east. Sight gags were just not funny enough to carry this one. And Richard Lewis gets on your nerves very quickly; but then I honestly don't like him at anything he does. Ed Lauter is hilarious as the bumbling villain.<br /><br />The movie was dedicated to Candy. He died from a massive heart attack ten days before the movie was completed. A stand in and digital enhancement enabled Candy's character to be seen in the final scenes. Candy was a very good comedian and gave us some real good knee slapping, belly laughs in his career. This movie was just not the caliber of his best.<br /><br />Also in the film, you will recognize: William Sanderson, Gailard Sartain, Ethan Phillips, Ellen Greene and Rodney A. Grant.",negative
"Dolph Lundgren stars as a former cop/boxer who searches Boston's kinky scene to find out who killed his brother,who was well thought of in the community, however along the way he learns how his brother enjoyed kinky sex and that a serial killer is to blame. Dolph Lundgren is very good in this movie, in fact on the basis of his performance here, one would forget Lundgren's rise to fame involved action roles. That said the material gives Lundgren nothing to work with, in fact, Lundgren is completely left out to dry in a dreary thriller which is both predictable and incomprehensible. Co-Star Danielle Brett is also good, in fact the film works best when it centers around the chemistry of Lundgren and Brett, indeed had the film taken the time to explore their relationship the film would've been fairly decent. However the movie is lackluster, the action is non-existent, the plot not given enough exploration (Too much boring B.S around Lundgren's investigation of his brother's employer) and the film is needlessly gory and ridiculous. Once again, Lundgren is actually really good (As is newcomer Danielle Brett) but the film just lumbers from one sequence to the next, which makes this movie particularly disappointing. If anything else though, it shows how underrated Lundgren is, as an actor.<br /><br />*1/2 Out Of 4-(Poor)",negative
"I never heard of Mishima before I watched this film and although parts of it are a little tedious, I still find myself drawn to watch it when it is repeated on the box. At the beginning of the film, we are told about a celebrated Japanese writer behaves like a lunatic and commits seppuku in public. As the film progresses you are gently inducted into twisted logic of Mishima's mind. The stages of his life are are presented in four chapters. Each chapter itself is a blend of two contrasting narratives, the first continues the story with scenes from Mishima's life and appear in black and white. The second narrative is an adaptation of scenes from a novel and these are staged like a play and filmed in vivid colours. There is a different novel staged in each chapter. Between each chapter, the narrative returns to the present, as Mishima proceeds towards his eventual ritual suicide. This means that the drama and tension is maintained until the end.<br /><br />I suspect that many people will find this film to be boring pretentious and art-house. I respect that, this is not a film for people who want action and a strong story line. If on the other hand you are the kind of person who relishes the opportunity to penetrate the mind a bizarre man while watching his life story told in collage of beautiful pictures set to music by Philip Glass, you will love it. I loved it.<br /><br />",positive
"This program would be useful for training hardened felons basic human emotions. Beyond this purpose, the show has no value other than to fill bandwidth that would otherwise go unutilized in the electromagnetic spectrum. I feel a greater sense of suspense and anticipation listening to a computerized voice chip endlessly droning out the products of a random number generator. Fortunately, the helpful and frequent music cues will tell viewers how they're supposed to feel, in case they are unable to fully internalize the predictable and shallow plot line. I did find Amy to be a superficially positive character, as she is a role model to young women that they can serve in traditionally male fields. Unfortunately, her totally subjective approach to the law is guided solely by whatever capricious personal guidelines Amy elects to employ, resulting in Amy's trials more closely resembling appeals to the personal mercy of a tribal despot than a true administration of justice. This show is unpalatable in any amount, although this is to some extent mitigated after two episodes by the brain's god-given filtering processes, by which the show will thankfully leave the same imprint on the viewer's memory as a television tuned to a dead channel at maximum volume.",negative
"USA The Movie is like this: You take a nap on a long hot Sunday afternoon. It feels great to close your eyes and let your worries drift away. Soon you're lost in one of those intense lucid dreams where you know you're dreaming but you still can't wake up--not that you want to. You go with the flow, and soon you're in a kind of weird Alice in Wonderland story complete with characters you didn't think you could dream up. They're telling you all kinds of crazy stuff about war and peace while taking you through a trip into the past and even the future. <br /><br />The dream starts to get heavier and you feel like it's going down a path you can't control. Maybe you want to wake up so you try to open your eyes but you can''t . Now there's destruction and sadness and confusion and scary voices telling you what could be truth or could be lies. You're seeing images that flicker and change and then get clear, but do you even want to see what you're brain is creating for you? <br /><br />Finally you're lost in a myth world and you realize the end has come. The end of the world and the end of the dream. It's over. What do you wake up to? What do you do next? <br /><br />Maybe you'll write down that dream because you know dreams like don't happen too often-- and when they do you better pay attention. <br /><br />Or maybe you'll crack a beer and forget the whole thing. Bad idea. Don't forget.",positive
"Just saw it....the story, the plot, the script makes absolute no sense!! Its Samvise the brave part 2(without the RING), its characters showing up out of the blue(for no reason),its Hercules hated by everyone(no one knows why), its Leelee Sobiesky showing her true talents(two of them), its crappy special effects, its a few good actors wasting their talents(did I mention Leelee's two talents??)... do I have to say more??? ITS JUST AWFUL, even for NBC-TV standards!!! Its just the lowest....what a waste! by the way: how can you people give this mini-series so many stars????? Its beyond me!.... Shame on you! Have to make 10 lines, so this is my final word: AVOID, AVOID, if u are considering buying it!",negative
"Set in and near a poor working class town in the mountains of rural Italy, it's a story of madness. The landscape may be quite picturesque, but there's madness herein, concealed behind the mask of a person who seems outwardly normal. This person kills little children.<br /><br />In style and tone this film resembles Dario Argento's famous Italian giallos, those fascinating whodunit horror films, except that Argento's films are much better looking. Still, the visuals in Fulci's ""Don't Torture A Duckling"" are competent, with some interesting compositions and lighting. Lightning and thunder on a rainy night enhances suspense in one sequence wherein one of the ""ducklings"" is vulnerably alone.<br /><br />In one sequence the gore is a bit overdone. But this is no slasher film. A legitimate theme undergirds the story. And that theme is that madness can take many unexpected forms, not just the obvious delusions of people who practice voodoo or black magic.<br /><br />Plenty of red herrings render the puzzle solution difficult if the viewer doesn't assume an agenda on the part of the director. Don't dismiss someone who might not seem to be a suspect. The twist near the end provides good misdirection. However, in one scene midway through, a line of dialogue could have been added to clarify the relationship between two characters, one of whom is the murderer. The film's finale takes place on a beautiful mountaintop with the wind whistling in the background. We see flashbacks to clues and get insights into the killer's mindset.<br /><br />I don't care for the film's widescreen projection. But background music is effective, and ranges from jarringly creepy at the beginning to low-key jazz, to indigenous Italian songs. Acting is generally average, though in a couple of cases, it's a bit overdone.<br /><br />Though not as visually brilliant as Argento's giallos, ""Don't Torture A Duckling"" nevertheless is a fine film, one that contains a thematic storyline and enough of a whodunit puzzle to interest most viewers who like thrillers and murder mysteries.",positive
"""I haven't laughed this hard since granny got caught in the wringer,"" says one of the potheads in this hilarious quasi-spoof of all those Val Lewton and George A. Romero walking-dead movies we have come to love (or loath, depending on your personal taste) through the years. <br /><br />In this story, a young actor pair play a ghoulish prank on the rest of their troupe after, one spooky night, they visit a cemetery island. Their artistic director, Alan, pretends to bring the dead back to life by conducting a highly stylized ritual.<br /><br />Way too much screen time is misspent; the amateur dialog includes lame witticisms, melodrama and other kinds of unnecessary filler commentaries (And can't Alan stop that irritating laughter... way too much!). Once the action kicks in (which comes close to the end of this film), it's worth the wait. <br /><br />I saw this one on a late-night, local station television program that ran films very much like this one... only this one scared me at the age of 13... but then again, you might laugh your way through it, until the bitter end... ...which is probably the reason, nowadays, why very few people still wear striped hip-huggers.",negative
"The script for ""Scary Movie 2"" just wasn't ready to go. This is a problem with the film that is blatantly evident, to the actors and the audience alike. Director Keenan Ivory Wayans, and many of the actors are funny people; and so the movie isn't completely humorless. To their credit, the film has several funny moments. But as a whole, ""Scary Movie 2"" is not even close to being as clever and amusing as the original.<br /><br />The first ""Scary Movie"" was a laugh a minute film. It turned the smallest subtleties of the slasher film genre into comedic gold. The humor in ""Scary Movie 2"" is as heavy handed as it is un-original. They even miss obvious opportunities for parody. Two of the movies stars are former cast members of ""Beverly Hills 90210,"" and this was a show that was begging to be parodied! In the final analysis, ""Scary Movie 2"" is like a fine bottle of wine that was opened far too soon. The script needed a lot more time to age. 2 stars out of 5.",negative
"Having majored in Western History when I was a student in college seeing the views on World War II are quite discomforting and in a whole completely wrong. World War II was the most graphic and bloody affairs to ever occur in world history. While the Axis Powers conducted many crimes against humanity which is still the view today and the correct many people forget that not every German soldier was out to exterminate the Jewish population, not every Japanese soldier swung a samurai sword around and flew kamikaze missions, and not every Italian soldier was a Fascist. Most of these soldiers for the Axis powers were normal people like you and I caught in a terrible conflict and just happened to be fighting for a country they loved.<br /><br />The Battle of Stalingrad was arguably the most lethal battles in world history with over 1,500,000 casualties sustained over the course of the battle. The film Stalingrad follows a German platoon and its leader Lieutenant von Witzland as they are reassigned to the Eastern Front to battle the Soviets at Stalingrad. Von Witzland acts as sort of the main character with two other men, Rollo and Fritzi. They all are normal men and seem to be completely unaware to what is happening back in Germany and Poland.<br /><br />The film follows the course of the battle. The film is overall very bleak when it comes to its portrayal of combat and a soldiers life during the battle. We are shown numerous gruesome battles and intense violence outside of the battles (including a firing squad sequence). Overall the battles are the earliest examples that I know of that portray the loss of limbs and overall in your face death sequences and violence. Much of the inspiration for Saving Private Ryan's battle sequences seem to have come from this film.<br /><br />The film does not aim to make the German's completely innocent of everything in the film. Several of the higher ranking officers of the army are portrayed in the usual view most people are use to, evil. Most of the soldiers are just normal people who often speak of home. The film makes it clear quite quickly that not all Germans were responsible for what happened during the Holocaust, most of the country and army was entirely oblivious to the fact that genocide was taking place. The film makes it clear that the soldiers in the Germany Army was simply fighting for a cause they really didn't understand and most wished just to return home rather than freezing in negative degree temperatures in Russia.<br /><br />The film really shows how hellish war is, especially World War II. The battle scenes will shock you with its gritty realism and the story is quite easy to follow as you are simply following a platoon during the battle. As with most war films do not expect much happiness after seeing it. It will leave you in a bit of a depressed mood just from seeing the life most of the soldiers on the Eastern Front faced. Not recommended for children. <br /><br />4/5 stars",positive
"Okay, I am a fan of the Nightmare series and everyone says on here that this is the worst! But it's NOT!!! Haven't's you seen Freddy's Revenge??? WTF! That was the worst of all!!! Now this movie is pretty decent and it sticks to the Freddy story and it's cool that he had a daughter etc. etc.<br /><br />And then I found out it was in 3-D!!! I was so excited, I remember when I saw it on the DVD box set I instantly skipped to the 3-D sequences. Quite a lot was in 3-D though like Lisa Zanes hand, Dream Demons, Freddy's Claw (more than once), Lezlie Dean holding a knife, Lisa Zane with a Baseball Bat, Doc's hand, Freddy's head exploding.<br /><br />I truly loved this movie because it was in 3-D, but I wish the whole movie was in 3-D not just the last 15 minutes.<br /><br />By the Way it's 15 minutes NOT TEN!!!!!!!!!!!!!!!!",positive
"Gene Hackman gets himself busted out of prison by a nameless government agency who want him for an assassination. It's a given of course that Hackman has the proficient skills for the job.<br /><br />Nobody tells him anything though, he's given as the audience is given bits and pieces of information. That's supposed to be suspenseful, instead it's annoying and boring. <br /><br />Hackman goes through with the mission, but the getaway is messed up and the guy at the top of this mysterious entity orders everybody dead to cover it up. So everyone in the cast dies and at the end you don't really care.<br /><br />One of the other reviewers pointed out that the film was originally twice as long, almost three hours and got chopped down quite a bit. Maybe something really was lost in the translation, but I tend to think it was a mercy act on the audience.<br /><br />A very talented cast that had people like Richard Widmark, Candice Bergen, Mickey Rooney, Eli Wallach, and Edward Albert is so thoroughly wasted here it's a crime. <br /><br />And we never do find out just what federal agency was doing all this, the FBI, the CIA, the DEA or even the IRS.",negative
"Seeing this movie, as I just did for the first time on Turner Classic (which lists it as ""Dangerous Female""), can only multiply your appreciation for the 1941 Bogart-Astor version. Ricardo Cortez must have been getting paid by the smirk. I hope he remembered his dentist and his Brylcreem salesman in his will; they made him the actor he was. The women are all good, but no better than that. Well, Una Merkel is a little better. More interesting are the ""original"" Joel Cairo and Mr. Gutman, who competently deliver many of the individual tics but almost nothing of the set-changing atmospherics of their successors in the roles, Peter Lorre and Sydney Greenstreet. Humphrey Bogart and Mary Astor somehow transcended the essential seediness of their characters in the remake; here, Sam Spade and Ruth Wonderley(!) can't. <br /><br />This movie doesn't exactly stink; it lies there like a big slice of ham. Its chief value today is as a reminder that great movies like the '41 ""Falcon"" don't just happen. On the 1-to-10 scale I rate it a 4, mainly for the camera work and the supporting players.",negative
"I hired the DVD yesterday and first of all it started bad, it's 4:3 aspect ratio film, and it just keeps getting worse, the acting is so bad and the movie itself is way to predictable, I was like watching the movie and said to myself: this going to happen next and guess what happened? right...<br /><br />if you want to see a good action boxing movie, don't watch this one you'll end disappointed on this low-budget movie like I did. go and see Ali its way better!",negative
"Even though this is the first film by the broken lizard group, it's the last one I saw. Having mildly enjoyed Super Troopers, and managed to sit through the crap that is club dred and beerfest, I was surprised to hear they did an earlier film. Now i didn't sit down with high hopes, but was hoping for a funny campus romp. My friend asked me to keep in mind they are younger (obviously) and its their first foray into film. I did and was still disappointed. Not taking away the acting and comedy skills of the BL guys, they were OK. The whole film was tiresome, clichéd and frankly boring. Some of the other actors in the film were really poor at acting. And the Rugby game didn't even resemble rugby. Poor showing. They improved drastically with Super Troopers and have declined since. Lets hope they get back on form with Super Troopers 2",negative
"The movie Angels of the Universe is a pure masterpiece and it proves once again that you can make a brilliant movie on a low budget, e.g American Beauty and Blair Witch Project. The Director Fridrik Thór Fridriksson gives the novel Englar alheimsins a new life on the white screen. The movie is a breakthrough in Icelandic film making because it's the biggest and the greatest movie that has been done in Iceland.<br /><br />The music in the film, played by Sigurrós, is very symbolic for the film, it is absolutely brilliant. I recommend everybody who are able to think to go and see this film as soon as possible, you won't be disappointed. I would bet on this film to win the best foreign film award next year  all over the globe!",positive
"First and foremost this movie has the stupidest plot of any movie I have ever seen, and unfortunately I had to see this one. I was flipping through channels one day and stumbled upon this lousy excuse for a movie, and it confirmed what I have been saying for a long time. Carrot Top is not an actor, and IS NOT funny in the slightest sense. He acts like he's a great comedian and thinks he commands the audiences attention. Frankly he has the acting ability of a 10 year old class clown, scratch that less than a 10 year old's ability to compare them to Carrot Top would be a grave insult upon their good name. This movie tries to be funny using dull one liners which all seem to have been lifted from 50's cartoons. By the end I would have done anything to erase my memory of this movie, but sadly the memories stay with me. The only thing I can do is to warn others to never to watch this movie. However it proves the rumors true Carrot Top can't act worth a damn.",negative
"Long, boring, blasphemous. Never have I been so glad to see ending credits roll.",negative
"Ann-Margret did the best job she has ever done in her history of film making. I felt as if she WAS Mrs. Frey. There might be one or two films of Ann-Margret's I have not seen since her film debut in ""Pocket full of Miracles"" with Betty Davis in 1961. I feel she has been totally under-rated in the industry. Though she was nominated for an Emmy Award for this role in ""Who Will Love My Children,"" she was overlooked. Like she was nominated for an Academy Award for her roles in ""Carnal Knowledge"" and ""Tommy,"" she was snubbed. Over all, I think everyone did a superb acting job including all the children in ""Who Will Love My Children."" Yes, it is a sad movie (as true stories can be), but well worth the time. Thank you.",positive
"Guys and Dolls is a unique play based on the characters. Sky Masterson<br /><br />(Marlon Brando) is a high-class gambler who takes up a bet with Nathan Detroit (Frank Sinatra) for one-thousand dollars. Nathan needs the money so he can<br /><br />run his usual crap game and make a fortune. The bet was that Sky wouldn't be able to take just any girl to Havana, Cuba and the ""doll"" he chose was Sarah<br /><br />Brown (Jean Simmons) who was in charge of a missionary. Sky finally bribes<br /><br />Sarah enough to go to Havana with him. They end up falling in love with each other, but later she accuses him of something he had no part in. Nathan ran a crap game in the missionary the night they were gone. Nathan's 14 year fiancé Adelaide (Vivian Blaine) disapproves of Nathan's gambling and tries to stop him from doing it. However, when the movie ends it all ends happy with a double<br /><br />wedding.<br /><br />The songs in this movie are just wonderful no matter who sings it. Marlon<br /><br />Brando has no singing voice at all and true they could have dubbed him but it didn't really matter. He did a wonderful acting job (obviously seeing as it's Brando) and played his character very well. I have seen a few movies with Jean Simmons and thought that this movie was her weakest one, she also couldn't<br /><br />sing at all. However, the singing is made up by Frank Sinatra, Vivien Blaine, and Stubby Kaye. Vivien Blaine and Stubby Kaye was also in the original<br /><br />Broadway production of Guys and Dolls. Vivien Blaine had a terrific voice and was the perfect Adelaide. If you like musical, and even if you don't, i advise you to watch this.",positive
"Can I just start by saying I'm a fan of bad movies. And this is a really bad movie. It states on the front 100 passengers, 3000 snakes, but I think it's more accurate to say 12 passengers and about 20 snakes.<br /><br />The snakes don't do anything particularly interesting, the whole movie in fact just blunders on with little happening. Although there is occasionally a great gore shot of pulsating arms and green goo puke (bad movies have to have green goo don't they?).<br /><br />But then the ending comes along and will quite literally smack you off you seat in hysteria. and for that, this movie gets a boost up to a 2* rating.<br /><br />There are certain movies about in the world that you will want to show to your friends, just so you can watch there reaction when a certain event happens in them.<br /><br />For example The arrival of 'Big Man' in R Kelly's 'trapped in the closet' 'The LINE' in 'Shark Attack 3' (you'll know it when you hear it) The arrival of the mama shark in 'Shark Attack 3' Almost every scene of 'troll 2' The ending of 'Dracula 3000' (just for utter disbelief and confusion) and the end of this movie proudly sits in this category. It's worth sitting through just for that. So get drunk, stoned, whatever your poison is and watch this movie with some mates.<br /><br />Quite simply, if you like bad movies, get this, but don't get it confused with 'Snakes on a plane' ... there's no relation.<br /><br />And don't pay more than a fiver for it either ....",negative
"I got subjected to this pile one Wednesday afternoon when my mother-in-law was watching it. I can't get over someone basically doing a remake of a crappy high budget Hollywood flop (""the CORE"" with washed up actors like Luke Perry). If the HIGH budget one flopped, what makes people think doing the SAME movie 2 years later with NO budget would go anywhere? I was laughing through most of the movie because of how insanely similar it was (in fact I am shocked it's not held up in Legal rather than airing on TV), and how it was basically the script of the CORE just redone badly, which if you have seen ""the Core"", you know why doing it worse is funny, since the CORE was ALREADY so bad it was funny.<br /><br />If you enjoy getting a laugh out of REALLY bad movies, this one will be right up your alley. The only thing I can say, is that I wish Luke Perry was able to have a career, because he isn't a horrible actor.. he just lands horrible roles. Crappy made for TV movies that will only run on daytime television is pretty much one step closer to the end for him, if it wasn't for 90210 he would have a career.",negative
"I've been looking forward to the release of this movie since I first heard the concept two years ago, and I was not disappointed. I won't bother summarizing the story since everyone else has, but I will say that it was just plain entertaining throughout. The performances were great, as was the music, and the main characters were likeable.<br /><br />My only complaints are: (1) the story was definitely lacking; the movie wrapped up very abruptly- in fact the writing became pretty lax in the second half, as though the writers weren't sure what to do with the plot. Since the plot wasn't nearly as important as the music and the action, this didn't really affect the entertainment value of the film, so this is not as major a complaint as it would seem.<br /><br />(2) This is really nitpicky, but the music that the characters in the movie were listening to was sometimes dated after 1985, when the movie was set. INXS' Devil Inside was from 1987 and AC/DC's Are You Ready was from 1990, among other mistakes. This bothers me a bit, since they obviously went to lengths to make a good period piece, they could have checked the copyright date on these songs to make sure they were 1985 or earlier. Again, not a big deal.<br /><br />Oh, I thought of something else that was strange. The Steel Dragon band members were supposed to be English, but for some reason Dokken bassist Jeff Pilson and Ozzy guitarist Zakk Wylde played band members, and they each had a couple of speaking lines in AMERICAN accents. That was kind of lazy also, but it was still cool to see actual musicians playing musicians, so I will forgive that as well.<br /><br />I could probably nitpick all day, but I don't want to give the impression that this wasn't a super entertaining movie. I will probably buy the DVD when it comes out, and I will certainly buy the soundtrack CD simply for the six Steel Dragon songs (some of which were sung by the singer from the band Steelheart, if you remember them!). The highlight of the film was possibly a great outtake where Mark Wahlberg is lipsynching to a rock song on stage and suddenly someone plays ""Good Vibrations"" by Marky Mark and the Funky Bunch. The surprised look of Mark's face is priceless. Classic rock and roll flick! Score: 8/10 due to extreme entertainment",positive
"This BBC series is excellent. I am no Paleontologist, but this series gives the best historical representation of dinosaurs I have ever seen. The 3D animation and animatronics are very good and make you believe you have travelled back in time. The BBC deserves a pat on the back for such a fine series as well as Tim Haines who must have spent a great deal of time getting this series to air.",positive
"I loved it, it was really gruesome and disgusting. I thought that the tearing of the human flesh was thoroughly provacative. the way that it was depicting the human crucifix about Jesus Christ was really interesting. The tearing about limbs and jaws was awesome brutally gruesome. Don't watch this if you have a weak heart, you wouldn't be able to stand it.",positive
"watch this movie. it's truly a good ride through the difficulties of making a indie movie, and what happens when it blows up in the film maker's face. there's a lot of stuff about punk rock, and the philosophy behind that movement and it's relationship to this project. so if you're into old punk, American punk, you'll dig it.... but, beware, there's a ton of bad acting bits from the failed project that are incorporated... yet they do come off funny at times. and, actually, some of the best parts are listening to people who have never been involved in movie making pontificate and what they went through in the three year period that it took to put this together. so anyone out there that's about to make a film, especially if you haven't been to film school or worked in the field, you should watch this and learn from the film maker's mistakes.",positive
"There's so many negative reviews about ""Stay away, Joe"" in here I just can't stay quiet any longer and let this injustice happen. Here's a side you haven't heard yet.<br /><br />Elvis Presley's movies are my guilty pleasure for a simple reason: they are perfect films for a pure relaxation because I don't have to think when I watch them. That means I don't have to worry about missing a complex plot because there never is a proper plot to start with. I can just kick off my shoes, grab a beer, sit back, switch off my brains and enjoy all the general wackiness and catchy easy-going rock n' roll tunes from the grooviest decade of them all.<br /><br />In my books ""Stay away, Joe"" definitely falls into the ""so bad it's good""-category. Now if you're like me and appreciate ""the trash value"", this is the ultimate 1960's camp experience. It's so bad that it's almost surrealistic to watch and just when you think that it can't possibly get any worse it surprises you in the most imaginable ways. In the end you're so amazed by all the new levels of stupidity you just don't know whether to laugh or cry. In a nutshell: I love it because it's so damn amusing that there once was a generation that actually made films like this. I still give it 1 out of 10 though - once it hits the bottom 100 it will became an instant bad movie classic.",negative
"In Holland a gay writer Gerard (Jeroen Krabbe) gives a lecture. He stays overnight with a beautiful woman Christine (Renee Soutendijk) and has sex with her (by imagining she's a boy). He plans to leave the next day, but gets a look at a picture of Christine's hunky boyfriend Herman (Thom Hoffman) and decides to stay to have a try at him. Then things get strange.<br /><br />A big X-rated art house hit in the US in 1983. Why was it X rated? Let's see...there's strangulation, full frontal male and female nudity, castration, mutilation, simulated sex, a scene in a church with a cross that will shock most people, a gay sex scene in a crypt...and it's all a comedy!!!!! Paul Verhoeven made this after ""Spetters"". ""Spetters"" was attacked by the critics for it's extreme sexual sequences and denounced as trash. So, Verhoeven filled this film with very obvious symbolism thinking the critics would think it was art and praise it. He was right! Critics loved the film not realizing that Verhoeven was playing a big joke on them. Still, it's a great film. <br /><br />It's beautifully shot by Jan de Bont (now a director himself) and there's so much symbolism and obvious ""hidden"" layers in the dialogue that you're never bored. All the acting is great--Krabbe plays a thoroughly despicable character but (somehow) has you rooting for him; Soutendijk is just stunning to look at and plays her part to perfection--the little smile she gives when Gerard agrees to stay with her is chilling; Hoffman is extremely handsome with a great body--he deserves credit for doing the church sequence and going at with Krabbe in the crypt.<br /><br />This is not for people easily offended or the weak of heart, but if you like extreme movies that playfully challenge you (like me) this is for you! A 10 all the way.",positive
"There is a certain genius behind this movie. I was laughing throughout. The scene in the phone sex office, discussing how love heals the doppelganger was a nice attempt at this genius/humor. Execution is poor, but you can see the writer's message and they do have some talent. The doppelganger split at the end was like... ""ok, wasn't quite expecting that but let's see what the movie has to say"". Certainly ridiculous, but a sweet idea and actually very coherent to the story in a strange way.<br /><br />Is the point of a movie to be logical or is it to be entertaining or communicate on an emotional level? i'm easily bored by many movies, but this one kept my interest throughout.<br /><br />I think the story may have some auto-biographical roots, but that's just a guess. Horribly bad, but good. I'm looking for other movies this person may have done (with more experience).",positive
The main reason to check this one out is to watch Laura Gemser in all her glory.<br /><br />That's reason enough for me.<br /><br />She heads to Africa as guests of another rich guy that seems to be all over these films. Huge mansion near the jungle. Hunters staying around for parties when they aren't out hunting zebras. And said parties becoming drunken orgies.<br /><br />All the high society types in the Emanuelle films seem to have out of control fetishes. And Emanuelle beds most of them.<br /><br />Joe D'Amato did NOT direct this one. He just ripped it off and used the same cast(s). And did anyone notice the 'subliminal' sexual images at the gas station? And why did most of the men stay dressed during the sex scenes? <br /><br />Coherence? Hardly any. BUT GODDESS GEMSER IS BEAUTIFUL.,positive
"This second film is just as interesting as the previous one except that there is no suspense. We know what he is going to do and what is going to happen before it is even hinted at on the screen. Then the pleasure comes only from the way the various tricks happen and the succession of them. We know there will be dynamite in the car, that he will lose a wheel, that the car will have a crash, just to speak of the car. And that is what happens. Now the details and the particulars are for you to discover them in the film. That he may be baited by some dumb woman is obvious and has to come but we know that he has already seen through her and that he knows he is being dragged into a trap. Now, how is he going to get out of it? That's what you must discover by yourself. And don't worry he will get the main trafficker but how is another story. A speed boat is no match to our busy beaver on the river. We also know when he is going to be wounded. They did not know what bullet-proof jackets were in those days. It's true recently it was discovered that some GIs did not have that kind of equipment in Iraq. But what is the meaning of such a film? This insistence on hunting the traffickers and this blindness that does not see that it is the prohibition that creates the problem. But the film is a constant and perfect illustration that there is no value what so ever that can stand in the way of this moralistic crusade against the forces of evil. Why not simply legalize these goods so that they can be properly observed and under surveillance? When something is not illegal or pushed out of the way it is all the less fun to use them, to do them. It is the forbidden or the restricted that is attractive.<br /><br />Dr Jacques COULARDEAU, University Paris Dauphine, University Paris 1 Pantheon Sorbonne & University Versailles Saint Quentin en Yvelines",positive
"This is a pretty simplistic romance. Girl finds boy, girl loves boy, girl loses boy, girl finds boy. Colleen Moore is the outstanding ingredient in this recipe, delivering a wonderfully varied dramatic/romantic performance, well deserving of an Oscar nom. Equally fine are the aerial combat special effects.<br /><br />Moore plays a French girl whose mother has turned over their field to a British aerial squadron during WWI. She is the ""daughter of the regiment"", loved as a little sister. Into this mix comes a fill-in for a downed flyer, Gary Cooper. At first they hate each other, then they love each other, then the entire squadron is sent out on a suicide mission. Cooper returns but crashes in the village and a red cross unit removes him. Moore searches for him, is told at a hospital he is dead, then wanders the streets until he calls from a hospital window and they are reunited.<br /><br />It's a nice little romance, but hardly more than that. Recommended for fans of Ms. Moore and Mr. Cooper",negative
"A hilarious and insightful perspective of the dating world is portrayed in this off beat comedy by first time writer/director Peter M. Cohen. The story unfolds as the four male protagonists meet weekly at the local diner to confer about their dating woes. We meet Brad: a good-looking, wall-street playboy with a quick-wit and sharp tongue; Zeek: a cynical, sensitive writer; Jonathan: a sexually perplexed nice guy with an affinity for hand creams and masturbation; and Eric: the married guy, who cherishes his weekly encounters with his single friends in hope for some enlightenment to his boring and banal married existence. The trials and tribulations of the men's single lives in New York are amusingly expressed, mirroring that of Sex in the City and HBO's new comedy The Mind of Married Man, and bring an astute light to scamming. The story takes a twist as the three singletons meet Mia--wittily played by Amanda Peet-and all fall for her. She seduces them each with her uncanny ability to conform to the personalities' they exhibit. When they come to realize they have all met and fallen in love with the same woman, they chose her over their friendship. Whipped is a realistic portrayal of the dating world, one that the critic's failed to recognize. In plain language, they missed the point. The protagonist's here are caricatures of real people. The exaggerations are hysterical, mixing satire and humility, and are not to be taken as seriously as the critic's disparagement suggests. See this movie, you'll laugh from start to finish.",positive
"0*'s Christian Slater, Tara Reid, Stephen Dorff, Frank C. Turner, Mathew Walker, Will Sanderson. Directed by Uwe Boll.<br /><br />Based on the video game director Uwe Boll attempts to recreate the game into an action-packed nail biter sadly he doesn't succeed. Instead he makes one of the worst movies ever MADE! Even though he gets minor celebrity such as Christian Slater, Tara Reid and Stephen Dorff his movie lacks the necessary fundamentals that a movie needs to be good such as a story line, and some basic relativity of what's going on in the dark and the light. The movie bounces all around and Uwe Boll has no creative control. And not to mention the bad CGI used on making the monsters. Even though they did look cool and the feedings were well, a little lame. Honestly this is one of the worst movies ever made. My final rating 0/10.",negative
"I am from the Dallas/Fort Worth area and lived in Arlington for a few years. This movie was way off as far as making it look like Arlington. I saw mountains in the background of one scene! Texas doesn't have mountains. I guess that happens when a movie that is supposed to be in Texas is filmed in Canada. The accents are also really bad. They should have gotten actors from Texas to play the parts. There a lot of aspiring actors from Texas out in Hollywood. The movie is really sad though, because it is a true story. I pray that the killer is found and convicted. The one good thing is that bc of her death, we now have the Amber Alert to help find missing children quickly after they are abducted.",negative
"The superb star quality of Gerard Philipe, who died way too young, leaps from the screen in this witty, funny, sly swashbuckling comedy with plenty of sword fencing and knockabout antics. Charmingly loopy in its' storytelling, impossible to resist. A sweet romantic comedy with a very young Gina Lollobrigida as the love interest. A movie one will remember with great affection.",positive
"The Haunting is a film that boasts a really creepy house, good effects work and sound work, a cast that seems to believe that everything around them is real and that house. There are scenes that make you jump, and the sinister aspects of what went on at Hill House in the past, I found interesting. There are genuinely creepy moments in the film and I liked the way the ghosts manifested themselves in sheets, curtains and the house itself. Jerry Goldsmith's score gave it the right atmosphere and the sound design had voices popping up around you. What I wish could've happened is for something a little more intense. Jan De Bont had a PG-13 rating to contend with and I think that he held back a little too much. Poltergeist scared me silly when I saw it many years ago, and it still holds up. The Haunting could've used a few more scenes of pure terror. The ending was for me, a little anticlimactic. Overall, I enjoyed it. The acting is good and there are moments that make you jump. I just wish it scared me more.",positive
"I'm sure this is a show no one is that familiar of and might not think good of it; after all it is almost close to Baywatch Hawaii. With the cast, the location, style of the directing and its publicity  shows women walking around on the beach and all that. No wonder people have misconception and decide not to watch it.<br /><br />It was wrong of them to do that. Cause after I decide to watch the show, there are actually more thing going on, real juicy story and conflict, turn out to be really exciting to watch and pretty much  addictive.<br /><br />The story of the hotel clerks, the manager, the owner and their complicated love life. Also enter the troublesome hotel's visitor and powerful man trying to steal the hotel. It actually more exciting than it sounds here.<br /><br />I won't deny that the acting suck but it ain't that bad that you'll look away. The story is not so consistence but good enough. The soundtrack is fitting pretty well with the scenario and the action is all the time. I took me couple of episode before there is actually anything happen solidly so be patience.<br /><br />Recommendation: I Really Do Enjoy Watching This. Zillion Times Better Than Expected.<br /><br />Rating: 7.5/10 (Grade: B)<br /><br />Please Rate My Review After Reading It, Thanks.",positive
"I gave this more than a 1 because I did think there were some moral lessons in this story and it provoked some thought and comment from my wife and I. The acting and the dialogue were mediocre and I must confess I came out feeling like I had been beaten over the head with the God this , God that and Christ is our saviour stuff. The movie and the story line did not need it. If , as I am , you are a recovering Catholic or Christian avoid this one it will make you nauseous. The movie did a good job of demonstrating the thin line between being a good citizen and how someone could become a potential stalker focused on what might have been.",negative
"Two years ago at Sundance I loved Josh Kornbluth's directing debut-Haiku Tunnel. So I was looking forward to his brother (and frequent collaborator) Jacob's, The Best Thief in the World. This is a drama about a seemingly good kid growing up in a lower-class area of New York. The movie is not without its poignant moments. But at times it is as if Kornbluth is working way too hard to state the obvious: Life can be very difficult for some people. And life isn't fair.<br /><br />More subtle, and more important, is our understanding that despite all of these somewhat abhorrent cultural underpinnings and the anti-social behavior they may spawn, these characters have no shortage of goodness and humanity. We can recoil at their language and their living conditions, but we are cannot discount their intent. And in fact, their struggles to maintain a family under such adversity has a certain nobility that most of us can barely appreciate. Kornbluth grew up in this neighborhood, and his compassion for the people is evident throughout.<br /><br />Having said all this, The Best Thief in the World suffers from many painful flaws (including the title). The characters aren't very believable. The writing is uneven. And the plot-line is barely discernible. And for many the most disturbing is that Kornbluth uses two young black boys mimicking gangsta rap between scenes. To each his own: But while I don't question the potential realism of this phenomenon, it pains me to see 5-year-old children mf'ing and talking about having sex with a line-up of women. It's unnecessary shock value and is a forced bit of borrowed interest.",negative
"Generally it was a good movie with an ideal ending; the acting was spectacular and the characters didn't stray from their persons. I especially liked the plot, although you knew what was going to happen it still gave the element of surprise through out the entire movie. However, I find that coming on to the ending it could have been a little longer (extended maybe)- to me it seemed like it was rushed a bit; as if the writer was trying to take linens off the lines before the rain fell. For instance- What happened to Tristan's brother, Hayden? For all we know he died in the hospital. Maybe he was the one that setup the entire thing?! Who knows! Maybe there will be a sequel? Maybe? If there is.. I cant wait to see it.",positive
"I am so insulted by this movie, it's not even funny... And I thought ""Mulan"" was unbelievable! However low my expectations of Disney have become, I never figured they'd do something so stereotypical yet so off. There is no respect here for any true Chinese culture, just the Hollywood tradition of random martial arts.<br /><br />I appreciate that they tried to make Wendy into a normal teenage girl... But, fortunately, most normal teenage girls--particularly Asian teenage girls--are much less obsessed with such shallow aspects of life. And from a cultural stand point, it's almost impossible. Yes, there are girls who are wrapped up in popularity and fashion, but they're pretty rare. And even the ones who are are still fairly decent scholars. Another stereotype, maybe, but a fairly true one. Because that's how Chinese parents work. That's how Chinese values work. If they wanted to go for authenticity, they would've made Wendy an ironic girl with glasses and a love-hate relationship with her family.<br /><br />This just adds to my frustration with American movies. Asian culture isn't about meditation and vague, nature-oriented phrases that sound wise. We don't walk around smiling enigmatically all the time, and we don't all know some form of martial arts. We're a PEOPLE, and I'd appreciate it if someone would write an Asian part that doesn't portray us as some sad caricature.",negative
"I first saw this movie when I was very little. I was born in 1985, so it was around the age when 80s cartoons were big. My mother taped it one day thinking I might like it. I had never even heard of the Rainbow Bright TV show before I was introduced to the movie. When I saw it (on one of those old BETA tapes...) I loved it. I became addicted to it. There are people who say it's badly written and all that, but it's a kid's movie, and things like that don't matter much to children. I loved the story, and especially liked the songs and all the female characters. Of course I pretended to be them, and in the scene where Rainbow first met Krys and they were repulsed they had to work with the opposite sex, I could totally relate. The story was the basic good vs. evil that children enjoy, and there were enough happy moments to balance out the scary ones. The world is a fantastic place that would stimulate the imagination of any young child. I am very glad I had an opportunity to see this movie when I was little. It made a big impact, and watching it now brings back happy memories of childhood. I would recommend to any parent with young children to rent this movie. It will trigger their imagination and provide plenty of entertainment. You're only a child once, so don't let them miss out on this one!",positive
"I was excited at the concept of my favorite comic book hero being on television... and sorely disappointed at the end result.<br /><br />The only ""amazing"" thing was the wall crawling (despite the visibility of the cable). I didn't think Nick Hammond was Peter Parker... and he was visibly of a different build than the guy who did the stunts in the spider suit. You could tell they were two different actors.<br /><br />Granted, I can also spot in the modern Spider-Man movies when I am looking at Tobey Macguire and when I am looking at CGI. But that is from a trained eye and experience working with CGI. Still, the 70's version could have been better despite lack of Special FX.<br /><br />The webs were hokey and looked like ropes that seemed to wrap around things rather than stick to them. And what was up with giving him a spider mobile to ride around in. Hello? He's the web slinger people.<br /><br />Sorry... didn't mean to get so worked up, but our beloved wall crawler deserved better.",negative
"""This Man's Navy"" is, as other comments have indicated, a rare and well-filmed look at Navy lighter than air (LTA) activities. The LTA crews were justly proud that the convoys they shadowed never lost a ship to submarine attack. And the filming at the various NAS locations give a valuable glimpse at a type of aviation that is long gone. However, the first half of the movie is all about Beery, his relationship with his service pals, and him meeting the Tom Drake character and his mother, and getting Drake's leg fixed. Only then does the second film start. The second film is mostly LTAs in action, taking on a surfaced sub, guys get killed and much damage is caused. The look is fairly gritty and realistic, I imagine. Then we shift to Southeast Asia. Did the Navy have LTAs there? Never mind, this part is really wild, with a blimp being used to extract some downed aircrew from the jungle. And the Japs are shooting like mad. Shades of Vietnam, except the getaway is oh, so leisurely. This is a blimp we're talking about. In the end, a feel-good WWII drama about a very unusual part of the war.",positive
"Ladies and gentlemen: the show begins with this documentary film. It's structured in three chapters, each one chronologically arranged. The first presents the classical physics and links to Einstein. The second studies in depth the quantum physics and enters in String theory. The last reveals the Everything theory... The difficult concepts used here are introduced in a very simple way, with daily objects; although you must believe them without checking by yourself -if you are not a scientist- (and even if you are a scientist!!). The film is not a masterpiece by its fabulous technique or the way it's produced; what really imports is the story, and WHAT A STORY!!!",positive
"I think you would have to be from the USA to get a lot of the jokes. But if you liked Princess Bride and Forest Gump, You would like this movie. You can't compare the quality of the filming to those of course, but having the cameraman trip was obviously done on purpose. Killer Tomatoes is a hundred times better than Nepolean Dynamite. Just my opinion. I'm sure that people from France would not appreciate the caricatures of the French. So this film isn't for a world audience. And while I am not a trained film critic, I know what I like. I couldn't stop laughing through the whole movie. My sides and my jaws were hurting at the end of the movie.",positive
"No movies have grabbed my attention like this one has. You see, I have wanted to watch this movie again for over twenty-five years. The one and only time I saw it was as a teen-ager which may have been the year it was released, 1977.<br /><br />What I do remember of the movie is that it touched those deep-held emotions so profoundly that there is still an overwhelming desire to watch it again. The intrigue this movie provides by the human element of father/son seeking and searching is sure to touch every human soul who watches it. Why this movie has not been brought out of storage and shown as often as many other movies of lesser depth, I do not know.<br /><br />Postscript: Received copy of movie and after watching it again was delighted to see that my memory held true. Rating reflects movie content. Would like to watch this movie on DVD as seeing this 1977 production on a used VHS tape took away from the overall quality.",positive
"This is one of the worst films I've seen for years. The storyline has potential that is never realized. The actors are a poor choice, but considering the screen writing, their talent isn't wasted. I really wanted everyone dead as quickly as possible so I could get out and watch something else. Unfortunately, I did stay to the end and had a laugh at the murmurs of people moaning about how crappy this is. There wasn't booing, after all, this is England, just gentle moans about how crap that was. Then, I look on IMDb and see 288 people have given it 10 out of 10. I really just cannot see how those people are able to give that score. They must be a PR company working with the distributor. There's a hilarious set problem towards the end of the film, when in the graveyard and the hick attacks, look out for the dodgy scenery that rocks when touched (supposed to be a brick wall) - the blood effects are waaaay OTT - the film feels like everyone is making a spoof horror except the Director.",negative
"I wish I would have read more reviews and more opinions about this movie before I rented it. A waste of money. A waste of time. Very little dialog. The dialog was hard to understand in every way. The storyline and plot were both weak. The only thing that was nice at all was the cinematography.<br /><br />The characters were interesting. At the same time you will spend so much time trying to figure things out, because of the lack of dialog, that you will be rewinding the movie a lot. <br /><br />Do not watch this movie. It was a mess and will leave you feeling like a mess.<br /><br />You will say, what the heck was that, when the movie ends?",negative
"I was debating between this movie and 2012 but chose Inglourious Basterds due to it's amazingly high IMDb rating. I must say now, what a disappointment. I expected a certain amount of gratuitous violence, but I also expected a lot of witty dialog. I got a huge dosage of the former, but not nearly enough of the latter. I felt shortchanged. The ratio between violence to plot is very important and I think this movie gets it totally wrong. And the plot? It's that believable or really all that entertaining either. Save your time and money. I can't believe what this rating says for the gory and violent tastes of the modern masses.",negative
"Film version of Sandra Bernhard's one-woman off-Broadway show is gaspingly pretentious. Sandra spoofs lounge acts and superstars, but her sense of irony is only fitfully interesting, and fitfully funny. Her fans will say she's scathingly honest, and that may be true. But she's also shrill, with an unapologetic, in-your-face bravado that isn't well-suited to a film in this genre. She doesn't want to make nice--and she's certainly not out to make friends--and that's always going to rub a lot of people the wrong way. But even if you meet her halfway, her material here is seriously lacking. Filmmaker Nicolas Roeg served as executive producer and, though not directed by him, the film does have his chilly, detached signature style all over it. Bernhard co-wrote the show with director John Boskovich; their oddest touch was in having all of Sandra's in-house audiences looking completely bored--a feeling many real viewers will most likely share. *1/2 from ****",negative
"As a South African, living in South Africa again after a 32 year stay in the UK, I am sorry to say that this movie is a huge disappointment. The three main problems I had with the movie was a) why Swank and Ejiofor - an American and a Nigerian - to play the leads. This country is bursting with talent and has no need of imports... b) Gillian Slovo has been trading off her Struggle credentials for years now. She's a very mediocre writer and even her novel doesn't stand up the flaccid direction of Mr Hooper... and c) Hilary Swank again, such a great actor, as proved in Million Dollar Baby (but that's Eastwood too), here dressed in the contemporary New York style whilst roaming freely around the poverty of the Karoo. Where was the consideration and sensitivity needed by the costumer and director? Yes, the film is ultimately moving - how could it not be? - but the overall mood at the conclusion is one of tremendous letdown. Heart's in the right place but needs a pace maker.",negative
"Doll Master is an example of a lousy horror film, fallen somewhere in the space with it's two not so well established genres, a horror film and an emotional drama film. Seems like The Doll Master tries very hard to be a very scary horror film, but it fails. The noise of the dolls while moving is like taken from the croak of Kayako in Ju-On, and the crawls are like sadako esquire. The killing dolls will remember you a cute version of ""Chucky"". But compared to Child's Play, this film is more superb. But the story seems a nothing, the brilliant camera shots and the brilliance of acting was taken away cause of the plot.<br /><br />Don' watch this if you are expecting great shocks.",negative
"You will be able to tell within the first 30 seconds of this film whether you want to finish watching it. The film opens with images of planes landing at an airport, one plane after another diving into a mirage-filled runway. You will be able to accurately guess that this movie is not about a ""story."" At first viewing, it's even easy to think the opening images are repetitive shots of the same plane. The initial drama is in the acuteness of your perception, which is built on your willingness to experience the film simply as a series of images. If after this opening, you want to see the movie, you will not be bored. You may even be mesmerized. The movie may be an emotional experience; it may be an intellectual experience; it may be both. Judging from the DVD commentary, which is essential, it was primarily an emotional experience for Herzog, and, at one point, he talks explicitly about how the film is a collaboration between filmmaker and viewer. There's plenty of room for the viewer to make of this film exactly what he or she wants to make of it. Take a gamble?",positive
"The movie that i am going to review is a little television movie made in 1996 and it starred Melissa Joan Hart and Daniel Baldwin.<br /><br />The main protagonist/antagonist Jennifer Stanton (Hart) is a typical all American teenager who is feeling the pressure of having such a controlling father (Baldwin). However, when she meets an ex con called Nick Ryan (Jeremy Jordan ""Never been kissed"") they instantly 'fall' for each other, but Jennifer has a different idea on where to take their relationship. she manipulates him to kill her parents, to protect their 'love' but she just used him to get rid of her parents so she can be with Brad (David Lascher future 'Sabrina' cast mate for Hart). Melissa Joan Hart actually really surprised me with her role as an evil manipulator and she carries the movie well by using her friends and Nick so she can literally get away with murder. The rest of the supporting cast work well and they each hold their own when they have screen time. I also found it interesting that this film was made and released the same year, Hart, began portrayed Sabrina, the Teenage Witch and this shows she can act in my genres of film and television.<br /><br />Although the film has dated somewhat it stills stands out as some of her best work that involves drama or thriller and i am looking forward to 'Nine Dead' that comes out in November because it shows she can seen as other people that are not called ""Clarissa Darling "" or Sabrina Spellman""<br /><br />I recommend this film to anyone that is a fan of Melissa Joan Hart or Sabrina. You can watch this on the internet, so i suggest check it out.",positive
"The name (Frau) of the main character is the German word for ""Woman"". I don't know if that was intentional or not, but if sure got some giggles from the German audience at the Fantasy Film Festival last year, when it was shown.<br /><br />But those were the only giggles the movie got. Not that it was aiming for giggles, it's a horrible movie for heaven's sake! A horrible movie in more than one meaning. It's a shame that a premise like that was wasted with horrible even unbearable moments for the viewer (definetely not for the faint of Heart!!)! And it wasn't even necessary to show all the things that are shown. I'm not even going into a moral obligation (because movies don't really have that kind of task or function) discussion of what is shown here, but this is a new low on the whole ""torture movement"" that has grown in the last few years!",negative
"Do you know that they want to escavate the Moon for real?And in Geneve there is the debated project that could lead to make possible time machine?All i can say about this movie that is based on facts about future(at the time of the movie)scientifical projects but real. Hope the moon will exist not happen as in the movie. Now about the movie itself, I saw the original movie too, and I also read the book. The book I didn't like though, but the movie yes.I totally agree with a previous comment that this movie was depressing,unlike the 60's one.That was very good with force, this one was only a paralled future of what is good movie.",negative
"Jamie Foxx was the epitome of Ray Charles. After a few moments you stop seeing a film and see a biography played by the great man himself. Ray Charles was truly a genius of music and the movie excellently depicted that. No one has ever or will ever write, play, or record music like this musical giant. When he passed the flesh, the world lost one of it's greatest American heroes. As far as the movie, the fact that Jamie Foxx received a classical music scholarship to college and could play like Ray was an asset to the director. What could be better than that? You don't have to have a ""double"" play piano and then try to split the screen from someone else's hands to Jamie's face. It worked beautifully. I loved the fact that it also picked up how difficult Ray was. He wasn't always a nice man. You didn't also root for him. He was a drug addict, a womanizer, and sometimes just plain hard-headed. But I guess that's what made him genius so I can't fault him for that. I pick Jamie for Best Actor!",positive
"Blonde and Blonder has Pamela Anderson and Denise Richards in almost every scene and if you want more from a movie you're being utterly unreasonable. It feels like a late era Carry On, when the series was no longer blazing trails, but was still more funny than not, think Behind or England and you won't be too far off the mark. Pamela and Denise are bubbly, charming and clearly aware this isn't a masterpiece they're making, although you can give me it over lots of things I'm told to like. The supporting cast are energetic, even if some of them aren't particularly good; I can't see a couple of duff turns in a movie that's already practically forgotten making much difference to anything, so just smile. I really do think Blonde and Blonder is ace and I hope you hate me for it.",positive
"Creepy & lascivious wolf. The young ""Red"" is wearing full make-up, and extremely short shorts & robe. Got about 20 minutes through and realized it could be a pedophile's dream come true. The ""up-beat"" music sounds a lot like something I'd hear at a strip club. I actually think this movie is a sick joke - it's not a family movie. Gross, glad I was watching this with my daughter, I don't want her to think it's normal for families to view quasi kiddie porn together. Very bad, Very sad it's sold as a family film, Joey Fatone will probably be embarrassed he was in it. And what's with advertising it as a ""special effects spectacular""??? The effects do look low budget, gawd awful.",negative
"Hilariously obvious ""drama"" about a bunch of high school (I think) kids who enjoy non-stop hip-hop, break dancing, graffiti and trying to become a dj at the Roxy--or something. To be totally honest I was so bored I forgot! Even people who love the music agree this movie is terribly acted and--as a drama--failed dismally. We're supposed to find this kids likable and nice. I found them bland and boring. The one that I REALLY hated was Ramon. He does graffiti on subway trains and this is looked upon as great. Excuse me? He's defacing public property that isn't his to begin with. Also these ""great"" kids tap into the city's electricity so they can hold a big dance party at an abandoned building. Uh huh. So we're supposed to find a bunch of law breakers lovable and fun.<br /><br />I could forgive all that if the music was good but I can't stand hip hop. The songs were--at best--mediocre and they were nonstop! They're ALWAYS playing! It got to the point that I was fast-forwarding through the many endless music numbers. (Cut out the music and you haver a 30 minute movie--maybe) There are a few imaginative numbers--the subway dance fight, a truly funny Santa number and the climatic Roxy show. If you love hip hop here's your movie. But it you're looking for good drama mixed in--forget it. Also HOW did this get a PG rating? There's an incredible amount of swearing in this.",negative
"The film begins with a little girl (Rita) seeing her father killed. He apparently was a criminal who squealed on his fellow crooks. Later, and this part makes little sense, the girl has grown to adulthood and STILL her father's past haunts her! A bit later, Rita meets a good-for-nothing and dates him. During one of their dates, he's a bit intoxicated AND driving like a total fool. The cops give chase and he speeds away--killing a pedestrian in the meantime. Here comes the Really stupid part. He convinces her to confess to the crime, as he assures her his lawyers can get her off scot-free. Why, oh why, would she agree to this?! Yet she does and spends the next couple years in prison!! And, soon after her conviction, this boyfriend disappears--showing that he's a total heel. What a chump!!! Later, after her release, her friend (Jack La Rue) informs her about the truth about the boyfriend. Then, he explains, the boyfriend's family is loaded and she should shake them down for lots of cash for all the trouble he put her to by taking the rap. Frankly, this does make sense--as they certainly owe it to her--especially since they knew she'd go to prison and had every intention of using her and then casting her aside.<br /><br />Now the idea of bleeding money from the rich chumps is a good plot idea. However, there is no way this would have occurred in the first place because it's hard to believe anyone could be so stupid as to take the rap for a hit-and-run! In an interesting twist, the dumb lady decides on a life of crime--donning a wig and picking up a rich guy--taking him into the desert and robbing him at gunpoint! Wow...how she's changed! Apparently she loves the idea of stealing from ""phonies""--i.e., rich hypocrites. However, and this made no sense, she soon stopped doing this and began shaking down the father of the old boyfriend--why she bothered to do some petty robberies in the meantime made little sense. And, what also was a bit hard to believe was that instead of wanting money from the old jerk, she was interested in getting him to put his influence behind a mob-controlled man for mayor. Odd...very, very odd.<br /><br />In the meantime, another plot develops involving a young Alan Ladd. He's an undercover agent who has infiltrated the mob. He was chosen because he just happens to be a dead ringer for a real crook--what a cliché! But what makes no sense is that this real crook isn't in jail and is out committing crimes while the fake one is infiltrating the mob in another town.<br /><br />Eventually, evidence that Ladd is able to uncover is enough to issue warrants to the mob kingpins--including Rita. This is a case of very bad timing, as in the interim, she's made a decision to become a decent and legitimate woman, as she's met a really nice guy who she wants to marry! Wow,...what are the odds?! Overall, this is a goofy and rather dumb movie that suffers from ""kitchen sink syndrome""--in other words, there is way too many plot elements and weird twists to make the movie the least bit believable. Plus, since the movie is only a little over an hour long, it all seems very forced and contrived. It's a relatively bad B-movie from crap-studio PRC of note only for the performance of Alan Ladd just before he gained great fame the following year at Paramount.<br /><br />By the way, this DVD was released by Alpha Video---a company which sometimes releases some wonderfully obscure titles (mostly public domain) but which NEVER cleans up the prints or adds closed captions. In other words, the DVD production values are strictly 3rd-rate...at best.",negative
"Wealthy widower Anthony Steffen (as Alan Cunningham) is a sadomasochistic lover, and British Lord. He brings sexy red-haired women to his castle, where he whips and murders them. Black-booted stripper Erika Blanc (as Susie) gets away, temporarily. Mr. Steffen is haunted by wife ""Evelyn"", who died in childbirth. As therapy, he decides to marry again, after meeting pretty blonde Marina Malfatti (as Gladys). By the end of the movie, they will have had to dig a few more graves. ""The Night Evelyn Came Out of the Grave"" is great title, at least.<br /><br />** La notte che Evelyn uscì dalla tomba (1971) Emilio Miraglia ~ Anthony Steffen, Marina Malfatti, Erika Blanc",negative
"It's 1982, Two years after the Iranian Embassy Siege which involved the dramatic SAS Rescue from the Balconys, and with a War with Argentina over the Falkland Islands currently taking place, what better film to make than a Gung-Ho ""SAS"" Film that re-creates the Iranian Hostage siege, whilst using Britains Number one action hero of the day, Lewis Collins. throw in Edward Woodward and a few other Well known actors and you've got a winner on your hands?...Well maybe not! The film itself doesn't make the situation serious enough, whilst the acting is quite second rate. it's like a Movie long episode of ""The Professionals"", but without the formula. This film goes nowhere fast and is quite predictable. Maybe Cubby Brocoli watched this film and decided to ditch Lewis Collins as a Touted James Bond Replacement for Roger Moore. Watch it if your a fan of Lewis Collins or SAS stuff in General, if not, save your time.",negative
"THE FALCON AND THE SNOWMAN is a superb example of an anti-80s film. While many other films of the decade in general lacked substance, this film is pure substance. There's nothing stylish or fake or superfluous about it. It boasts two superb performances: Timothy Hutton and Sean Penn as lifelong friends Christopher Boyce and Daulton Lee, respectively. Hutton, Penn, and Tom Cruise were a triumvirate of early 80s actors who all looked headed to much bigger and better things (all 3 starred in TAPS). While Penn and Cruise's popularity soared, Hutton has been largely forgotten about, and that's a shame. Actually, Hutton is the first of the 3 to win an Oscar for supporting role in ORDINARY PEOPLE in 1980, but I think his performance in this movie is even more outstanding.<br /><br />Hutton really captures the post-Vietnam war rebelliousness in his character Chris Boyce. A failed seminary school student, Chris has a love-hate relationship with his father, well played by the great character actor Pat Hingle. The scene where Chris quotes the poem his father thought he'd long forgotten is a particularly powerful one.<br /><br />Chris gets job at Dept. of Defense and uses his hatred of U.S. gov't and its foreign policy to sell seemingly useless plans of old projects to the Soviets. He gets his buddy Daulton, a hyper drug-dealing self-server, in on it to be the courier of the project plans on microfilm. While Chris is doing it based on his beliefs, Daulton is doing it strictly for the money. The Soviet liaison is excellently played by David Suchet. Penn and Suchet have a real quirky chemistry and it's a kind of funny set of exchanges between them. But, make no mistake, this film is anything but that. It is a serious character study about pessimism, malaise, paranoia and mistrust.<br /><br />Again, the leads make this film. Hutton delivers a brilliantly understated performance as Chris, a rather smart young man who had so much potential. Penn, as usual, does a tremendous characterization as Daulton, a pathetic loser who acts before he thinks, and most of the time doesn't think at all. The ending of this fact-based film is very saddening on several levels. A truly powerful character study.",positive
"'The second beginning' as it's title explains, shows us the beginning of the end for the human race. Set long before the matrix existed, this short anime written by the Wachowski's shows us the world that could lay infront of us in the not to distant future, set at the turn of the 21st century, the second renaissance delves into issues common with human behaviour; greed, power, control, vanity etc.<br /><br />The use of robots or artificial intellegence as slaves or servents is common among science fiction/fantasy stories. The second renaissance is no exeption to this concept, however instead of a simple man vs. machine layout, this story explains the struggle that the machines put up with, the struggle for acceptance in a world ruled by humans. Where the matrix films show us the human perspective, these short animations tell both sides of the story.<br /><br />The second renaissance part 1 + 2, answer many questions brought up by the original Matrix film, such as how the war broke out, how the sky was blackend, what led to the use of humans as batteries and it also introduces us to the machine city called 01, which may have relevance to the upcoming Matrix Revolutions film.<br /><br />I won't give away too much of the story, as I do not want to ruin the experience for perspective viewers, however, I will recommend it to anybody interested in the world of the matrix or simply anybody interested in Japanese animation (anime).<br /><br />9/10.",positive
"I went to see Random Hearts with 3 friends, and at first, I thought maybe it was just me who wasn't enjoying the movie. After all, I didn't like As Good As it Gets and that movie won all sorts of awards. Well, it wasn't just me...none of my friends liked it either. It was unbelievable slow, much like getting teeth pulled. The only action that is in the movie is what is in previews. We didn't walk out of the theatre because we all assumed something more would happen. We weren't as smart as the 7 or 8 people who did walk out. I have never walked out on a movie in my life, but I definitely should have. This is all tough for me to write, considering I am relatively easy to please when it comes to movies. It takes a lot for me to think a movie is awesome, but not much for me to just like it. This movie didn't even come close in the like category. Not only was the movie about 2 hours too long, but it was like two separate trite stories in one, but they weren't smoothly sewn together. Plus, the ""soundtrack"" if you could even call it that was so annoying. Like Seinfeld has the same riff that is played over and over again (difference being that i like Seinfeld)..this movie had this jazz riff that it kept playing, which sounded highly inappropriate at times, especially when people were dealing with the deaths of the plane crash. Hard to explain what I mean, but trust me it was awful. I cannot say enough to make people not waste their money. After I left the theatre, I honestly wanted to write to the movie company and demand my $7 back..sheeesh, I could have gone bowling or something for that money.",negative
"OK - you want to test somebody on how comfortable they are with their adolescence and the embarrassing and maniacal changes therin - then get their immediate reaction from watching this uproarious doc about kids making socially relevant horror flicks in the suburban 80's. More than any movie I has ever seen, the film deals with burdening sexuality and ego in a way that is completely human, never dull, and flushed in the kind of inherent goodness of youth that is discolored by the fear-frenzied adult world where any quirk in youth is accredited to anything from insanity to perversion. Mini-mogul Darren Stien seems to be reaching for a deeper understanding of his triumphs and misgivings as the patriarch of strict kid's world. What he finds in himself and others isn't always pretty - but shows how one can improve and reconcile with age. What does change mean without reflection. I love this movie.",positive
"Mickey Rourke is enjoying a renaissance at the moment... and fair play to him. I always liked his image and his acting ability in such fare as Angel Heart and Johnny Handsome. You know what you are going to get with Rourke - mean, moody, dirty. But this film gives you much more - and you don't want most of it.<br /><br />First and foremost - this whole thing just doesn't make sense. Rourke is a hardened IRA killer who after killing a bus-load of schoolchildren flees Ireland for London. He is on the run from the cops and from his own Army comrades. He has also vowed to never kill again. It looks like the bus full of kids finally did it for him.<br /><br />However, when he gets to London he is tracked down by a local mobster (Bates - looking like his eyebrows and hair came straight off a Burton's dummy) to kill his main competitor in turn for £50,000 and a boat trip to the US. Rourke reluctantly agrees to do it but is seen by a priest (Hoskins) and confesses the crime to him in the confessional in order to keep the priest's mouth shut. He figures it is better than killing him.<br /><br />A wealth of things arise here which just don't add up : 1. Why pick Rourke to off your competition? As is illustrated by a scene whereby an employee is pinned to a wall by a couple of heavies with what look like awls - these London guys are tough enough anyway to do their own killing. 2. Not only that but the Mobster gets a guy to follow Rourke and witness the killing with his own eyes. Why didn't that guy simply kill the competitor and save all the hassle of dealing with Rourke? 3. Hoskins sees the murder take place and the police let him go off - without protection, I may add - to take confession? No way. 4. Rourke hangs around the church (right next to where he carried out the murder ) immediately after the crime takes place to go to confession. Why aren't the cops checking the place out? 5. Rourke hangs around the church and Hoskin's blind niece in particular, for days afterwards without anybody bothering him. What? He's on the run and he stays put by the very place where he committed another murder? Stupid. 6. The cops actually meet Rourke in the church ""fixing"" the organ and have no idea who he is. Do they not know he is on the run for the school bus bombing? They don't even check up on him? 7. Why get Rourke to kill for you, and then tell him to wait around for a few days to get on the boat? You'd think you'd want to get rid of him immediately. Or kill him. One or the other? 8. Why does Bates' brother suddenly decide to rape the blind niece in the midst of all the waiting? Could he not restrain himself for a few days? At least until Rourke has been safely offed to the States? Ridiculous. 9. Rourke suddenly has inner turmoil after all his years of killing and wins over the blind niece immediately - even after she knows he is a killer, she still loves him? Again - utterly ludicrous. And besides - she falls in ""love"" with him in record time - a few days !!!! 10. The whole bomb thing at the end is just plain silly from Bates point of view. 11. Things happen in parts of this film that just do not make sense or are simply in there to help the storyline (and I say that in jest) along. Bates' houses Rourke in a whorehouse until the boat is ready to sail and Rourke suddenly displays a moral high ground to respect the whore in the house - but yet will bed a blind girl. 12. Rourke asks a henchman on the boat where Bates is - and the henchman practically spurts out the entire movements of his boss in less than 10 seconds. It was embarrassing - the guy was telling Rourke far more than he even asked. 13. Hoskin's priest is an ex-army guy and we see him beat up three henchmen behind a pub. Totally uncalled-for and yet another cringe-worthy scene.<br /><br />I'm gonna stop there at unlucky 13 without mentioning Rourke's hair (so falsely red it is laughable), his accent (which to be fair is not too bad sometimes but deteriorates to a barely heard mumble at other times), his clothes, walk, looks to the heavens etc. Nor will I mention the music and the choppy editing style.<br /><br />Oooppps - I have just mentioned them.<br /><br />Overall - a disaster of a film with some obvious religious imagery thrown in (Rourke on the cross, preaching from a pulpit) which would embarrass a first year film student never mind a top star and director.<br /><br />4/10.",negative
"I cannot get past the message of this movie. It's laid out much too clearly to ignore, and it is obscene because it has lost its sense of what it's about. I haven't read the novel, but Pollack's film opens with a scene at a CIA-front organization in New York, which is broken into by two professional assassins, headed by Max von Sydow, who proceed to brutally slaughter the half dozen quirky staff members we've come to know and understand. The staff include an elderly female receptionist, a fussy elderly professorial guy who's toupee falls off when he is machine-gunned (is that a joke?), and, last, the beautiful Tina Chen who looks up from the copier, realizes she is about to be murdered, and says, pitifully brave, ""I won't scream."" Von Sydow replies sympathetically, ""I know."" These murders are completely unexpected, savage, unmotivated by anything that we are aware of, and graphic. It is a brutal scene. <br /><br />There is absolutely no way in which von Sydow and his henchman can be redeemed. And yet that is exactly what Pollack tries to do towards the end.<br /><br />After having killed these innocent good guys, von Sydow switches sides (because the other side is willing to pay him) and assassinates the evil mastermind behind a complicated intramural CIA plot. The script then turns him into a perfectly reasonable, sensitive human being. ""It is better to live in Europe. Things are not so rushed."" Or whatever. I swear I'm not making this up. Pollack wants us to believe that it is better to be an honest mass murderer than a crooked bureaucrat. That's the message. You should write it down in case you forget. Just exactly what kind of psychiatric shambles do you have to be in order to turn ordinary values, not to mention common sense, upside-down like that? I understand that there are thoughtful adults who dislike the government of the United States, even hate it, and who see conspiracies just about everywhere, providing a knee-jerk explanation for otherwise unexplainable events. I know that people who think this way exist because I number some of them among my closer friends. Nevertheless, at some point this dislike, this hatred, if it increases in intensity, must pass beyond politics or ethics and into the realm of the psychiatric. I don't for a moment believe that a man who murders people for money is better than a sinister government official. I don't care how suave and cultured the murderer is or whether he knows how to reach the Louvre on the Metro. Whoever is purveying that message needs either medication or meditation.<br /><br />I'd like to be able to argue that the production is as thoroughly rotten as its message, but I can't. It's quite well done. (In some ways that's worse, because it makes the film less dismissable.) Even New York City looks photogenic on the screen. And it's been a long time since I've thought of New York as photogenic. Robert Redford does an admirable job of projecting his character's initial shock and confusion, but then turns into a telecommunicational semi-genius. And, man, he looks just fine! His wardrobe is just right. Even his rimless glasses are becoming. And his peacoat. It's not everyone who can make a navy pea jacket look glamorous. He seems extremely handsome too, the swine. I want to look like that. I want to wear a denim shirt and a tie with such panache. Faye Dunaway is alright in her role but it's not too believable a role. Would anybody eagerly sleep with a guy who has just kidnapped her and is holding her at gunpoint? Even if he did look like Redford? Would anyone be emotionally wounded if, when this ambivalent relationship is about to end, Redford asked her not to tell anybody about what happened? Cliff Robertson is surprisingly good. He does one or two extremely good double-takes. The mailman is superb. The fight between him and Redford in a crowded apartment is exquisitely choreographed and, for once, we really don't know for sure how it will turn out, because Redford (a book reader after all) seems mismatched against the brute cunning of this hired assassin. This is one of John Housemann's final roles. A shame. He's a magnet on screen. And what an end to his life: a friend finds him lost, wandering the streets of New York, in a neighborhood he'd been familiar with for most of his life. <br /><br />Yes, the movie is very well executed, but I can't ignore that vicious, paranoid message. I have the same problem with Leni Riefenstahl's ""Triumph of the Will."" Or her Olympic documentary in which the announcer is watching a foot race in which Jesse Owens is pulling into the lead and says ominously, ""This Negro is dangerous.""",negative
"One question: Why? First off, the premise is not funny or engaging at all. They use taped interviews, and take the audio to animate ite with animals speaking the parts. First off, the interviews aren't funny or entertaining to begin with, and even if they were, I am sure they would be a lot more entertaining being viewed as they are originally, without being turned into cartoons. How does that add any hilarity to it? I turned on CBS's Monday night sitcom line-up, (which has become a regular way for me to relax after stressful Monday workdays) and found this on. Of course, the sitcom line-up would be reruns anyway, being summer, but seeing those episodes over again would have been more entertaining. I tried to give ""CC"" a chance. I really did. When it started, I figured, well, maybe it will be funny. Nope. And then it kept going. It was a long half hour.<br /><br />And I can almost see if there was a purpose, if the interviews were shown in their entirety, and had points to them. But no, it was just one-line clips, cut and pasted together really quick. It was like a horrible dreadful version of Cartoon Network's ""Robot Chicken."" I wasn't a fan of CBS' now-cancelled sitcom ""The Class."" WHile that was on, it was one half-hour of the line-up I would struggle through. But if it came down to me deciding a whole season of that or three more episodes of ""Creatures""....let's just say I'd take the ""Class."" Considering it's been a couple hours since it aired, and I come on here to see I am the first to comment...I guess that's a good sign that nobody watched it, and that it won't last much longer. Cartoon roadkill.",negative
"""Most of us at least inhabit two worlds , the real world where we are at the mercy of circumstances and the world within ,the unconscious ,a safe place where we can escape ..."" With those words ,Mr .Gone introduces inside the world of ""The Maxx"" a fascinating world where the fantasy and the reality are combined . Inspired in the comic books of Sam Kieth, ""The Maxx "" is very faithful to the material in what it was inspired , not only in the story but also in the graphic style ,that look like the pages of the comic ,giving this show a surreal and unique appearance . But also ,the story it's interesting and entertaining .At moments it could turn too weird ,but when you got inside it ,it's hard to get out of it . The story and the characters are wonderfully developed . The music goes perfectly with the style of the show and give it the proper atmosphere . Unfortunately , like many good animated shows ,this one was short -lived . ""The Maxx"" is a must see . It 's one of my all -time favorites .",positive
"In this unlikely love triangle, set in 19th century Italy, `The Beauty and the Beast' is being turned upside down and inside out and then some: Giorgio, an army officer and the very image of male beauty, is being transferred away form his (married) lover Clara and sent to a small garrison somewhere in Piemont. There - initially much to his horror  Fosca, the grotesquely ugly cousin of his commander, develops an obsessive love for him. He suffers her passionate and demanding displays of affection out of pity and concern for her health (she is gravely ill), but becomes more and more fascinated by her  until the dramatic finale<br /><br />Do not miss this most unusual love story, as twisted as it may sound. Valeria d'Obici, who deservedly won a price for her portrayal of Fosca, is as alarming as she is touching. Buy the video, read the book, go see the musical!",positive
"I know that many people will/have automatically given this film a rating of 1, just because it doesn't have the huge budget and top-of-the-line special effects that they are used to. I, however, knew what I was getting myself into when I popped this into the VCR.<br /><br />I don't think we get much more low-budget that this, unless we are filming a family reunion. The lighting is awful, sound quality is at times incomprehensible, and the acting is ultra-bad by almost all involved. BUT, this is still a fun movie and the plot is interesting enough. It centers around a fellow named Tom Russo (Asbestos Felt), who has been down on his luck with his job. He is very protective of his wife and does not allow her to work, putting even more pressure on himself. As he begins working more hours, we see him slowly transcend into madness and obsession and he becomes suspicious that his wife cheating on him and begins to brutally murder the various men (most repair guys) that he feels are responsible. <br /><br />I must say that the gore effects are extremely cheap, but fit with the overall tone of the film.. The brutal ways that Tom Russo comes up with to murder these men gives us an idea of just has mad he has become. The pacing of the film is also very good and there is rarely a boring moment. The ending really doesn't follow the rest of the plot of the film, as it seems to want to go from a psycho-slasher film, to a ""Dawn of the Dead"" wannabe, but it is entertaining nonetheless and I must give Tim Ritter credit for wanting to use an unconventional ending. <br /><br />I can honestly say that I enjoyed this film, but it is by no means a good film, if that makes sense. It's budget is its main stumbling block and the consequences are almost too much to overlook. I DO NOT recommend this to people who are totally spoiled by the big-budget movies and who can't have an open-mind to ultra-low budget films. You simply won't enjoy it. For others, and fans of gore--I say give it a shot. You will find at least SOMETHING redeeming in it! <br /><br />My Grade: D",negative
"When HULK hit theaters in 2003, it wasn't long before DVDs of the old Incredible Hulk TV show popped up in an attempt to cash in on the craze. We saw a similar occurrence a year prior when Spider-Man cartoons appeared on DVD to coincide with that hero's big screen debut. Companies leap at the opportunity to ride on the financial coattails of a hot brand.<br /><br />So the fact that this picture never surfaced on the shelves of Wal-Mart as its featured heroes clobbered the box office in the summer of 2005 says a lot. I guess everyone involved would just rather forget. To be fair, THE FANTASTIC FOUR is not as bad as everyone says. Let me rephrase that. It's not as unentertaining as all of its negative reviews might suggest.<br /><br />Veteran television actor Alex Hyde-White (no, you don't remember any of his roles) leads the way as Reed Richards, the brilliant scientist who, along with his crew, gains bizarre powers after an outer space mishap. He's left with the ability to stretch and contort his body to outrageous lengths. His future wife, Sue Storm (Rebecca Staab), can suddenly turn invisible, while her brother, Johnny (Jay Underwood), may now ignite himself at will. Then there's poor Ben Grimm (Michael Bailey Smith), the lovable lug whose body morphs into a mass of craggy, orange rock.<br /><br />Just as the friends are becoming accustomed to all of this, they are called upon to rescue the world from certain chaos. It seems Reed's old colleague Victor von Doom (Joseph Culp) is living up to his name, and that villainous Jeweler (Ian Trigger) isn't exactly helping old ladies cross the street, either. Can our heroes save the day? Of course they can; like any superhero movie, it's just a question of how and when.<br /><br />What's striking about THE FANTASTIC FOUR is how amateurish it is in virtually every aspect. The dialog is so lame and tired it sounds like it was written by a junior high drama class. The acting is so unpolished it makes a third-rate afternoon soap opera look like Shakespeare. The special effects are surprisingly good considering the minuscule budget, but there are still some positively embarrassing moments. When The Human Torch fully ignites his body, for instance, the entire movie briefly turns into a cartoon. I can just hear that production meeting. ""Oh, no one will notice. They'll be too intrigued by the action!"" I mean really, a cartoon? At least give me a mannequin on fire held up by a string! Prior to that, the scene in which the foursome come to on earth after their spaceship crashes is pure teens-in-the-backyard fare. The crew simply found a field and lit a vaguely-spaceship-like object on fire. That's the only remnant of such a major disaster?<br /><br />Of course there wasn't a whole lot to work with in the script. There is a fairly coherent story here, but it's all so simplified. When Reed and Ben decide to go into outer space, they simply drop by the Storms' house and ask if they'd care to join them. Is it really that easy? Don't these sort of things require, oh, I don't know, years of training and expertise? Not in the world of these writers, who seemed to be inspired by the underrated genius on display in FULL HOUSE reruns. But as bad as that may be, nothing can compare to how painfully clichéd Dr. Doom is. He was pulled right out of those awful superhero cartoons from the 1960s, right down to the evil laugh and slamming his clenched fist down on the table to punctuate his remarks. No comic book, least of all Fantastic Four, has ever featured a villain so obscenely one dimensional.<br /><br />Ultimately, THE FANTASTIC FOUR is saved from being a complete turkey because it's just so damn innocent. You can tell the people involved, as little talent or experience as they had, really tried. They didn't know the final result would be so embarrassing. They were under the impression that this was their big break, that people would flock to the theaters. It bears repeating that they had virtually no money to work with (and I'm sure half of that was eaten up by the cool Thing costume). All things considered, they did well, and for its many flaws, the finished product is a fair amount of fun for comic book fans.",negative
"Being a huge die-hard Monkey Island fan, I fugured this one would be terrible since Ron Gilbert didn't make it. Boy was I surprised! Although it's still not as good as the first two, it has the comedy that I wanted. I was a little nervous about the new graphics, new SCUMM engine, and just the fact that it was on a CD. But it all came together, and it was interesting to finally hear the voices of your favorite characters. I especially enjoyed that SWORD FIGHTING had returned. And the whole story about finding the big uncursed ring was just incredible. Go ahead and try out this two-CD adventure. And now we can rejoice, because Monkey Island 4:Escape from Monkey Island is coming out REALLY REALLY soon! This fall!",positive
"Probably the most accurate Stephen King adaption yet. Not surprising, since King himself wrote the screenplay. The story follows the Creed family moving into a beautiful Maine house. One of the other residents is Jud, a pleasant old man who knows a few things about the area. One is the highway that runs right through their frontyard. The other is a path leading to the Pet Sematary, where children for decades have buried the animals killed by the highway. Soon enough, Ellie Creed's cat, Church, is found dead. Luckily, this happens while the family, with the exception of Louis(the father), is away for Thanksgiving. Jud takes Louis to another burial ground, beyond the Pet Sematary, where Church is to be buried. Later, Louis is greeted(not so politely) by Church. He's returned, appearing to have chewed his way out of the bag he had been buried in. Maybe he was buried alive. Maybe not. Nothing more I can say without ruining the story.<br /><br />Of all the King adaptions I've seen this would be the most terrifying. The characters are real and the situations are normal. Mary Lambert does a great job directing the proceedings. Suspense is kept fairly high throughout the film, due in part to the plot development. The scene where Gage is killed will stick in your mind forever. Then, of course, we have the conclusion. Easy to determine what's going to happen, but Lambert pulls off some genuinely scary, and sometimes disturbing, moments.<br /><br />Overall, this is a good film and an excellent adaption. If you enjoy being scared and don't mind being haunted by some occasionally disturbing images then ""Pet Sematary"" is just what you're looking for. Non Horror fans will want to avoid this.",positive
"My parents may enjoy this show, but I fail to find the humor in it. What is so funny about a dentist husband impregnating his hygienist assistant and the oldest daughter getting impregnated by the captain of the high school football team? Absolutely nothing! It's a shock to me sometimes what people think constitutes humor nowadays. Blame that on shows like ""The Dating Game"" and ""The Newlywed Game"" bringing the issue of sex to the forefront in the mid-1960s. Sure, the series has its touching moments, still that's no excuse for the content that otherwise went into this series. This is nothing like the family-oriented days of ""I Love Lucy"" some five decades before. <br /><br />An answer I would have to why this series plays on the Lifetime cable channel is because that channel's brass think women can relate to Reba's character! I absolutely dislike the character of Reba Hart's daughter, Kyra. She is best described as a ditsy and bitter teenager! Funny, I wonder if the actress who played Kyra; Scarlett Pomers, is like that in real life away from acting. Who plays the blockhead ex-husband dentist, Christopher Rich, is not much better. Barbara Jean, played by Melissa Peterman, is ditsy in herself! The characters of Van and Cheyenne are also very annoying.<br /><br />Something else that baffles me is why the dingbat-of-a-series creator, Allison M. Gibson, decided to set the series in where I live 25 miles away from; Houston, Texas! Reba McEntire isn't even from this state, she's an Oklahoman! Why is it during one season or more they decided to make the incidental music sound like a pig snorting? What I mean by that is where we hear this baritone saxophone being played with drums accompanying it, but the melodies are basically tuneless!",negative
"When HOPPITY GOES TO TOWN he discovers nothing but bad news for his little insect neighbors in the Lowlands. Can this honest, good-natured grasshopper save his sweetheart, Miss Honey Bee, from the machinations of the evil C. Bagley Beetle - and also lead his friends to a safe new home - before it's too late?<br /><br />While not one of the great animated features (a very new art at the time this film was created) HOPPITY is an enjoyable film which should bring pleasure to uncritical viewers. Technically it is well made, with animation of a generally high quality. The movie's main drawback is that none of the characters really have any `heart' - they don't come `alive' on the screen in the way Jiminy Cricket did a year earlier in PINOCCHIO.<br /><br />However, it is ultimately unfair to compare the Fleischer Studio output with that of Disney. Max & Dave Fleischer had their own star to follow; their contribution - and it would be a considerable one - would be in the realm of the one-reel cartoon. With their POPEYE and BETTY BOOP series they created alternate realities as viable as any produced by other cartoon studios. HOPPITY was their second experiment with feature length animation (after GULLIVER'S TRAVELS in 1939), and henceforth they would expend their energies again on the cartoon short subject. In fact, the first in the highly acclaimed SUPERMAN series was already in release.<br /><br />HOPPITY'S story owes a great deal to Frank Capra, with it's energetic, go get em hero up against powerful societal forces. Indeed, the film's original title was MR. BUG GOES TO TOWN, which immediately puts one in mind of Gary Cooper or Jimmy Stewart and their Capraesque adventures.<br /><br />Jack Mercer, famous as the voice of Popeye, here speaks for two very different characters, old Mr. Bumble & Swat the Fly. Movie mavens should be able to catch veteran voice actors Pinto Colvig & Mae Questel, both in uncredited roles.<br /><br />The film has some pleasant songs supplied by Hoagy Carmichael & Frank Loesser, of which `Be My Little Baby Bumble Bee' is the most familiar. `We're The Couple In The Castle' is a fine romantic tune which deserves to be rediscovered.<br /><br />It is unfortunate that the film's initial animation, with its sweep out of the heavens and past the in-depth New York skyline, is obscured behind the opening credits.",positive
"The following ""review"" is one from the wrong side of the tracks, meaning two things: You will hear nothing but praises coming from me and don't be fooled by my rating. I also could tell you that this review contains no spoilers, but technically... that's a lie.<br /><br />Well,... Screw the review. I'm just going to ramble a bit. It has been a while since I had so much fun with such a bad film. And if you cannot enjoy this piece of utter drivel, then you simply have no sense of humor. First off, this movie was meant to be taken seriously, and that's the main aspect were the fun is coming from. The story? A doctor's son is terminally ill. Daddy-Doctor decides that a hart-transplant must be the only way of saving his son. So, in true mad-doctor-style, he decides that the heart of a gorilla will do the trick. Of course, the gorilla-heart is ""much too potent for a human"", so sonny-boy transforms into this hideous Ape-Man that immediately breaks free and goes on a killing and raping spree (because that's simply what any horny beast would do, isn't it?). The make-up of our Ape-Man is hilarious. There's simply no other way of putting it: The guys' face looks like a turd! I'm talking human excrement here, the solid brown kind! Beautiful! The gore in this flick is wonderful too: Aside from real footage of an open-heart surgery, we also have incredibly fake (but quite nasty) looking blood & gore effects: a decapitation, an eye-gouging, a throat-ripping, the scalping of someone's skull,... It's hilarious, and indeed it's quite incomprehensible why NIGHT OF THE BLOODY APES ever made it to the notorious UK Video-Nasties list, because all of the nasty things portrayed in this film are simply too ridiculous to be taken seriously. Oh, and there's only one bloody ape running around in it too, by the way. So, needless to say that LA HORRIPILANTE BESTIA HUMANA is a much more accurate title for this terrifying and convincing tale of science gone horribly wrong.<br /><br />When not trying to shock with poorly staged acts of bloody violence or random portrayals of female nudity, this movie manages to be highly entertaining with ingredients like nonsensical dialogues, cheap cardboard sets, plot stupidity and incredibly bad acting. Just a few random examples, maybe? About the sets: One can clearly see that the set-designers just used the same walls, doors, windows (etc.) over and over again to be build various different interior sets (e.g.: One side of the hospital room - the window side - where the unconscious wrestling girl lies, looks suspiciously similar like the window side of the basement-laboratory from where Ape-Man escapes; The set-designers also took one of the side-windows from the laboratory, made it a bit larger and just placed it in the conference-room of the hospital; All the walls in any building are the same grey-ones;...). Then there's the setting of the park. Clearly shot in a studio, you can see (on several occasions) that the grass is loose. Whenever there's some struggling/fighting/raping going on, the grass just shifts and shuffles and you can see the grey concrete from the studio-floor beneath it.<br /><br />Just a few random lines that come out the actors' mouths: <br /><br />-- In the conference-room where all the doctors are debating the disappearance of Unconscious Wrestling Girl (a disappearance that would of course mean bad publicity for the hospital), Daddy-Doctor intelligently utters ""We find ourselves in a situation that is difficult"".<br /><br />-- During that same debate a colleague-doctor cleverly remarks ""A sleepwalker! Any sleepwalker gets up."", hereby providing a solid excuse for the disappearance of Unconscious Wrestling Girl.<br /><br />-- After our investigating detective, through the amazing process of his own logical deduction, concludes and tells his superior that the murderer must be a half man/half beast, his superior answers that it's absurd, adding the line ""It's more probable that of late, more and more, you're watching on your television many of those pictures of terror""... Truly one of the best lines of the movie.<br /><br />Other sources of laughter: <br /><br />-- The two scenes were Daddy-Doctor and his Igor-like assistant kidnap the gorilla from the zoo and Unconscious Wrestling Girl from the hospital - these well thought-out acts of abduction are like taking candy from a baby.<br /><br />-- Daddy-Doctor speaks to God a lot, doesn't he?<br /><br />-- Sonny-boy calling Daddy-Doctor ""Papa"" on more than one occasion.<br /><br />-- An old lady screaming ""Aaargh!!! A dead man! A dead Man! A Dead Man!! A DEAD MAN!!!"".<br /><br />-- The plot periodically stops to wallow in scenes of women wrestling, only to go on again and do nothing with that concept. Sure, Daddy-Doctor replaces Sonny-Boy's gorilla-heart a second time with that of Unconscious Wrestling Girl, but do you think something spectacular happens after that? Like Ape-Turd-Man growing breasts or something, trying to rape men this time? Our leading living wrestling beauty (Norma Lazareno) doesn't even go into a climactic wrestling contest with Ape-Turd-Man near the movie's finale... But Ape-Turd-Man does start to show some motherly love near the end... almost (and I say ""almost"") in true KING KONG-style (i.e. the top of a building and people on the ground pointing and screaming).<br /><br />Okay, I think that's enough now. I chipped in more than my two cents here. Vomitron's Rational Rating for this sleazy piece of hilarious dreck: 2/10. Vomitron's rating From the Wrong Side of the Tracks: 8/10. Go see this film, people. It is well worth it!",negative
"For animation buffs it's a must, but even general audiences will enjoy THE CAMERAMAN'S REVENGE, a very early example of 'pixilation' by the hard-working pioneer Wladyslaw Starewicz. Starewicz and his helpers painstakingly manipulated a cast of flexible insect figures to tell this story, paving the way for the likes of Willis O'Brien, George Pal, Ray Harryhausen, and legions of modern digital effect creators.<br /><br />THE CAMERAMAN'S REVENGE is only about 10 minutes long, but packs in lots of amusing detail as the story follows the amorous adventures of two beetles from their home to a nightclub, a hotel, a cinema, and, eventually, a prison cell. There are two brief dance numbers at the nightclub (performed by a frog and a dragonfly), a scuffle between a beetle and a grasshopper, and a large-scale donnybrook at the cinema, which ends with the projector bursting into flames. Pretty elaborate goings-on for 1912, when even John Bray and Winsor MacCay were just getting started, and Walt Disney was still in grade school!<br /><br />It's interesting to note, too, what an impact the alteration of a silent movie's title cards can have on the story being told. I've seen two versions of this film offered by two video companies, and watched them back-to-back, and although the image content itself is almost identical, two different sets of intertitles tell two very different stories. (And the plot outline someone provided above tells yet a third story, which suggests that there's another version out there somewhere.) The British Film Institute's print, which has rhyming intertitles, tells the story of two sibling beetles, each secretly married, who hide this information from one another in order to inherit their late father's fortune. The other, Russian print, tells a simpler story of married beetles who are each guilty of infidelity. In the Russian version Mr. Beetle visits his girlfriend at the ""Gay Dragonfly"" nightclub, while in the English version brother Bill Beetle visits his wife at the music-hall. Personally, I prefer the straightforward-- and spicier --Russian story; the BFI version tries to cram too much plot into what should be a simple tale, and some of the rhymes are a bit awkward.<br /><br />Still, in any rendition, THE CAMERAMAN'S REVENGE is a delightful film, and would make an ideal lead-in to that other great animated work which features beetles, YELLOW SUBMARINE.",positive
"Beautiful film set in 1962 Hong Kong about a man (Mr. Chow) and woman (Mrs. Chan) who become close friends when they suspect their spouses are having an affair. Stylistically, the film is also beautiful. Wong Kar-Wai uses a lot of slow motion and close-ups on parts of the body (feet, hands, waist). The film itself has a reticence and properness that suggests its time period. It's sexy without showing everything. Wong Kar-Wai also doesn't allow the audience to see what the spouses look like, suggesting that Mr. Chow and Mrs. Chan should be together. Smoking is even made to look elegant with close-ups of the curls of smoke. A really lovely film. Just prepare yourself for the ending.<br /><br />",positive
"I grew up watching Inspector Gadget. It was, and still is, one of my favorite cartoons, if not my absolute favorite. I learned a lot of geography and history from the spin-off Inspector Gadget's Field Trip. I wanted to slip on a banana peel and become the greatest detective ever.<br /><br />But the film has ruined the reputation of the wonderful cartoon.<br /><br />Matthew Broderick, an actor with potential, was definitely NOT the role for Inspector Gadget. First thing- in the film, Inspector Gadget is smart. Not so in the cartoon. In the film, Gadget solves the mystery mostly by himself. In the cartoon, it was almost always Penny, Brain, and the awesome book (I still want her book!). If Gadget solved the mystery, it was by accident. Gadget in the film seems to be a competent detective, but in the cartoon was pretty dumb, which was where the humor came from.<br /><br />Another thing is that it's too much ""Good Guy v. Bad Guy"" in the film. It's not just meant to be a silly Saturday morning cartoon. Also, Gadget never should have a love story, but Disney Corporation is filled with idiots.<br /><br />Also I miss the true gadgets that Gadget had, and especially the Gadget car. In the movie it was a chic convertible. In the cartoon it was a sedan police car and could turn into a van. It also barely had any gadgets and was mainly there to get him from place to place.<br /><br />But if anything, the one thing that was terrible about the movie was that it was a feature movie. Inspector Gadget was a silly Saturday morning cartoon. The movie was too serious, too overdone, had too much of a plot and wasn't even remotely as funny.<br /><br />Tip for those who haven't seen it: NEVER see it. EVER. Watch the cartoon, it's a true classic.",negative
"I've already seen spin-offs of cartoons such as The Flintstones, Scooby Doo, Tom and Jerry and Looney Tunes and most of them are great.<br /><br />When I saw the All Grown Up pilot in 2001, I thought it was interesting to see how the Rugrats would look in their pre-teens/teens and it contained things that would usually happen during that time of life such as going to a concert, going to school and being grounded.<br /><br />The actual TV show is better because the Rugrats seem to wear different clothes in each episode and Angelica doesn't get punished as much as she did in the original Rugrats series. Tommy and Susie get punished in this series.<br /><br />I've also noticed references to Rugrats in this show and even flashbacks of how the Rugrats looked in the original series. They actually talk to the adults in this show because they're 10 years older.<br /><br />This show is aimed at a slightly older audience than the original Rugrats. Viewers of the original show may like this.",positive
"Bill Rebane's ""The Capture of Bigfoot"" is one of the most awful horror movies ever made.A greedy sawmill owner Harvey Olsen(Richard Kennedy)decides that he wants Bigfoot captured at all costs.However local game ranger Dave Garrett(Stafford Morgan)learns that the Bigfoot used to live in peace upset by a geological expedition,and sets out to protect the creature.There is nothing even remotely interesting in this piece of crap.The film is extremely dull and filled with horrible songs and cheap special effects.No gore,no suspense-just gigantic boredom.Avoid this horrible junk like the plague.",negative
"Viva Variety was a unique hybrid program that was both a parody of and a tribute to the programs it represented. <br /><br />It was most directly a mock up of the classic 1970s favorite, ""The Sonny & Cher Show,"" With Thomas Lennon and Kerri Kenney playing a divorced show biz couple who were somehow forced to host this program together, the female of the pair towering over the male, and the constant barrage of ""insult humor"" the couple tossed at each other, plus sketch comedy bits and performances from what are most kindly described as ""specialty"" acts! <br /><br />The ""hybrid"" was the mix of fact and fantasy. Of course, there was no ""Mr. and Former Mrs. Laupin,"" and the program's announcer, Johnny Bluejeans, was likewise equally fictional. But all the acts that performed were certainly real, and some were even entertaining! But there were also some acts that would have clearly been better suited for the old Chuck Barris ""Gong Show."" <br /><br />The show itself was really more like an extended sketch from ""SCTV"" (it was borne from the MTV series, ""The State,"" after all), and some would suggest that it would have been better as a five minute bit in the mix of a program like that one, rather than a stand alone series. But ""Viva Variety"" certainly should get high marks for original concepts, and even though it was often more odd than funny, it was certainly worthwhile, especially when they road tripped to Las Vegas and brought in even glitzier acts to perform. It's unlikely we'll ever see anything like this on television again.",positive
Another good Stooge short!Christine McIntyre is so lovely and evil and the same time in this one!She is such a great actress!The Stooges are very good and especially Shemp and Larry!This to is a good one to watch around Autumn time!,positive
"There are other reviews here expressing similar views, but I still feel impelled to add my comments. The film is generally well-made from a technical point of view, apart from possibly being too long. The acting is mostly very good, although Kevin Spacey isn't given much space to explain his character's motivation (apparently ambition rather than racism), and Sandra Bullock's only function seems to be as eye candy, which she admittedly manages very well.<br /><br />At a fundamental level the film's heart is in the right place in being opposed to racism, and I get the impression that it tried to set out to be some kind of definitive treatment of racism, perhaps why so many famous names agreed to be in it. However, it seems the writers bit off far more than they could chew (I haven't read the book, so I don't know how much of that is down to Grisham). The biggest problem, as many others have said, is that it ends up advocating vigilante justice. Aside from the fact that I don't agree with that position, I don't think that such a view actually helps the anti-racist cause at all - it's more likely to be applied to acquit white defendants who kill black victims. At the end the prosecutor invites the jury (and the audience) to imagine that the raped girl was white - but follow that through and imagine the defendant to be a white man who murdered black rapists ... in the end the message seems to be that it's OK to kill someone as long as you hate them enough. It's also convenient that the man killed was presented as totally evil and his guilt was in no doubt, which removes any of the moral ambiguity likely in a real case.<br /><br />Samuel L Jackson gives an excellent performance, but unfortunately this also undermines the plot - he comes across as someone with considerable integrity, but it's hard to believe that he would be willing to hide behind an insanity plea (and indeed he doesn't, when push comes to shove). We're presumably supposed to think that it's because he faces the death penalty, but in fact at one point he's offered a plea of manslaughter, although if you blink you might miss it. Why not take it, given that he must know his chances of acquittal are slim? Or if he wants to make a stand in court, why plead insanity?<br /><br />There are less serious flaws too. The medical experts, on whose testimony the case supposedly rests, are jokes - both are discredited for highly implausible reasons, and neither of them offers any real psychiatric diagnosis. The message seems to be that expert witnesses will say whatever they're asked to say, and shouldn't be believed. The fact that the injured policeman supports Jackson is moderately plausible, but still a bit convenient (and what if he had died?) I find it hard to believe that the KKK would march down the street in broad daylight. Other apparently serious crimes (riot, arson, kidnapping, attempted murder) go by without any visible attempt to detect or prosecute them. And the scene where the dog comes bounding back is ludicrous.<br /><br />My final reaction is to be left feeling rather dirty - as though I must be a racist because I disagree with the resolution. It may be that the film intended to explore different viewpoints and leave the audience to decide, but if so they seem to have forgotten it by the time they got to the end. The film did make me think about my views, read what other people thought here and add my own opinion, so at some level maybe it succeeded - but I worry that it may have re-inforced highly illiberal views in some people, which I hope is the opposite of what it intended.<br /><br />Final thought - try watching Law and Order, it covers issues like this with much more depth in about 38 minutes of screen time!",negative
"If you decide to watch Wild Rebels, don't expect anything deep and meaningful. If you're looking for a film that explores the relationships and structure of a motorcycle gang, Wild Rebels is the wrong movie. If you're looking for an expose on the breakdown of the American educational system and the problem of juvenile delinquency, Wild Rebels is the wrong movie. If you're looking for a movie that examines how undermanned rural police departments are when facing a well-financed, well-organized gang, Wild Rebels is the wrong movie. But if you're looking for an absurd movie filled with scene after scene of unintentional humor, horrendous acting, a paper-thin plot, and community theater style production values, Wild Rebels is the right movie.<br /><br />Wild Rebels is the story of a down-on-his-luck stock-car driver named Rod Tillman (Steve Alaimo). After a fiery crash (which Rod walks away from completely unscathed despite having only a cotton pants and a London Fog style jacket for protection), Rod decides to give it up. With no plan for his future other than to wander aimless through the back-roads of the South, he stumbles on the Satan's Angels motorcycle gang (a gang being three of the stupidest guys to ever zip up a leather jacket and a woman they seem to share). This group of hoodlums spends their time terrorizing a rural town in Florida by committing such atrocities as stealing a newspaper from a neighbor's mailbox. These bumbling idiots need someone to act as their driver during some larger crimes they have planned. Apparently, these three Einsteins can only drive vehicles with two tires, not four. So they recruit Rod to perform feats of daring that only an experienced stunt driver would be capable of like keeping the car in the middle of a gravel road during a low-speed chase. Eventually, they hold-up a bank, get into the aforementioned low-speed chase, and have the lamest gun battle with the police ever put on film. I could go on forever, but you get the idea.<br /><br />I hate the term ""so bad it's good"", but that seems to aptly describe Wild Rebels.",negative
"After reading through many of the reviews, I don't know what movie some people were watching, but clearly it wasn't the same one I saw.<br /><br />This movie is horrible. The acting, primarily Moore's, is just terrible. The woman cannot act. Nice tits, but she just can't act. At no point did she come across as the actual character. Instead, it was spoiled Hollywood actress goes to the beach to play make-believe with the boys.<br /><br />And that's what this movie ultimately is -- Hollywood make-believe. The training sequences are over the top. The politics -- over the top. The political correctness -- over the top. The combat scenes -- you guessed it, over the top. Your mission is to get in and get out without being detected. So what do you do? Why shoot off as many rounds and make as much noise as possible, of course. Oh G.I. Jane, you can be my wing man anytime.<br /><br />The premise is good, but as soon as Hollywood gets a hold of it, we end up with Top Gun with tits.<br /><br />What more is to be expected from commercial US films anymore? Not much I guess.",negative
"With a catchy title like the Butcher of Plainfield this Ed Gein variation and Kane Hodder playing him will no doubt fly off the shelves for a couple of weeks.Most viewers will be bored silly with this latest take on the life of Ed Gien.<br /><br />The movie focuses on Ed's rampage and gives us a(few)glimpses into his Psycosis and dwelling in Plainfeild.Its these scenes that give the movie a much needed jolt.<br /><br />What ruins this is the constant focus on other characters lives and focuses less on Eds.Big mistake here.<br /><br />Kane Hodder is a strange choice to play Gein,but He does pull it off quite well,and deserves more acting credits than he gets these days.Prascilla Barnes and Micahel Barryman also show up.<br /><br />3/10",negative
"Every once in a long while a movie will come along that will be so awful that I feel compelled to warn people. If I labor all my days and I can save but one soul from watching this movie, how great will be my joy.<br /><br />Where to begin my discussion of pain. For starters, there was a musical montage every five minutes. There was no character development. Every character was a stereotype. We had swearing guy, fat guy who eats donuts, goofy foreign guy, etc. The script felt as if it were being written as the movie was being shot. The production value was so incredibly low that it felt like I was watching a junior high video presentation. Have the directors, producers, etc. ever even seen a movie before? Halestorm is getting worse and worse with every new entry. The concept for this movie sounded so funny. How could you go wrong with Gary Coleman and a handful of somewhat legitimate actors. But trust me when I say this, things went wrong, VERY WRONG.",negative
"Words fail me.<br /><br />And that isn't common.<br /><br />Done properly this could have been great, funny spoof B-movie sci-fi, but sadly, it was not to be. Rarely in the field of drama have so many competent actors struggled so vainly with such a dogs-breakfast of a script. I can only endorse the previous reviewer's comments - go clean the bathroom. In fact do ANYTHING except watch this film.<br /><br />Positives: Lucy Beeman's nose. Negatives: Everything else.<br /><br />Most apposite line: ""This isn't going anywhere"".<br /><br />If only every plastic surgeon could meet with such a fate.",negative
"I agree with what so many others have said about the shallow and offensive nature of this film's examination of racism. It is baffling to me that so many people seem to have been fooled by its pretentiousness. I want to comment on the Matt Dillon character as an example of what's most infuriating about this movie. Here we have a man who -- contrasted with the film's underlying message that ""we're all a LITTLE racist"" -- effectively rapes a woman in public, cruelly humiliating her husband and deliberately goading him to make a move that, as he well knows, will lead to his arrest or even death. He does all this after pulling the couple over without any legal cause but because, as we come to understand, they are black and wealthy and he is a hurt little boy who is now the police and can therefore do as he pleases. This behavior is not a LITTLE racist. This behavior is evil. It is disturbing to me that this extreme of racism is held up next to another character's behavior -- spouting her paranoid stereotypes about gang violence -- to illustrate that everybody's a LITTLE racist. Later, we're spoon-fed some tripe about Dillon's poor old dad and how black folks drove him into the poor house. Is this supposed to explain, or worse, excuse this behavior? And is Dillon's character meant to redeem himself by committing the utterly unmotivated and unbelievable, laughably coincidental act of saving the woman he sexually assaulted the very night before? Please. The fact that so many people seem to feel some kind of self-congratulatory admiration for this film makes me feel sad about the shallowness of our understanding of racism, and our apparent lack of commitment to condemning and ending it.",negative
"I just saw this film last night, and I have to say that I loved every minute. If taken in the spirit of a parody of Bond-esquire films, it's truly superior. The true comedy of the film is in its blatant disregard for political correctness. The misogyny, cultural insensitivity, and almost laughable macho-ism of the films of this genre are used for major comic effect. It also calls the illogic and formulaic elements to task, with Agent OSS 117 constantly learning difficult things insanely quick (such as Arabic and how to play a traditional instrument) while missing some pathetically obvious clues. Some of the lines from the film left me laughing for hours after the movie was finished...and I have to say I have learned some...interesting...French vocabulary that would probably have my Professors quite exasperated with me were I to use. All in all, I thought this film excellent. Intensely funny and the first film I've ever seen that truly parodies all aspects of the spy film.",positive
"This movie isn't about football at all. It's about Jesus/GOD!! It's the same kind of sappy sanctimonious religious drivel you get from those arch idiots who wrestle for Jesus, or pump iron for Jesus. Yeah, Jesus was totally buffed, liked contact sports, and definitely owned a full set of dumb bells. DUHHH! This movie should have been entitled ""Hiking for Jesus,"" or something along those lines just to let the general public know that the real intent of this movie is to convert people to Christianity, and to pander to those whose brains have already been thoroughly washed in the blood of the lamb. That the title is derived from the Bible is made clear when the head coach is reading his Bible and asking Jesus for help. The recent sports movie ""Invincible"" was 100 times more inspiring than this was, and Jesus wasn't even a factor. It was just the desire and determination of an individual with a dream.<br /><br />Any broad appeal as an inspirational sports movie is ultimately lost amidst all of the blatant Bible thumping and sanctimonious religious propaganda. One gets the impression that the sole message is the only way you can succeed and make positive gain is if you accept Jesus as your personal savior. But this is simply not true, and is therefore a lie being perpetuated by those who believe that it is true and want everyone else to believe it. The image of the winning athlete thanking Jesus when he wins comes directly to mind. What does he do when he loses? Does he curse Jesus? Of course not! When he loses Jesus isn't responsible. Jesus is only responsible when he wins. And the logic goes round and round and round, and it ends up exactly where the true believer needs it to be, every time!! I had to hit pause when the scene with the coach receiving a brand new truck came on so I could stop rolling on the floor laughing my ass off and catch my breath. Materialism is not what Jesus taught. I find it odd that most so called ""Christians"" seem to either forget or ignore this message from their ""savior,"" especially when I see a Jesus fish on the back of a huge gas guzzling SUV that passes me like I'm standing still.<br /><br />Another message this movie implies is that Jesus apparently cares more about the win loss record of a mediocre high school football team that he does about the millions of starving children in the world. The final scene where the insecure and unsure kicker boots a 51 yard field goal and it is hyped up as an unbelievably incredible miracle puts the final gag me with a spoon religious red flag on this turkey. I only gave it three stars because the guy who played the black coach could actually act.",negative
"I have this movie on a collection of inexpensive B-movies. It's not restored, in fact, the audio was difficult to discern for the first few minutes.<br /><br />At first, it seemed like a typical haunted house film, and feels very much like the forerunner of Clue, Murder by Death, House on Haunted Hill, etc.<br /><br />About a half hour into the film, the storyline takes a really interesting twist--and it goes from being a cliché melodrama to something entirely different, and far more entertaining than I had initially thought.<br /><br />Check it out, it's a great deal of fun, even if the long clips and wider shots (and near lack of music score) make it feel a bit creaky by today's standards.",positive
"A ridiculous comedy given an arms-flailing direction. I love one of the comments here: ""Couldn't be made today"". Well, neither could ""The Philadelphia Story"" without a car chase or two. Nonetheless, does that mean the picture is worse for the wear for being old-fashioned? I don't think ""Susan Slept Here"" was good for any generation and it should fester peacefully in the memories of Debbie Reynolds-buffs. There is no sparkle in this story of a screenwriter who latches onto a much-younger girl for 'script research'. Dick Powell makes his farewell screen appearance in what must have been an embarrassment to him. Reynolds is pallid. Produced by one Harriet Parsons--who gives her famous mother Louella a number of inane plugs. *1/2 from ****",negative
"I really have problems rating this movie. It is directed brilliantly, there is obviously a lot of money in it. Gere and Danes are intense (although her screen personality could use a bit more defining and spicing up), editing and cinematography are excellent. On the other hand, it is one of those really really sick movies where one cannot help but wonder whether the director himself likes to stage specific scenes, and, yes, one cannot help but wonder how many copycats will such a movie inspire.<br /><br />In purely artistic terms, it is a 9, but I really have to ask myself who these people are giving their money to produce such a movie ....",negative
"Now I had the pleasure of first viewing Contaminated Man when it premiered on TV back in December of 2000.<br /><br />An infectious disease expert (William Hurt) looses his family when an unknown disease enters his home and kills them. Now some years later he is now in Russia or someplace. I'm not sure where exactly, all I know is it takes place somewhere in that area. Anyway, because of budget cutbacks at an infectious disease laboratory, they are forced to lay off most of their workers. One of them, a disgruntled security guard named Joseph Muller (played Peter Weller, best known for his role as the indestructible Robocop) goes in there and demands that they give him his job back. He needs this job because he is divorced and he needs it to pay child support. So he goes in there, a fight breaks out, and some things get knocked over, dangerous things. It's soon discovered that Muller has been infected with a deadly pathogen. In fact it's so deadly, one drop of his blood will kill a person in matter of seconds. Soon word gets out and the disease expert (Hurt) is called in to investigate and he later teamed up with an American reporter. Now Muller is determined to get home to see his wife and son and will stop at nothing even if he has to infect the entire Russian population.<br /><br />Now as I said before this film is a lot like Falling Down. We have a disturbed person (Weller here, Michael Douglas in Falling Down) who will stop at nothing to accomplish there goal even if they have to kill a few people in the process. Next we have a hero-type person (Hurt here, Robert Duvall in Falling Down) who is both sympathetic and determined to stop the antagonist.<br /><br />Contaminated Man is in fact a very good film with a good story line and some very good performances.<br /><br />8/10",positive
"I first saw this movie as a younger child. My sister had told me about it and I thought it would be more of a kid's movie. However it remains to also be an incredible movie. True that the subject behind the movie is ruff but also true this movie will never stop touching your heart.<br /><br />I was only 6 when I first saw it and just yesterday, 7 years later, I saw it again. For the first time in a long time. Even after I knew how it ended, I knew that I had seen it a billion, bizillion times I wept like a teeny weeny little baby. When I saw it a few years back I finally got the idea and the seriousness of the film. So I stoped watching it for a while. But yesterday I didn't change the channel, I watched it. By the end I was astonished at how much it still made me laugh, cry, think, and above all, believe in mericals again. I haven't belived in a long time and this movie got me out of my shell and opened up my heart. This movie wasn't just impacting. I was also so impressed with the actors. Especially Bobby. So if you are wanting to see this movie for the first time I suggest seeing it alone. With tissues. And being ready to discover your young, sweet, innocent side and the side that still has hope. This movie touched my soul when I was only 6, and even in this time of trying to figure out who I am this movie helped me realize both what I don't and still do want to be in life.",positive
"I really wanted to love this film. I have read the book to my daughters and we all loved it. The book is marvelous. This film is very far from the book. The book is splendid - this film is an awful adaptation.<br /><br />In the book, Sara is honorable, kind, strong, and NEVER does anything spiteful to get back at anyone. That's the POINT of the book! She behaves as a ""princes"" regardless of circumstances. An important part of behaving like a princess is to not return unkindness. It is to behave honorably regardless of how you are being treated.<br /><br />In the book, she endures much and touches the lives of others. Other people change their behaviors after they witnessed her kindness and ability to endure without sinking to spite and vengefulness. Sara does what is right simply BECAUSE it is RIGHT.<br /><br />Outside of the bakery, she comes upon a beggar girl who is more poor and hungry than she is. She has half a dozen hot buns. She is VERY hungry. She gives one bun to this wild looking little girl huddled on the doorstep of the bakery. When she sees how ravenous the girl is and watches her gobble the bun, she gives her another. She continues to do this until she has given 3 or 4 I think - I don't remember how many.<br /><br />The baker is watching through the window. She is so moved by what she has witnessed, she takes the beggar girl in and raises her as her own daughter. Other people are similarly influenced by Sara.<br /><br />And in the book, her father has died. The man next door is her father's partner - he has been looking for her. Her father did not lose his money after all - the man is thrilled to find Sara; he takes her and Becky into his home and raises them as his daughters. And Sara has her full inheritance, of course.<br /><br />Miss Minchin is not a chimney sweep. In fact, she remains in her same post at the school. But she is humiliated as Sara has told her new guardian of the cruel treatment she received. And Sara does speak to Miss Minchin in the end - Miss Minchin is trying to minimize her treatment of Sara and Sara with a calm steadfast demeanor, instructs Miss Minchin that she had been cruel.<br /><br />There is no comeuppance for Miss Minchin. She continues on in her miserable existence. It does not matter - what matters is that Sara has a home with a guardian who loves her - and her dearest friend in the world, Becky, is now for all intents and purposes, her sister.<br /><br />The book is about love and honorable behavior under the worst of circumstances. It is about self control and humility. It is a wonderful book. This film does NOTHING to capture the true story and messages of the book. My wife was so disgusted with it, she wanted to leave the theater in the middle, but we decided to stick it out. We were not rewarded.<br /><br />I cannot for the life of me think of a reason the film makes should alter this excellent book in such a bad direction. Perhaps it was the influence of the ghastly screenplay from the book that Shirley Temple acted in. I don't know - but this film is so far from the book in character and values that I do not recognize it.<br /><br />Don't waste your time - buy the book. It is unforgettable... even for a dad!",negative
"Clearly my rating for this is not to suggest it compares with the classy horrors of the likes of Argento but with other 70s low budget, drive in fare and in that department it truly is a classic. The lack of money shows, (Does anyone care too much?) the acting is adequate rather than professional, (Does that make it more realistic?) but unlike so many other movies, and not just low budget ones, this does not drag for a moment. Crap it may be but non stop crap, in your face crap and although inevitably a bit campy at times, this is a must see for anyone who has any idea what I'm talking about. At times quite delirious, this crazy little film filled out with crazy characters is clearly made for fun and fun indeed it is to watch.",positive
"IT SHOULD FIRST BE SAID THAT I HAVE READ THE MANGA AND THEREFORE MY ARGUMENT IS BASED ON THE DIFFERENCES.<br /><br />This anime greatly disappointed me because it removed the comedy and high quality action of the manga and OVA. What it left behind was merely a husk of what it could have been. Many of the characters lacked the depth that is seen in the manga. Alucard is not the sympathetic character that secretly wishes for death. Walter's story lacks the betrayal. And the Nazi villains that plot to engulf the world in war are completely absent. Instead, the anime provides the Gary Stu villain Incognito who is defeated against what appear to be all odds.<br /><br />My primary complaint is not that the anime diverges from the manga, but that it does such a poor job.",negative
"quite good, don't expect anything high culture.......the acting is bad, the storyline fails, but it is still a fairly nice movie to watch. why? because it's dark, a little bit stupid, like unpredictable and just entertaining and fun to watch. do not expect anything, like i said, just see it for yourself and you know what i mean.<br /><br />it is a movie, without a plot or memorable acting, but there are enough scenes that will make you laugh, cry or at least make you feel compelled to watch it to the end...<br /><br />this is all i wanted to say....<br /><br />7 / 10",positive
"I sat through this on TV hoping because of the names in it that it would be worth the time...but dear Gussie, whoever thought this script was worth producing? The basic idea is excellent but the execution is appallingly bad, with a constantly illogical sequence of scenes, an ending that is almost laughably melodramatic and poor Rock Hudson wanders through this with an understandably confused look on his slightly sagging face. Looks like a bad B movie from the 40's...",negative
"Historical movies always take liberties -- conversations are concocted where no one could actually know what was said, customs are adjusted to be comprehensible to modern audiences, etc. However, historical films about actual historical personages should make at least a minimal nod to history. This film does not. The only scene I actually remember is when our hero surprises an assassin who creeps into his chamber at night. He confronts the dangerous intruder with, ""I don't remember sending for room service"". The main entertainment value is in its badness; I recommended my local video story put it on the ""Turkeys"" shelf.",negative
"It's a shame this movie is rated PG 13--it is really quite suitable for anyone--though young kids might not follow it too well.<br /><br />It belongs to that wonderful genre of serio-comic ghost/angel stories that would have to include everything from Capra's ""It's A Wonderful Life"" to Wenders's ""Wings of Desire."" <br /><br />The photography is stunning, the acting first rate, and--wonder of wonders--the tone is uplifting.<br /><br />My only criticism is that there is not much ambiguity in the film. The two interwoven stories seem intriguingly mysterious at first; but they resolve themselves a little too nicely for my taste. As the director points out in his commentary on the DVD, all the ingredients of Irwin's story are on his bedside table. The symbolism is just a trifle too pat for me.<br /><br />But what a lark! My favorite scene has to be when the relocation team tries to get breakfast at a diner. This is practically theatrical in its magic--a tour de force of witty acting--subtle, playful, and positively rhythmic--coupled with striking cinematography and an acute eye for the grotesque.<br /><br />""Northfork"" is funny, touching, gorgeous to look at, magical (with the above reservations) and has not one single car-chase.<br /><br />An easy nine stars.",positive
"Italy produced a lot of really great and original horror films in the 1960's - and this is certainly one of them! The first thing you will notice about Danse Macabre is the style of the film. Shot in beautiful black and white, and due to director Antonio Margheriti's use of lighting; the film almost looks like it could be a German expressionistic horror film. This, coupled with the horror-filled plot line ensures that Danse Macabre is a film that truly captures the essence of horror. Of course, the fact that the beautiful Barbara Steele appears in the film doesn't harm matters - and the good news continues as, in this film, she gets to flex her acting muscles more than she did in the films that made her famous. The plot is very aware of the time in which this was released, and so incorporates the great Edgar Allen Poe. We follow Alan Foster, a writer who accepts a bet from Poe himself and Lord Blackwood that he can't spend an entire night in the latter's creepy old castle. Everyone that has spent the night there previously has died...and our hero is about to meet the previous wager-takers! <br /><br />Nowadays, horror films don't tend to focus so much on each shot and the result is that there isn't much beauty left in the genre. It is refreshing, therefore, to see this film. Many of the shots here are incredibly beautiful - from the female side of the couple wearing just a see-through skirt, to my personal favourite - a shot of smoke creeping in from under a door. This my first Antonio Margheriti film, and even after seeing just this one; it's obvious that he was one of Italy's premier directors. Also interesting is the fact that screenplay was co-written by another of the Italian greats; Django creator Sergio Corbucci. The plot can meander a little too much at times, but there's always enough atmosphere on hand to make sure that the film never becomes boring - and the fact that it is always intriguing, even when the plot slows down, ensures the same thing. The way that Danse Macabre utilises the 'haunted house' theme is both well done and original, and helps to keep the story as eerie as possible. On the whole, fans of Italian and/or cult cinema will not want to miss this little gem!",positive
"""Ice Age"" is one of the cartoon movies ever produced by Blue Sky Studios and released in 2002 as the company's first. We are introduced to the main characters: a squirrel named Scrat (voiced by Chris Wedge, AND PLEASE NOTE: the sound of Scrat's screams is the sound of Tom's screams from the ""Tom and Jerry"" cartoons), a woolly mammoth named Manny (voiced by Ray Romano of ""Everybody Loves Raymond""), a sloth named Sid (voiced by John Leguizamo of ""Titan A. E.""), and a saber toothed tiger named Diego (voiced by Denis Leary of Pixar's ""A Bug's Life"").<br /><br />The movie opens with Scrat trying to bury an acorn and right after that, he caused an avalanche. We then see a herd going south for the coming Ice Age (except for Manny, who is going the other way looking for other mammoths that looked like him). Sid comes out of his cave yawning, and saw that his family abandoned him. He then pays toll with some aardvarks. Unfortunately, he gets pursued by Sylvia (voiced by Kirsten Johnston of ""3rd Rock from the Sun""), a female orange sloth, who wants Sid to go migrating with her. Sid eventually teams up with Manny, and they became friends.<br /><br />Meanwhile, nearby a human tribe, Soto (voiced by Goran Visnjic), an evil saber toothed tiger, wants revenge against the tribe's leader for wiping out half of his pack just by stealing his infant son, Roshan, away from him. In the morning, he, Diego, and Soto's henchmen, Lenny (voiced by Alan Tudyk), Oscar (voiced by Diedrich Bader), and Zeke (voiced by Jack Black) attacked the tribe, but the leader's wife escaped with Roshan and gave him to Manny and Sid to look after. Eventually, Diego joins them, and went on a journey to return Roshan back to his tribe, who are also looking for him as well. Relax and watch the rest of the movie and find out, okay? Besides Manny, Sid, Diego, Scrat, Sylvia, and Roshan, the supporting characters in there including a pack of wolves that Roshan's tribe are using, and not to mention a fat female purple sloth named Jennifer (voiced by Jane Krakowski), and a skinny female yellow sloth named Rachel (voiced by Lorri Bagley), to whom Sid shows them Roshan as they relax in a tar pit. Incidentally, the two rhinos, Carl (voiced by Cedric The Entertainer of PDI's ""Madagascar""), and Frank (voiced by Stephen Root of Pixar's ""Finding Nemo""), who go after Sid for ruining their meal and confront Manny on a cliff, are simple minor characters. Same went for the dodos, who are using melons as their food supply.<br /><br />The gags in this movie are very funny. For instance, Manny talks through his trunk saying, ""I'M NOT GOING!"" When Jennifer and Rachel are out of the tar pit, Sid asks Jennifer ""What do you say if we jump into the gene pool and see what happens?"" Jennifer then responds to him, ""What do you say if you go jump into the TAR PIT!?"" Rachel also then kicks Sid in the waist. Sylvia sees Diego holding Sid by the neck with his teeth, then she asks Sid if he's holding his breath, tells Diego to eat him, and promptly walks off.<br /><br />Since ""Ice Age"" is not only a success, but it has 2 sequels: the first one was ""Ice Age: The Meltdown"", which was released in 2006, and the other was ""Ice Age: Dawn of the Dinosaurs"", which is going to be releasing next year. I can hardly die waiting to see what ""Ice Age: Dawn of the Dinosaurs"" will be like.",positive
"For me, North and South (Books I&II) is the ultimate TV series of the 80's. Just spotting all those cameo appearances was highly entertaining.Gene Kelly, James Stewart, Elisabeth Taylor, Olivia De Havilland, Robert Mitchum, even Johny Cash¡ No series has come close to this achievement.Have you ever seen anyone looking like Lincoln? Dick Smith's prosthetics made Hal Holbrock's powerful performance even more so. The crafted costumes, the jaw dropping locations, everything. It's clear that nowadays there are excellent and bright TV series (Desperate Housewives, Lost,24) but North & South was, and still is, one of its kind. Don't miss it. Only David Carradine's portrayal of the ultimate villain (you may call him just violent husband) worths the viewing. Maybe some characters and situations are too stereotyped, I admit it but the positive sides clearly cast a shadow over them. I'm so glad that finally is available on DVD in Spain.",positive
"I saw ""Sweeney Todd"" on Broadway in 1980. It starred George Hearn and featured most of the other cast principals who appeared in the national touring company production, which was videotaped for TV in Los Angeles in 1982. Last night I watched the new DVD release of the Los Angeles production, although I have owned the videotape for many years. The production and the performances could have hardly been better but the original tape's age showed because both the audio and video quality are below modern standards, even on a newly pressed DVD. Nevertheless I still give it 10 out of 10 because of the greatness of the work and George Hearns's and Angella Lansbury's startlingly wonderful performances. Even today, my most memorable recollection from a live musical theater performance has to be Hearn's rendition of ""These are My Friends."" ""You'll drip rubies,"" brrr.",positive
"It was very refreshing to watch this beautiful movie. The director maintained focus on the main subject without venturing into side plots (the doctor's family or stories of the other hospital patients), that are so typical of Bollywood assembly-line products. He kept the narrative simple to comprehend and made sure all the actors are true to the characters that they are supposed to portray. The rustic ways of the grandfather in the clinic, the cold and unemotional behavior of the surgeon, the zeal of the social worker gave the movie a feel of genuineness. I am also glad that the director did not fall for the temptation of adding songs or special effects and reduce it to the level of Anand or Safar. A couple of scenes toward the end of the movie, such as the boy visiting other blind children and a blind worker's workplace and also the final scene where the boy claps at the sound of splashing and birds chirping are sure make your eyes misty.<br /><br />Many Bollywood players do not realize that Oscar committee members value simplicity of the subject and genuineness and brevity of the movie more than the glitz and glamor. Shwaas is certainly a better nomination than Lagaan, which dealt with a subject that has already been beaten to death. No MPAA member is willingly going to suffer through 4 hours of jingoistic drama and a lot of song and dance.<br /><br />I look forward to more movies from director Sandeep Sawant in the future.",positive
"THE RUNNING MAN, along with TOTAL RECALL, is my favorite Schwarzenegger movie. No, this isn't 2001, but it's not meant to be. And the acting and script here isn't even up to par with other Arnie movies like PREDATOR or THE TERMINATOR. But I submit that the IDEA behind this movie is one of the coolest ever to hit the big screen. A state-sponsored game show in which criminals convicted of serious crimes compete against ""heroic"" stalkers armed with all kinds of weapons (the runners are equipped with none) in order to satisfy the public's lust for sport and blood. The ultimate prize for a winning runner: freedom. Or so the rules claim.<br /><br />For a movie with such over-the-top gory death scenes and cheesy one-liners, it really does have a lot to say. Someone else has pointed out all the commentary on culture/government presented in this movie, so I won't go into it here. Suffice it to say that if you can look beyond the seemingly silly feel of the movie, you will enjoy it very much (especially if you're a big SF fan with a lot of imagination). Like I said, it's not trying to be a serious art film, but it IS surprisingly layered for a 80s shoot-em-up flick. The premise is borrowed from a Richard Bachman (aka Stephen King) short novel, but diverges fairly strongly from its source material, especially towards the end. (The book ends rather nihilistically; needless to say this movie doesn't.) I enjoyed both, but I like the movie better.<br /><br />My favorite line: ""Guess it's caused from steroids.""",positive
"I don't understand why this movie was released, it looked like something that you show your mates after you borrowed your mums handycam she bought in 1987. I am Australian and work for a video store in the UK and thought that if an Aussie film made it into our store it can't be all bad... boy was I wrong!<br /><br />If anyone writes a good comment about this movie they are either lying or the makers of the film.<br /><br />The picture was BAD, the sound was HORRIBLE and the acting, oh the acting, it was the WORST acting in the HISTORY OF FILM. <br /><br />It makes me embarrassed and offended that they used the word 'Aussie' in the title because I am proud to be Australian and this movie is seen in other countries and may give people the wrong idea.<br /><br />Please anyone who reads this and has seen this movie, take the time to find other Aussie movies to watch because you could choose any one of them and it would be better than that one.<br /><br />I could have made a better film if I took a camera, filmed my but for an hour, ate the film waited for it to pass through my body then threw what came out at the television... no offence.<br /><br />DO NOT WATCH THIS FILM!!!!!!!!!!",negative
"""Don't be greedy"" sums up the depth of this movie. All the rest of the baloney is big budget window dressing. The movie rotates through hiding the ball annoyingly and revealing too much. None of the potentially interesting plot tangents are developed yet the trite ones are hashed and rehashed to excess.<br /><br />The charm of DD, as others have pointed out, was in the schizophrenia device,the humor woven into the fabric of the movie, and most importantly, the acting. There is enough wooden acting in The Box to attract a giant mound of martian termites.<br /><br />The biggest problem with suspending disbelief during this mess is the glaring question, ""why would a technologically superior power capable of taking over the government need to do any testing at all?"" Awful failure of a movie.",negative
"This movie is more deceiving than ever, using a suspenseful looking actor like Walken to play in this piece of junk made it look like he had nothing better to do than play a boring role like this one! And the fact that the movie was supposed to be about some witch and you really don't see that until almost the end of the movie but meanwhile you have to sit and watch this boring film while it gets, or tries to get to the meaning of the point and you have to go through this whole trail of boring actors and actresses thinking the whole time of how you passed off another movie and decided on this one and how you have just waisted your money just makes the whole point of time useless sitting there. I'd rather watch cartoons for goodness sakes. Leave this one alone,please!",negative
"I usually like hongkong - martial arts - fantasy movies but I hated this one. Once Upon A Time In China, Shogun Assassin, A Chinese Ghost Story and even Big Trouble In Little China are my favorites but this film sucked! Too much fancy tricks and stupid story.<br /><br />4/10",negative
"An interesting idea involving an alternative dimension inside a hospital. It recalled - Stephen Kings ""Langoliers"", ""Kingdom Hospital"" and old twilight zone episodes. Atmospherically strong, the set up was great. There were also some very clever 'time loop' moments which always have that head-melt appeal. The story had plenty of vague references which led me to believe that all the ensuing weirdness of - time slips / ghosts / a weird bat winged demon and a rather silly heavy metal attired ghoul-thing would be explained. And THAT was were Dark Floors severely let me down. Based on my viewing the movie gives NO EXPLANATION as to what is behind the events. Whilst, some ambiguity is always expected/welcome in these kind of films. Dark floors took it to new heights of vagueness. I don't expect things wrapped up in a pretty ribbon, but neither should I be left feeling ""Huh? .. is that it? ... Did I dose off? Maybe, I hit chapter skip by mistake?"" Dark Floors left me with a deeply unsatisfying suspicion that ""It was all a dream"" which is a shame because up until the last reel I was very much on board and enjoying the movie.",negative
"After seeing The Aristocats: Special Edition in a two pack with The Fox in the Hound, I decided to buy it since both of these films were childhood favourites.<br /><br />The Aristocats is a classic, definitely. It might not be a five-star classic, but it is a fun film and makes a good evening's entertainment. It is somewhat a light refreshment from the darker, more serious Disney classics. The Aristocats tries to be a light-hearted musical comedy, and I think it just about succeeds.<br /><br />The storyline doesn't really make much sense and I don't think the plot is particularly strong, but it is certainly not weak. The animation and backgrounds are a bit scratchy in places, typical of Disney's 70s films, but it does have a rustic, old fashioned charm about it.<br /><br />The Aristocats strongest points are the characters, the music and the humour. The music is very memorable - try getting 'Everybody Wants To Be A Cat' out your head in a hurry! The songs are written by the Sherman Brothers, who also did the music for The Jungle Book. There was one song called 'She Never Felt Alone' that was going to be in the film, but sadly didn't make it into the final feature. It is a shame, because I think it would have fit in very well.<br /><br />The characters are unforgettable. Thomas O'Malley is voiced by Phil Harris, and is basically Baloo in a feline form. Eva Gabor gives Duchess this warm and maternal feel and the kitten's voices actually sound like children, and not an actor imitating the voice of a child. The secondary characters are here by the dozen and yet you still end up understanding their personalities. Edgar, the 'villainous' butler plays a similar role to Cruella De Vil, but he's more comical than scary, often ending up in funny situations. Even though he's the bad guy, he's still lovable all the same.<br /><br />The two British geese - Abigail and Amelia really had me cracking up, along with their crazy (and drunk) uncle. I also like the dogs, who tend to argue over who is 'the leader.' I could go on, but I won't spoil it. But I can tell you, The Aristocats is funny and will entertain everyone without having to resort to rudimentary toilet humour.<br /><br />The bottom line - The Aristocats might not be Disney's crowning achievement, or even their strongest film from the 70s (that award is a tie between The Rescuers and The Many Adventures of Whinnie the Pooh). But it is an enjoyable romp and is sure to entertain. If you are looking for a dazzling work of art, you might be better off watching Bambi. But if you want a fun night in, The Aristocats is the way to go. It is a charming and lovable film and it's impossible to dislike. Enjoy! (And besides, it's good to have a film where cats aren't seen as the villains).",positive
"well, i hated knocked up, i despised 40-year-old virgin, and this little gem is a worthless piece of trash movie. do yourself a favor, and skip it. i admit, i don't like the actors in this movie, and after my 18-year-old son showed me the cover of the DVD, i was like, ""i wouldn't like that movie,"" but at his insistence, i decided to give it a try, unfortunately. <br /><br />about two minutes into the movie i turned it off, i was so offended. it's just disgusting. any decent person would be offended by the filth in this movie. call me old fashioned, but shoving your pussy juice-covered hand into your friend's face so he will know you ""got some"" is over the line of decency, in my opinion. yeah, that's how this putrid little film starts, and i can only imagine it gets much worse from there. another real winner for Mr. Rudd. i bet he's proud as punch. imagine if you could only get worthless roles like he gets, would you stay in movies? despite the pay, i wouldn't. <br /><br />i should have known better; next time i will.",negative
"As always Joan Hickson is wonderful as Jane M. Subtle, sharp and aware. I do not wish to dwell on her acting skills as they are praised enough on this site. I would like to criticize some of the smaller parts as the rest of the cast seemed to be hand picked by director David Tucker.<br /><br />Liz Fraser's performance as Mrs. Bent (the mother of the missing girl Nora) is a joy to watch. Subtle and deeply moving as the alcohol-depending grieving mother who loves and misses her daughter desperately. A good long shot of her monologue (thanks Tucker!) so she can be enjoyed to the fullest. I was moved when I saw her the first time when it was broadcast and I am moved again, now I have it on DVD. Brava.<br /><br />Joanna Hole as Madge the tour-guide I find highly amusing. She is on the edge of over-acting but her role can have it. She is SO funny as the over-organized guide who wants to do good with everyone on that bus, I find her hilarious. Her reaction after she boarded every-one on the bus is great... As always: to perform comedy one has to take it very seriously, and that's what Ms Hole does.<br /><br />I do hope those two ladies have good careers (as I live in Holland I do not know if they have, not all theater productions can be googled...) -their performances on the screen deserve it.<br /><br />Pieter",positive
"***Might not consider this having a spoiler, but I'd rather be cautious than careless*** I never saw this movie when I was little. I fell in love with it the first time I saw it with my three year old daughter. I can watch it over and over again.<br /><br />For the little acting Ilene Woods did in her lifetime, she was a wonderful voice for Cinderella; very appealing; very believable. The music really fit the movie perfectly. The acting was great; loved the mice!! You really ""hated"" Lady Tremain and the step-sisters; they were just awful. The cartoonists depicted the spoiled behavior very well.<br /><br />This is a wonderful movie, especially if you are into love stories. My daughter has seen the movie about 25 times and still gets excited at the end.",positive
"Where to start? Some guy has some Indian pot that he's cleaning, and suddenly Skeletor attacks. He hits a woman in the neck with an axe, she falls down, but then gets up and is apparently uninjured. She runs into the woods, and it turns out there's the basement of a shopping center out there in the woods. She meets a utility worker and Skeletor attacks again. Luckily, like any good utility worker, he's got a gun and shoots at the guy. Doesn't work, everything starts on fire.<br /><br />Cut to some people walking through the woods. Even though they've been hiking together for some time, they sit down and introduce themselves to each other. Wouldn't they have probably done that when they first met? Anyhow, they're ""undercover"" Delta team members (undercover, I suppose, because that way they don't have to pay to dress them in uniforms). The cute girls are various things such as a sniper school instructor and, oh, I can't remember the rest. It doesn't matter. Eventually they all take their guns out and immediately start aiming them at various things. ? Anyhow, they meet an old Indian who is sitting out in the woods. He wants beans. You know, like pork and beans? He mumbles some stuff, I can only assume that it's the premise of the movie. I relied on having heard the premise from the commercials, because you can't really understand anything he says.<br /><br />So, they walk around the woods some more. All the dialogue is a load of quasi-military, macho BS. I mean all of it, as in every single word. Like ""This reminds me of when we were in Kabul"" or ""This reminds me of when we were in Laos"". Skeletor attacks again. Let me give you a rundown of a basic attack. One of the female characters is crouched behind a tree and she aims her gun at the approaching guy on the horse. For some reason, she doesn't fire but yells several times for someone else. Then as Skeletor approaches, she jumps out from behind the tree so that Skeletor can stick her with his spear. Then everybody starts shooting. The bullets cause sparks to fly from the trees. Apparently the folks who made this movie never shot a tree with a bullet. They don't make sparks.<br /><br />Then Casper Van Diem is all of a sudden driving a semi-truck, trying to run over Skeletor. He misses, and the truck slides to a stop. Van Diem is injured, apparently he slid across the seat and bumped his hip on the window crank or something, so he crawls out of the truck and it explodes. Later he's in the woods dying and everybody says a bunch of quasi-military, macho BS. They meet a couple guys in the woods and blow their ""undercover"" status by immediately identifying themselves as being from the Army. They beat on the guys for some reason, then they go away.<br /><br />Some other stuff happens, people mumble, the camera shakes, etc.<br /><br />I think it comes to an end eventually.<br /><br />My theory is that the Sci-Fi Channel is getting a little annoyed with everyone bashing their movies, so they put this out to remind us all how bad movies can really be. Like, you think our movies are bad? Well, you haven't seen bad. HERE'S BAD!!! Okay, now that we've got that out of the way, the rest of our movies are pretty good in comparison, right?<br /><br />Well, it's just a theory.",negative
"I agree with most of the Columbo fans that this movie was an unnecessary change of format. Columbo is a unique cop with unorthodox police methods. This movie looks like a remake of any other ordinary detective dramas from the past. And that is the disturbing point, because Columbo is no ordinary detective.<br /><br />There are two parts in this film that left me intriguing. First, I can't figure out the title of this movie. It is misleading. Maybe a better title would've been ""The Vanishing Bride"" or something similar. Second, Columbo hides a piece of evidence without offering the reason (to the viewers at least) why he does it.<br /><br />I don't feel betrayed, just disappointed. I'm glad Peter Falk went back to the usual Columbo.<br /><br />",negative
"I think its time for Seagal to go quietly into the night. What I have just seen makes all his direct to video releases in the last few years look like his early 90's smash hits in comparison.<br /><br />A secret bio lab is making a new kind of drug that jacks up a human's adrenaline system to the point where they become psychopathic killers or something. Somehow Seagal is supposed to stop the infection or its the end of the world...or something. Seagal also went through hit squads like jellybeans, every time I look up he was commanding a new face so it kinda got hard to follow character development as well I know Steven's athsma prevent him from yelling at the top of his lungs but even so why is he constantly being dubbed by people who sound nothing like him? Usually the films plot and action sequences can save it from being a total waste of time but this was not even close. Like I said, it was more of a horror movie with a lot of blood and shank stabbing rather than straight up fighting. The problem was it wasn't really scary and Seagal looked completely out of place because the infected people were supposed to have speed of light movement yet the 40 year old 280 lb Seagal killed them all singlehandedly? I guess the lone highlight of the movie was the first 20 minutes where the new recruits ask Seagal to come to the strip club with them.<br /><br />2 out of 10",negative
"Snakes on a Train is a movie I rented due to the pure amusement of the thoughts I had, about the movie. Snakes on a Plane was an enjoyable Action film, so obviously the film makers wanted to cash in on the success, with this low budget effort. At 85 minutes, Snakes on a Train is almost unbearable to witness. I had to keep pausing the film to do something to entertain myself, due to the lack of happenings in the film. Throughout the duration of the film, it's never fully explained why this girl has this curse, or why she keeps coughing up this green/purplish goo constantly. Not only that, there is endless boring dialog of the two main characters, Brujo and Alma discussing how to get rid of the curse. I can appreciate low budget film-making. I'm truly not picky on movies, i'm open to any genre or budget, but Snakes On A Train is truly one of the worst Horror films I have ever seen. Were the writers on Acid or something at the end of this film?. Why did the woman suddenly turn into a giant snake? and most importantly how on earth was it able to devour the train?.<br /><br />Bottom line. Snakes on a Train is a movie that needs to be avoided at all costs. Don't be intrigued like I was by the title, this is a movie that's seriously bad. Let's put these snakes to rest<br /><br />0/10",negative
"If I had never seen the first Road House, then I guess this movie might get one more star, but even then that makes it a 3 star movie. For that matter I was really surprised as to the relatively high rating it currently has.<br /><br />In reality, I was not able to finish this movie, as it was painful. Where it went wrong (at least the most obvious way) is that it pretty much parallels the original exactly even though the original plot is still referenced. This doesn't really make sense and doesn't work. Also, the acting is weak...I never felt like I was into the movie yet I felt like I was watching people act. Even good actors like Busey don't work out, probably due to the screenplay or maybe the awkward editing. The strangest thing is that the movie feels like a mid 90's B movie, yet is made in 06. I am not sure as to why, but then again, this often seems to happen with sequels for some reason. The music, the look, and the whole overall feel reminds me of movies you saw 10 years ago on Cinemax late at night. The strangest thing of all is that I am also expecting Ja Rule to come in at some point...often it reminds me of more current movies with rappers as actors.<br /><br />The most irritating thing is love interest girl who's character seems like a total rip off of the Lois Lane character on Smallville which is also quite annoying. And lets not forget the fakest sounding ""southern accents"" I have heard since Walk the Line. I realize this is common place in movies, but no accent at all would work better than attempting to sound like you are from that universal hick place on TV where anyone from any southern state (or KY and WV) sound exactly the same. Sure, people in desert towns in AZ sound just like people in Southeastern states 2000+ miles away. That was wearing thin 10 years ago in the B movies where technique came from. Why do writers / directors make such decisions? <br /><br />Bottom line: I would truly not recommend this if you are a fan of Road House or if you like good movies. Also, if you have not seen it yet, don't spoil it by seeing this version first. The original Road House was one of those accidental classics that people love and watch over and over. It was an unexpected success like American Graffiti, Dazed and Confused, and more recently Office Space, Fast and Furious (only the first one!), and Napolean Dynamite. Why did they spoil it!!!???<br /><br />They should have never made a sequel to Road House other than a high budget version with the right actors / director. Sure, you can never top the original (ex: Bad News Bears, The Longest Yard, etc.), but at least if you can do it right it will be presentable as is the case with the examples I mentioned. But to make a low budget, off-network, self production of Road House is criminal.",negative
"(Caution: several spoilers)<br /><br />Someday, somewhere, there's going to be a post-apocalyptic movie made that doesn't stink. Unfortunately, THE POSTMAN is not that movie, though I have to give it credit for trying.<br /><br />Kevin Costner plays somebody credited only as ""the Postman."" He's not actually a postman, just a wanderer with a mule in the wasteland of a western America devastated by some unspecified catastrophe. He trades with isolated villages by performing Shakespeare. Suddenly a pack of bandits called the Holnists, the self-declared warlords of the West, descend upon a village that Costner's visiting, and their evil leader Gen. Bethlehem (Will Patton) drafts Costner. After much misery and numerous efforts to break Costner's spirit, he escapes, thus ending a lengthy section of the movie that could have been told better in a three-minute flashback.<br /><br />We now finally get to the major premise: the escaped Costner finds an abandoned mail truck and delivers the letters to the nearest town, hoping to get some food under pretense of being a postman. A number of the village people led by young Ford (Larenz Tate) want to get in on this postman act, which does not sit well with Bethlehem and his bandits, and Costner finds himself the unwitting and unwilling leader of a band of postmen at war with the Holnists.<br /><br />The idea of The Postmen versus The Bad Guys is not as ridiculous as it sounds. The Holnists depend for their livelihood on the fact that the villages they prey on are isolated from one another; the Holnists can destroy any one village, but could not stand against all their victims united. To unite, the villages must communicate with one another, and a working mail system would thus be a big step toward putting the Holnists out of business. So it really makes a lot of sense that Bethlehem would get medieval on our heroic mail carriers. Unfortunately, Bethlehem's eventual defeat is not the result of the villages uniting against him, but instead your old standby cliche, the one-on-one brawl between him and Costner. Nor is there even any real attempt by the communities to use the mail to work together to solve their problems; all the mail seems to be the standard ""Hi, Aunt Debbie"" stuff played for maximum sentimental value.<br /><br />THE POSTMAN is one of the most predictable movies, shot for shot, that I have ever seen. Now, I don't purposely try to ruin movies for myself by straining to figure out what's going to happen next. But here we're talking about the kind of predictability that requires no effort; I just knew what was going to happen next whether or not I wanted to know. After a lion is prominently showcased eating people, a Holnist bandit seeking the escaped Costner ventures into the bushes after a noise, and we are then ""shocked"" when the lion eats him. A bunch of unoffending villagers are rounded up and shot by a firing squad, and one of the villagers sings out some Famous Last Words right before being shot, to my immense lack of surprise. A covered statue is unveiled to show exactly what everyone knew was going to be there: Costner bending to pick up a letter from a cutesy kid we saw earlier in the movie. A man tells Bethlehem that no sir, you can't just take my wife; Bethlehem runs the unsuspecting sod through, though he is the only person in the theater who is unsuspecting.<br /><br />But it is rank, cloying sentimentality that really undoes THE POSTMAN. Olivia Williams, playing Costner's lover Abby, is worst served. She pours her heart into the material and gives her very best effort to make it sound natural and sincere. She tries so hard, it's heart-breaking. But nobody could ever have made the lines ""I have a gift for you, Postman . . . You give out hope like it's candy in your pocket"" sound like anything but the syrupy pap that they are. Another example is the scene where a mounted Costner thunders past a little boy, ignoring his proffered letter, only to turn around, stare at him for what seems like five minutes, and then thunder back to pick up the letter. Why didn't Costner just pick it up the first time? No real reason; it's just an artifice that tries and fails to give us a feeling of elation by dashing the kid's hopes and then restoring them.<br /><br />Schmaltz and predictability unite at the end as the statue of the Postman is revealed. I sat thinking, ""Please don't tell me they're going to show the statue and then cut back to the scene with the cutesy kid. Surely that is too saccharine, too obvious for even this movie."" Then, alas, the music swelled and we did indeed cut back to the dreaded little boy smiling as his letter to his maiden aunt is whisked away, and I held my head in my hands and thought, ""Somebody shoot me."" It felt like having thirty pounds of apple pie rammed down my throat.<br /><br />Gen. Bethlehem is a more humanized villain than normal. Your standard-issue post-apocalyptic villain is the meanest, toughest S.O.B. in the valley. Bethlehem is shown to be a little nothing of a man inside, who tries to make himself feel important by beating up on others. Although some menace is thereby sacrificed, Bethlehem is credible in a way most villains aren't. Unfortunately, Will Patton overacts. And although we are told early on that Bethlehem utterly destroyed his last challenger in five seconds of hand-to-hand combat, Bethlehem's actual fighting skills shown at the end of the movie are absolutely ludicrous.<br /><br />The acting is otherwise pretty good. Costner has done better, but his Razzie was an overreaction. As mentioned, Olivia Williams is very impressive. Larenz Tate as Ford does a sincere and credible job. James Newton Howard's score is competent, though short of the epic standards the movie was going for. But it's not enough to save this film.<br /><br />Rating: *1/2 out of ****.",negative
"Rourke does his usual bit part,as a sinister,rancorous,Neanderthalian,ferocious,evil jerk,in the same mold as in ""Picture Claire"",""Out in Fifty"",""Get Carter"",""Double Team"" and the rest of the garbage he happens to be in.<br /><br />He has very few lines.<br /><br />Of course,all this is just junk,undervaluing Rourke,abasing him,and doesn't matter for his characterization as an actor.Still ,after seeing ""A Prayer ..."",""Johnny Handsome"",""Barfly"",""9 1/2 Weeks"",""Year of the Dragon"",etc.,etc.,for many years I considered Rourke an outstanding,smart,intelligent man.I think he has changed since.<br /><br />He looks callous,calcined.<br /><br />""He went about with gloomy looks;/Despair inhabited his breast/And made the man a perfect pest.""(Belloc,""The Example"").<br /><br />I had absolutely no other reason to watch this dull movie except that Rourke was in.",negative
"This movie is about Tyrannus, a gladiator who is brought back from the dead to summon Tyrannus, a gladiator who must be brought back from the dead. Tyrannus, we learn after about an hour, is also called Demonicus. This adds much needed depth to the screenplay and calls into question our assumptions about identity, psychology and ourselves. <br /><br />The spirit of Tyrannus accomplishes his little to-do list (killing some people and saying repetitive phrases in Latin) by possessing the body of a college guy. He uses a magic mind-control helmet to do this, which the college boy willingly puts on his head, and then at several points in the movie, takes off and puts back on.<br /><br />Maria performs oral sex on a poor man's Sean Willian Scott, and Tyrannus wears the Rollerball glove. Tyrannus has his own green backlighting for no reason, and has apparently been sitting next to CG fire in an ancient concrete tunnel for centuries like this. Utter misfortune.<br /><br />This movie is empty and will hurt you. See it.",negative
"This is definitely one of the weaker of the series of Carry On films. It lacks the usual fun and sparkle and even the cast seem embarrassed by the poor dialogue. By the time this came out, the series was in terminal decline and boy does it show! If you're coming fresh to this series, avoid this one till near the end.",negative
"I rarely make these comments but I felt compelled to spare others the pain I endured in watching this movie. It's so stupid and implausible both in the overall story and in the details that you simply can't suspend disbelief. The problem starts early, when you see a government researcher tooling around in a new Porsche and dining with his team in a restaraunt that looks like a castle, overlooking the Capitol Building in Washington, D.C. That kind of life on a government salary? Hah! It only gets worse. Toward the end, when the bad guy starts killing off the good guys, the latter group act so stupidly that you want them to die, in order to cleanse the gene pool. The special effects are pretty good - any producer's money can buy that - and the lead actors have been great in other films, but the screenplay and direction here are moronic. Many people have wondered whether there was some deliberate intelligence behind Paul Verhoeven's previous, facially stupid movies (Showgirls, Starship Troopers), but this movie should stop the wondering. He's just plain bad.",negative
"As the film opens, two thugs kill another thug. When the body is discovered and about to be autopsied, the doctor realizes that although the man was shot dead, he was also suffering from the Pneumonic plague--a very nasty and more virulent version of the Bubonic plague! So, it's a race against time to find those who came in contact with the dead man and treat them immediately, otherwise a disaster could erupt.<br /><br />Oddly, I actually know quite a bit about the Pneumonic plague, as I taught a series of lectures on it for my history classes. The film really did not do a good job of getting the facts right about the disease in that it looked little like what the people had in the movie. The biggest problem is that this illness is so incredibly grotesque that in 1950 they really wouldn't have been allowed to show it. Sure, there is high fever and coughing (they got this right) but also lots of bleeding and explosive vomiting of blackened blood--along with the enormously swollen lymph nodes like you'd get with the Bubonic plague--all purply and gross! I can certainly understand why they didn't go this far. Also, I am sure that the federal government would have had a much, much greater involvement in controlling and treating the disease--here in the film it was handled on a very local level and everyone seemed ill-prepared and a bit dumb. No one seemed willing to believe the doctors!! As for the acting, the film had some excellent actors here. Richard Widmark and Paul Douglas are, respectively, the public health doctor and police chief. Good actors but also known actors back in 1950. However, in his first film is the very menacing Jack Palance (still going by his original moniker, 'Walter Jack Palance') as well as the relatively unknown (at the time) Zero Mostel. Palance was great--very scary and very physically adept in his own stunts. Mostel played a heavy typical of his early work--a greasy and cowardly sort of evil.<br /><br />Overall, despite really not getting the details right and wrapping everything up a little too neatly, the film is very tense and has excellent acting--and is well worth seeing.",positive
I switched this on (from cable) on a whim and was treated to quite a surprise...although very predictable this film turned out to be quite enjoyable...no big stars but well-directed and just plain fun. With all the over-hyped crap that is out there it is very nice to get an unexpected surprise now and then... and this little film fits the bill nicely. 9/10,positive
"I'm working my way through the Horror Classics 50 Movie Pack Collection and THE MAD MONSTER is one of the movies in the set.<br /><br />I am sure that George Zucco was a good actor; but, this was only the second film in which I saw him, the first being DEAD MEN WALK, in which he played two parts. However, even good acting couldn't save THE MAD MONSTER.<br /><br />Zucco plays a mad scientist, Dr. Cameron (who was banned from academia because of his unethical and inhumane experiments). He believes that he can control evolution by bringing out the characteristics of one animal into another.<br /><br />In this case, like so many others of its ilk, it is a transfusion of (I assume) wolf's blood into humans. His goal is to create an invincible army, which he can control through the antidote. The subject of his experiments is his hired hand, a retarded gardener, whose dialogue slows down this snail-paced classic to almost a full-stop. <br /><br />Beyond his experiments, Dr. Cameron also plots revenge on those who discredited him, using his transformed gardener. However, he loses control of his subject, who begins to transform without the transfusion -- yikes! <br /><br />The werewolf transformations are classic Hollywood stop-action / makeup effects. No doubt these were groundbreaking techniques of the time; but, in today's digital age it's hard to imagine audiences being scared by this.",negative
"Why, o' WHY! ...did I pick this one up? Well... i needed a no-brainer in the summer heat, and the cover looked cool.<br /><br />Of course I should've known better. This is a really, really bad movie. And it gets embarasing when the makers know it's bad, and try cover it up by adding some sexy/beautiful women, and some sex-scenes to it. Well, folks... it does'nt cut it, does it!<br /><br />If you WOULD like a cool movie about a big reptile that is actually very, very good, well-played and funny: go rent Lake Placid! (that is an order)",negative
"**WARNING: POSSIBLE SPOILER**<br /><br />If you can get by the extremely unpleasant subject matter, this film does offer a heaping helping of outrageously campy melodrama. Surprisingly enough, this movie has been copied and ripped-off several times over the years, although it's hard to fathom ANY filmmaker being inspired by this trashy drama. Neither one of the Hemingway women can act here (although Mariel HAS improved over the years), Anne Bancroft offers the only touch of class as a prosecuting attorney, and Chris Sarandon is by turns pathetic and unintentionally hilarious as the smirking, smarmy bad guy of the piece.<br /><br />Veteran director Lamont Johnson can't make a silk purse out of this sow's ear of a script, which is stuffed to bursting with howlingly bad dialogue and outlandish situations. For example, the final sequence, where Margaux grabs her shotgun and chases Sarandon down after his latest shocking act is meant to be exciting but elicits hearty chuckles instead. Add a notoriously shrill and spacy musical score by Michel Polnareff and you have a true guilty pleasure, even though you're likely to feel grubby and needing a hot shower after viewing it. Don't say you weren't warned.",negative
"First, what is really great about this movie: <br /><br />- Ryan Reynolds, great acting! There are very few actors I really like and for now he is one of them. He has an amazing skill to impersonate characters. <br /><br />- The soundtrack! Very good music played at the right time. <br /><br />- The idea of a nine lost in his own world, incapable of leaving. <br /><br />Still, I give it only a 3 out of 10 for certain flaws: <br /><br />- Horrible second part. It seems that the director was very eager to make something new, but despite of the efforts it was really boring <br /><br />- Very annoying character Melissa. I couldn't stand the scenes with her - i.e. it was constantly annoying. She represents everything that is wrong with American woman. <br /><br />- Terrible explanation of the numbers. The director was so busy with character development, that he completely missed the point of a good story.. excuse me koalas? brr... terrible!<br /><br />This movie had great potential. The filming is nicely done, the music is really good, but nothing more.<br /><br />See it only if you are a fan of Ryan Reynolds, or have a lot of time to spare.",negative
"What the *bliep* is it with this movie? Couldn't they fiend a better script? All in all a 'nice' movie, but... it has been done more than once... Up till the end I thought it was okay, but... the going back to the past part... *barf* SO corny... Was waiting for the fairy god mother to appear... but wow, that didn't happen... which is good.<br /><br />I loved Big with Tom Hanks, but to see such a movie in a new form with another kid who wished that he/she is older/bigger; that just is so pasé<br /><br />Just watch till it comes out on TV. Don't get me wrong, but it ain't all that",negative
"I saw this back in '94 when it was finally released. Apparently because Orion pictures was in bankruptcy, I think, the movie had not been released a couple of years earlier.<br /><br />I have problem remembering details partly because I haven't seen it in a long time, but I do remember it as a very dull movie. I kept debating whether to walk out of it. The store was not at all interesting or engaging. Was a 3rd rate America Graffiti imitation. <br /><br />None of the performances make it worth watching either. One of the biggest disappointments since a local newspaper reviewer gave it a high rating.",negative
"A brilliant Russian émigré devises the Stanislavsky' system for winning at contract bridge - which makes him and his beautiful wife the GRAND SLAM Sweethearts of America.<br /><br />What could have been just another silly soap opera is elevated by fine production values & excellent acting to the status of a very enjoyable little comedy. A few unexpected touches are thrown in to keep the viewer's attention engaged - the way in which the principle cast is introduced as faces on a deck of cards; the introduction of a zany acrobat into the plot for no other reason than to enjoy a bit of lunacy; and the way in which a wide variety of different kinds of Americans are shown to be transfixed by listening to the broadcast of the concluding game.<br /><br />Paul Lukas & Loretta Young do very well as the Bridge Sweethearts - Lukas suave & sophisticated and Miss Young passionately loving and beautiful (even if the script keeps her puffing on a cigarette a bit too much). They are fun to watch, even when their behavior is not always the most believable or compelling.<br /><br />Frank McHugh gives another good performance as a relentlessly cheerful ghost writer who adores Miss Young. The delightful Glenda Farrell eschews her customary wisecracking persona in a small role as McHugh's ditsy gal pal. Roscoe Karns handles the fast-talking dialogue as a brash radio announcer. Diminutive Ferdinand Gottschalk is wonderful as a snobbish bridge expert.<br /><br />Movie mavens will recognize Dewey Robinson as a belligerent nightclub patron; Emma Dunn as a sob sister reporter; Paul Porcasi as the owner of the Russian nightclub; Charles Lane as a Russian waiter; and Jimmy Conlin as a kibitzer at the final bridge game - all uncredited.<br /><br />The film takes advantage of the fad for contract bridge which had swept across the country since its development in the 1920's. It expects the viewer to have a basic knowledge of the intricacies of the game and makes no attempt to explain anything to the uninformed.",positive
"I basically skimmed through the movie but just enough to catch watch the plot was about. To tell you the truth it was kind of boring to me and at some spots it didn't make sense. The only reason I watched this movie in the first place was to see CHACE CRAWFORD!!! He is so hot, but in this movie his hair was kind of weird. But still hot.<br /><br />However, despite how hot CHACE is, it really did not make up for the film. I guess the plot isn't that bad but what really threw me over was the fact that they cuss in like every sentence. Is it that hard to express your anger without saying the F word every time?The cussing was annoying and the whole flashy, camera shaking thing gave me a headache.<br /><br />All in all, although the plot was OK, I found the film to be a bore and over dramatic. That's why I only cut to scenes with CHACE in it. LOL Anyways, not worth renting unless your a die-hard fan of a specific cast member like I was. Oh yeah the cast was Hot. The girls were HOT!!! But CHACE IS THE BEST!!",negative
"A wonder. One of the best musicals ever. The three Busby Berkely numbers that end the movie are spectacular, but what makes this film so wonderful is the incredible non-stop patter and the natural acting of Cagney and Blondell. (Keeler is also lovely, even though she may not have been a great actress). There's a freshness in the movie that you don't see in flicks today, much less in the usually stilted 30s films, even though the plot, involving the setting up of movies prologues, is quite dated.",positive
"I have no read the novel on which ""The Kite Runner"" is based. My wife and daughter, who did, thought the movie fell a long way short of the book, and I'm prepared to take their word for it. But, on its own, the movie is good -- not great but good. How accurately does it portray the havoc created by the Soviet invasion of Afghanistan? How convincingly does it show the intolerant Taliban regime that followed? I'd rate it C+ on the first and B+ on the second. The human story, the Afghan-American who returned to the country to rescue the son of his childhood playmate, is well done but it is on this count particularly that I'm told the book was far more convincing than the movie. The most exciting part of the film, however -- the kite contests in Kabul and, later, a mini-contest in California -- cannot have been equaled by the book. I'd wager money on that.",positive
"I see that C. Thomas Howell has appeared in many movies since his heyday in the 80s as an accomplished young actor.<br /><br />I bought this DVD because it was cheap and in part for the internet-related plot and to see how much older C. Thomas Howell is; I do not recall seeing him in any movies since the 1980s.<br /><br />In just a few words: what a very big disappointment. I give some low budget movies a chance, but this one started out lame. Within the first 15 minutes of the movie, this elusive woman is chatting with an Asian guy in a chatroom. They basically stimulate themselves to their own chat, she then insists on meeting the participant in person. She meets him, has sex, ties him up and then murders him in cold blood. The plot then deteriorates further.<br /><br />The plot is thin and flimsy and the acting is very stiff. Do not bother renting it much less purchasing it, even if it is in the $1 DVD bin. I plan to take my copy of the DVD to Goodwill. I am truly amazed that any of the prior reviewers here gave this movie a bad rating.",negative
"Who were they kidding with this? There was just too much in this film that was hard to digest. Right from when Arjun (Ajay Devgan) unknowingly wishes death on his father to when he arrives in London with his uncle(played by Om Puri) only to abandon him minutes later. The only problem with that theory is that anybody who has ever passed through London Heathrow knows that such a fête would be impossible to pull off and especially not by an Indian. But the film problems do not end there, there's the issue of the two main leads (Salman Khan and Ajay Devgan) passing as rock-stars on the verge of achieving their dreams. I mean yeah we saw success come to Susan Boyle (a woman in the UK achieving her dreams after age 50) but that was a rare case. It was really hard for me to suspend my disbelief because I felt that the casting of Salman and Ajay was just ill-conceived. They would never cast Madhuri Dixit and Sridevi to play the same roles so why should we be forced to watch Ajay Devgan and Salman Khan (men well into their 40s) prance around desperately trying to hang on to their 20s? Let's not even talk about the most self-conscious actress on screen today, Asin. This is her second film (that I have seen) and she is just hopeless as an actress, so conscious of her looks that she only concerns herself with looking good and voguing for the camera rather than giving in a good acting performance. It's just hard to believe that she turned down all those other movie roles to star in this fluff and then be so fluffy as an actress, nothing to write home about at all. And to top all of that, the film just boringly dragged on. There's nothing special about it at all, trust me you will predict every clichéd thing that is going to happen in it.",negative
"I am glad to read so many negative comments about the Tritter plot. Everyone I talk to says the same thing. They like House's gruff nature and his intelligence, but really dislike the vindictiveness of this continuing plot. It cuts into the real nature of the hospital story and makes everyone angry at police authority. It needs to have a more caring nature instead of the vindictiveness to everyone at the hospital. Also, there seems to be many questionable legal aspects to what Tritter is actually doing. He alone cannot freeze accounts and have the authority to stop doctors from writing prescriptions for patients. A lot of the vindictiveness he is showing also is hurting the very sick patients at the hospital and the is not a good storyline to portray. I voted the episode awful not because of the story itself, but when you insert the Trittor piece it turns me off and the rest of the plot gets hurt by it, People say they hate to watch the story lines anymore. Please change it. Get Tritter out.",negative
"It's rare that I come across a film this awful, this annoying and this irritating. It is without doubt one of the worst films I've ever seen.<br /><br />The plot, when it's not a blur of confusing and pointlessly over flashy editing, is ludicrous. Why did Domino become such a bad-ass tough bitch? Because her gold fish died when she was a kid and this ""traumatic"" event left her emotionally stunted, and hating everyone. When the dialogue is not clichéd or banal, it's littered with laughable lines such as: ""There are three kinds of people in this world: the rich... the poor... and everyone else"". At one point the bounty hunters have some guy tied up in the back of their bus who has a combination number tattooed on his arm. Because of a confusing mobile phone call, instead of rolling his sleeve up and just reading the number, they blow off his arm with a shotgun. At another point, the bounty hunters take a bomb to a meeting arranged with the mafia and threaten to set the bomb off unless the mafia let them go!? Clearly not going to the meeting would have been just too easy.<br /><br />Keira Knightley is unconvincing and dreadfully miscast. Mickey Rourke does manage to salvage some credibility from this mess.<br /><br />I have enjoyed some of Tony Scott's previous films, True Romance being one, but all I could think while suffering this drivel was that it must have been made by a complete idiot.",negative
"This film is worthwhile despite what you may hear. The performance of Marie Dressler (I hope I am spelling it right) as a drunken old sot is reason enough to see this film. It is an amazing performance. She is in a drunken stupor in three scenes for a good long while and she never does the same thing twice. You can actually smell the alcohol when she is done. Amazing. And Greta of course speaks her first lines on film and shes great. The Eugene O'Neill story is solid and like most O'Neill stories, very deep and intense. This is not light entertainment but if you appreciate those great character actors from the 30's and 40's you will like it. Some of the film is technically fuzzy but all in all worthwhile.",positive
"This reminded me of Spinal Tap, on a more serious level. It's the story of a band doing a reunion tour, but things are not harmonious between them. I was especially impressed with the performance of Bill Nighy as Ray. You felt sorry for him, yet he had a certain creepiness about him. It's a great movie to watch if you have ever seen your favorite band get wrinkly,old and pathetic.Bittersweet, highly recommended..",positive
"I am a Shakespeare fan, and I can appreciate what Ken Branagh has done to bring Shakespeare back for a new generation of viewers. However, this movie falls short of conveying the overall intentions of the play with the ridiculous musical sequences. Add that with Alicia Silverstone's stumbling over the dialogue (reminiscent of Keanu Reeves in Much Ado About Nothing) and other poorly cast roles, it all equals an excruciating endurance of viewing.",negative
"Before Stan Laurel became the smaller half of the all-time greatest comedy team, he laboured under contract to Broncho Billy Anderson in a series of cheapies, many of which were parodies of major Hollywood features. Most of Laurel's 'parody' films are only mildly funny, and even less funny for modern audiences who haven't seen the original movie which Laurel is parodying. Fortunately, 'Mud and Sand' lampoons a movie which is still well known: 'Blood and Sand', starring Rudolph Valentino. 'Blood and Sand' was released only nine weeks before this parody, giving you some idea of how quickly Broncho Billy's movies were ground out, edited and distributed.<br /><br />Various sources (including IMDb) state that Stan Laurel's character in this film is named Rhubarb Vaselino, with a final 'o'. I've screened a print of 'Mud and Sand' with the original titles (in Hobo type font), so I report that Laurel's role is actually cried Rhubarb Vaseline, with an 'e'. But I agree that 'Vaselino' is funnier. Laurel copies the elaborate sideburns which Valentino wore in 'Blood and Sand' (he should've made them longer!), and there's a parody of Valentino's dressing scene from that movie, which made female movie-goers swoon in 1922. A señorita named Carmen in the original film is parodied here as Caramel (a girl I'd like to sink my teeth into).<br /><br />This movie (like the original) apparently takes place in Spain, yet there's a Prohibition gag. Laurel uses a distinctive hat-tipping gesture here which could have become a trademark for him (like Hardy's distinctive necktie twiddle), but I've never spotted it in any other Laurel film. There's some amusing dialogue: Rhubarb Vaseline tells the other matadors to 'Save a bull for me.' When Vaseline becomes a successful toreador, a lackey tells him 'The bull is without, sir' ... which is funny, but I was disappointed that Laurel didn't reply 'Without WHAT?'.<br /><br />There's one funny moment here which almost certainly wasn't planned, when Vaseline shows up for the bullfighter auditions. Laurel swaggers into the bullring, and -- before you can say 'corrida querida' -- he tosses a bull over the fence, where it lands with a thump near the other auditioners. The bull is obviously a fake, but the gag is funny anyway ... and, aye, there's a title card with a joke about 'throwing the bull'. The serendipitous moment occurs when Laurel repeats the gag, and Vaseline slings a second bull over the fence. This one lands on its butt, and balances upright for just an instant before toppling. VERY funny! If somebody planned that gag in this quickie comedy, I salute the unknown gagsmith ... and the tech man who rigged the bull to land in that position. More likely it happened by luck, and the director and editor were smart enough to keep it in.<br /><br />During the silent era, whenever Hollywood made a big-budget feature film which was set anyplace where the people don't speak English, it was a common cinematic device to show a piece of text or an inscription in the local lingo, then dissolve to a shot of the same text in English. I was surprised that this low-budget comedy spent the money to copy that device here: we see a notice-board outside the corrida with a message in Spanish, then it dissolves to the same text in English. Unfortunately, the photography in this cheapo movie is so dark that the effect is wasted.<br /><br />The actresses in this movie are attractive ... including Broncho Billy's wife Leona Anderson and Stan Laurel's common-law wife Mae Dahlberg; the latter briefly does a pretty dance. (Mae had danced in Stan's vaudeville act.) I was surprised to spot Charlie Chaplin's half-brother Wheeler Dryden in a brief role, since Chaplin had nothing to do with this movie. In 'Mud and Sand', Laurel gives a funny performance that's quite unlike his later familiar Stanley character ... but this film is much less funny than his brilliant work with Oliver Hardy. My rating: just 3 out of 10. TRIVIA NOTE: Twenty-three years later, in Stan Laurel's very last American film -- 'The Bullfighters' (1945) -- he again played a Spanish bullfighter (with his Spanish voice post-dubbed). Coincidentally, that film used stock footage from 'Blood and Sand': not Valentino's movie, but the Tyrone Power remake. 'Mud and Sand' is funnier than 'The Bullfighters', but not much.",negative
"Wimpy stuffed shirt Armand Louque (blandly played by veteran character actor Dean Jagger in a rare lead role) joins a group of researchers who want to find and destroy the secret technique of creating zombies. Armand falls for the lovely Claire Duval (fetching blonde Dorothy Stone), who uses the meek sap to get Armand's colleague Clifford Grayson (the hopelessly wooden Robert Noland) to marry her. Furious over being used and spurned by Claire, Armand uses his knowledge of voodoo to get revenge. Sound exciting? Well, it sure ain't. For starters, Victor Halperin's static (non)direction lets the meandering and uneventful talk-ridden story plod along at an excruciatingly slow pace. Worse yet, Halperin crucially fails to bring any tension, atmosphere and momentum to the hideously tedious proceedings. The mostly blah acting from a largely insipid cast doesn't help matters any; only George Cleveland as the hearty General Duval and E. Alyn Warren as the irascible Dr. Trevissant manage to enliven things a bit with their welcome and refreshing hammy histrionics. The drippy stock film library score, the painfully obvious stagebound sets, and the crude cinematography are pretty lousy and unimpressive as well. In fact, this feeble excuse for a fright feature is so crummy that not even the uncredited starkly staring eyes of the great Bela Lugosi can alleviate the brain-numbing boredom. A dismally dull dud.",negative
"My friend gives me these 3 huge boxes. ""They're laserdiscs of Flash Gordon serials,"" he says. ""I'm gonna have some giant coasters,"" I say. But not so. This serial rocks. (But I had to whine & moan to almost everyone I knew to find a laserdisc player for em).<br /><br />There is really a little of everything in this serial: There are lion-men, hawk-men, shark-men, Earthmen, & I guess you'd call em Mongo-men. The sets & costumes combine, Greek, Roman, Oriental, Egyptian and there's even armour like English knights. Awesome costumes. And some of it was a riot. Those horrible tights with shorts over em worn by Zarkov are beyond description. And the guys in the furnace scene seem to be wearing boxers.<br /><br />It's also funny the way they renamed the octopus to an octosack, the orangutan to orangapoid, and the tiger to a tigron. There's even a dragon (a Godzilla-like creature who threatens Flash on a couple of occasions before being killed off).<br /><br />You like the Invisible Man? This has got you covered. You like sword fights, wrestling (both animals & men), fist fights? Plenty for any taste. We have an underwater city, a sky city, a city on top of a mountain, and tonnes of secret passages and caves.<br /><br />Hokey effects? Massive amounts. The sky city is supported by radium furnaces stoked like old-time steamships. The rocketships are ""powered"" by fireworks and have constant backfires and/or humming noises. Lots of wires are visible holding things up (like food when Flash was invisible and of course rocketships). There's clouds out in space, but none around the earth when viewed from Mongo. ""Giant"" lizards show up briefly. Fighting sea creatures supposedly threaten Flash & co. on the way to the shark-men's underwater city. The ""gadgets"" in Dr. Zarkov's lab crack me up. And they seem to be the same ones no matter what lab he's in (he worked in Ming's lab and Vultan's).<br /><br />And yeah, we have romance. Everyone wants Dale; Ming, Vultan, Flash. But at least one person wanted Princess Aura (Prince Baron) just not the person she would have preferred. In fact, it seems a lot of the sub-plots concern intrigue on the part of Princess Aura to try to win Flash.<br /><br />Man I think the characters are awesome. That fat, horse-laughing, King Vultan was hilarious. How he managed those wings was pure artistry. And Ming! What can I say about Ming? He was perfect. They should have had him for the emperor in Starwars. Ming has got to be my favourite character in this serial. Princess Aura was quite a little character too. And she pulled it off nicely. I think she's a better actress than Dale Arden by a long shot. Even the sneaky high priest had a distinctive role. Zarkov was good, but not the strongest character---and he always stood in the background during fight scenes holding Dale. Now we get to Flash: Flash, of course, was the strong point, the leader, the hero---and he did it well. Crabbe is a good actor and this role fit him perfectly.<br /><br />After watching this, I think I know where George Lucas got the main idea for Starwars. Watch this, you'll see what I mean.<br /><br />If you ever considered watching an old serial (or any serial for that matter), this should be your first choice. The only reason I didn't give this one a 10 is because of a few story holes that could have been fixed easily, the way the giant lizards seemed just tacked in there, and a couple of weak characters (king of shark-men & king of lion-men).",positive
"This movie was one of the worst I have ever seen (not including anything by or with Pauly Shore). I couldn't believe that a film could actually be THIS bad!<br /><br />Coolio has to be the single worst actor (again, not including Pauly Shore) to ever ""star"" in a movie. The temptation to hit the STOP button during this movie was huge (in fact, if there was a THROW IN THE TRASH button on my VCR, I would have been inclined to press that).<br /><br />Do yourself a favor, and do something more interesting than watch this movie, like watching the grass grow, or watching golf on TV.",negative
"No more corned beef and cabbage for her!<br /><br />This little romantic comedy clips along from scene to scene with a few exotic twists (some imaginary scenes and a costume party). All of this is centered around the wife of the husband(s) who is looking to break out of the doldrums, played by Gloria Swanson (she is twenty here!). Both the leading men have a natural air that is convincing and of course Swanson is perfect in all kinds of moods, from frivolous to worried to hopeful. <br /><br />Behind all the games and apparent lightheartedness is that old serious problem of staying in love and not straying in love. There's a little corniness, but director DeMille is on top of keeping it snappy and believable in all. As with many films from this period, the subtitles do not just tell what they are saying (or thinking) but often give a kind of philosophical insight, as if to justify the tragedy (or raciness). And there is that higher purpose here, probably better without the instructional text, but it's part of the narrative style, and it's kind of quaint. <br /><br />If you are looking for visual or formal amazement, you won't find it here. But as a story, well acted, and filmed with precision and economy, it's really a great example. The events might not come as a total surprise, but it's such a modern love story, set almost a hundred years ago, it's a gas. And did I saw Swanson was perfect?",positive
"This is the kind of movie the US doesn't make. It's why people rent foreign films. It's a great story about how one person, even if he is retarded can make a person find reason in an empty life. Everybody can learn from Georges. It also shows how people that are mentally challenged suffer in their life and shows them in a very realistic way (I think). As its classic in foreign films this movie has a bittersweet ending, but that only makes it a better movie.",positive
"Johny To makes here one of his best style exercises, making a strong film with a good Yakuza's story. The election of the new Yakuza's boss is the beginning of a war inside the organization.<br /><br />In my opinion the violence is wise used in the context, making a very strong gangs film. I specially love the way he tells the history, moving around all the roles inside the Yakuza's family, and making that we see the violence, like the only way they have to solve their problems...<br /><br />Talking about, the technical aspects, the film is a good example of paused, rythmic and planified way of shooting a film. One of the Hong Kong Films of the year. Is like Infernal affairs, but without the easy action-violence scenes, and the confused storyline. Strongly recommended to all Asian films lovers.<br /><br />(sorry for my English, better do in Spanish lol)",positive
"Project A II is a classic Jackie Chan movie with all the kung fu, crazy stunts and slapstick humor you expect. Not as good as the prequel but still it is a great movie if you just want something fun to watch. The story is simple, jackie chan versus the evil men. So if you want a movie that you don't have to be a braniac to understand, i would suggest this one.",positive
"""9/11,"" hosted by Robert DeNiro, presents footage from outside and inside the Twin Towers in New York, on September 11, 2001.<br /><br />Never too grisly and gory, yet powerful and moving. ""9/11"" is a real treat. Anyone not moved by this television show is immune to anything.<br /><br />5/5 stars --<br /><br />",positive
"To be frank, this is probably the best version in my book as a sound movie version of the Jazz Singer. The 1927 version is really a silent movie despite its build-up as the first talkie.<br /><br />Danny Thomas is a great comedian, and he sings very well. He does the Jewish stuff with feeling. Peggy Lee is great and any film that has her is always entertaining. Allan Joslyn is not too entertaining and we could have done without him. One question: since when do Cantors live in such luxurious houses???",positive
"This show is so full of action, and everything needed to make an awsome show.. but best of all... it actually has a plot (unlike some of those new reality shows...). It is about a transgenic girl who escapes from her military holding base.. I totally suggest bying the DVDs, i've already preordered them... i suggest you do to...",positive
"I claim no matter how hard I seek I'll never find a better movie version of ""Othello"". If you love Kenneth Branagh's magnificent masterpieces ""Much ado about nothing"" (1993) and ""Hamlet"" (1996) as much as I do I'm dead certain you'll also find Oliver Parker's ""Othello"" irresistible. Laurence Fishburne has been in a various splendid roles during his career. He was quite terrific in ""Boys n the hood"" (1991) - I've always considered his amusing role of Furious Styles as his very greatest achievement. That was, of course, way before I saw this.<br /><br />He plays the part of Othello and he is probably in the most challenging role of his whole career but he does a brilliant, fantastic job. Irène Jacob is absolutely charming Desdemona and Kenneth Branagh is just simply phenomenal in a most fascinating role of the story's crooked, manipulate villain Iago. Marvelous ""Othello"" is part of the absolute elite among Shakespeare's ingenious works. It deals with his favorite topics: crookedness, envy, deceitfulness and jealousy. This movie adaptation is certainly one of the finest films I've seen that's based on William Shakespeare's plays.",positive
"I'm certainly glad that a film was made about Carl Brashear's amazing life story. Coming as it did during the Civil Rights era, Brashear became an inspiration for people of all minority groups not willing to settle for a status expected.<br /><br />Brashear as played by Cuba Gooding, Jr. leads by example in the conduct of the life he has chosen. Very similar to Jackie Robinson who integrated baseball and made it stick by his character and conduct. As Brashear, Gooding knows that he does not want the sharecropper life that his father Carl Lumbly has and Lumbly makes it real clear to get more out of life than he's gotten.<br /><br />But while Harry Truman integrated the Armed Services after World War II, the Navy still has its restrictions. A black man can only be a cook or an officer's valet, the real fighting parts are denied him. That's not good enough for Gooding who applies to become a Navy deep sea diver.<br /><br />Once at the diving school at Bayonne, New Jersey, Gooding gets it all thrown at him, mostly by the Master Chief Petty Officer in charge, Robert DeNiro. DeNiro may have some leftover prejudices, but he's nevertheless a hero and one who can inspire if one can get passed racial divide.<br /><br />The best thing about Men Of Honor is the chemistry between DeNiro and Gooding. They certainly come from different places, but as they get to know each other, both turn out to be Men Of Honor.<br /><br />Other good performances to note are Charlize Theron as DeNiro's wife and Hal Holbrook as the head of the diving school, a guy the Navy just wish would retire for reasons you'll see.<br /><br />Men Of Honor is an inspiring story about people with courage to spare and the ability to change.",positive
"Shot in the Heart is wonderful. It brilliantly illustrates the plight of Gary Gimore, a convicted murder who requested death. Shot in the Heart shows the ordeal that Gilmore's family, torn up by hatred, went through. This movie is an incredible psychological study, and is wonderfully depressing and uplifting. 10/10",positive
"These days, Ridley Scott is one of the top directors and producers and can command huge sums to helm movies--especially since he has films like ALIEN, GLADIATOR and BLADE RUNNER to his credit. So from this partial list of his credits, it's obvious he's an amazing talent. However, if you watch this very early effort that he made while in film school, you'd probably have a hard time telling that he was destined for greatness. That's because although it has some nice camera-work and style, the film is hopelessly dull and uninvolving. However, considering that it wasn't meant for general release and it was only a training ground, then I am disposed to looking at it charitably--hence the score of 4.<br /><br />By the way, this film is part of the CINEMA 16: European Shorts DVD. On this DVD are 16 shorts. Most aren't great, though because it contains THE MAN WITHOUT A HEAD, COPY SHOP, RABBIT and WASP, it's an amazing DVD for lovers of short films and well worth buying.",negative
"A fashion designer trips over a cat and falls into a pool, hitting her head on something floating on the surface. With rather cheesy effects (this was a TV movie) she floats up out of her body. She floats through a tunnel of rings of swirling orange smoke, and black rigid figures tip into her view (they look like the mannequins in her apartment). I almost thought I was watching a Jess Franco movie.... As her friends revive her, a black arm grabs her by the wrist, and she has to struggle to get loose. When she is revived, she remembers everything, and has a nasty bruise on her forearm.<br /><br />Shortly thereafter, she nearly gets hit by an out-of-control car that comes up on the sidewalk behind her. On Halloween, she decides with her boyfriend to go to Mexico for a vacation. When she gets there, she's surprised to find it's the Day of the Dead. They're annoyed by another American tourist who keeps following them, and he almost drowns them.<br /><br />The designer is encouraged to join a group of people who've had near death experiences. They've all experienced the tunnel, but not the black figures or the repeated near escapes from death. One of them has, and he's very anxious. She's also encouraged to meet with a psychic.<br /><br />A Doctor tells her about people he calls ""Walkers"" (the name of the novel this was based on). They're people who supposedly died of one cause that, when examined, prove to have died of another cause. Thus it's like they continued walking around after dying until they died again, but he blames it on poor record-keeping.<br /><br />I watched this on the 102 minute video, and it felt awfully long. I can't imagine that there's actually a 192 minute version! Perhaps if it was meant to be watched over two or more nights on TV it would better be watched that way than in one sitting.<br /><br />I've only read one Gary Brandner novel, Floater, and if it is representative of his work, he's not the most original of writers. Floater had the common plot of: picked on kid kills people in revenge. Even the variation was pretty common: picked on kid dies and kills people years later in revenge from beyond the grave. And in fact it has a point in common with this movie, in that the kid practices astral projection, and when he is drowned he floats up out of his body as here. I don't know how closely From the Dead of Night follows his novel Walkers. I understand the Howling movies don't bear much resemblance to his novels.<br /><br />It's quite a slow movie, and the special effects and cinematography are really held down by the (presumably) low budget and made-for-TV shortcomings. There are a lot of easily recognizable character actors in it. It also feels very dated, more early to mid 1980s than 1989. I found it to be boring. A much better low-budget movie covering similar subject matter that I don't think has dated as badly is Sole Survivor (1983) (arguably the inspiration for the 2000s Final Destination movies). It blows From the Dead of Night away.",negative
"So you think a talking parrot is not your cup of tea huh? Well, think again. Paulie is a wonderful film filled with touching moments.The characters are all lovable especially Paulie as he enters the lives of many people on his journey.It is journey worth experiencing. Don't miss it! It is available on home video.",positive
"Miscast, badly directed and atrociously written, this is watchable if you have an hour or two to kill or are suffering from insomnia, but only just. Robert Carlyle fully realises his potential as an actor of supreme mediocrity with only one expression to his repertoire (that of a chronically constipated football hooligan nursing a crippling inferiority complex), which he manages at times to alter slightly by flaring his nostrils and baring a row of skewed yellow teeth (this to indicate anger, tenderness, grief, surprise, horror, hilarity, compassion, etc.) In his role as ""the best marine engineer in the UK"" and son of a university professor he is about as convincing as my neighbour's cat. Tom Courtenay, equally miscast, slurring and mistiming every line, appears permanently soused to the eyeballs, and would seem no more able to tell a flood from a puddle of his own urine if he were standing in it. All in all, another silly attempt on the part of the British to imitate Hollywood pulp at its most rubbishy. The dialogue is a series of badly-delivered clichés; the action is disjointed; the plot is pointless and amputated; and the characters, if you can call them that, do not even make it into the basic two-dimensional sphere of their American counterparts.",negative
"This movie is not schlock, despite the lo fi production and its link to Troma productions. A dark fable for adults. Exploitation is a theme of Sugar Cookies, and one wonders if the cast has not fallen prey to said theme. A weird movie with enticing visuals: shadows and contrast are prominent. Definitely worth a look, especially from fans of Warhol and stylish decadence. Through all the cruelty and wickedness, a moral, albeit twisted, can be gleamed.",positive
"This is the only full length feature film about the world of bridge. I found the first 10 minutes a bit slow, but after that, the movie is absolutely perfect in describing professional bridge players and how they go about earning a living. <br /><br />Some of the scenes are very funny. I don't think that a non-bridge player would get the charm of this movie. <br /><br />Some of the dresses are really beautiful, pity the movie is in black and white - I can only imagine what they would look like in colour. The way the media are portrayed is absolutely hilarious. There is no way on earth bridge will ever be like that. <br /><br />Watch it as soon as you can, and tell your friends about it.",positive
"The quality you're likely to remember after viewing The Big Knife is how claustrophobic it is. It's pacing is sacrificed to a uniform texture of dialog. It's talky in the extreme. Modern viewers will feel every point has been made (and then some) but the movie will still not move on, or do the viewer a favor and change the scenery. It's very inert. At the 45 min mark I was sure I had watched two very slow hours. My beleaguered response was, ""Good God, where is this going?"" It feels like Odets was paid by the word...<br /><br />This is a good place to note the decline of drama from it's high point in the 40s through the conceit-laden projects of the 50s and 60s until actual filmic merit was rediscovered in the 70s, only to vanish again. Here we get show-offy, conventional, emotional outbursts from Steiger, Lupino et al. and camera moves pre-arranged to meet over-practiced blocking. This is due to the rise of the Method; the regrettable trend of sacrificing every other merit of film, to grant actors their most selfish wishes. ""Great acting,"" ho-hum, has killed thought in movies.<br /><br />Jack Palance's forehead & pompadour retract and thrust forward every time he reacts to something. It's disturbing.<br /><br />This is awfully boring stuff.",negative
"Well...now that I know where Rob Zombie stole the title for his ""House of 1,000 Corpses"" crapfest, I can now rest in peace. Nothing about the somnambulant performances or trite script would raise the dead in ""The House of Seven Corpses,"" but a groovie ghoulie comes up from his plot (ha!) anyway, to kill the bloody amateurs making a low-rent horror flick in his former abode! In Hell House (sorry, I don't remember the actual name of the residence), a bunch of mysterious, unexplained deaths took place long ago; some, like arthritic Lurch stand-in John Carradine (whose small role provides the film's only worthwhile moments), attribute it to the supernatural; bellowing film director John Ireland dismisses it as superstitious hokum. The result comes across like ""Satan's School for Girls"" (catchy title; made-for-TV production values; intriguing plot) crossed with ""Children Shouldn't Play With Dead Things"" (low-rent movie about low-rent movie makers who wake the dead); trouble is, it's nowhere near as entertaining or fun. ""The House of Seven Corpses"" is dead at frame one, and spends the rest of its 89 minutes going through rigor mortis, dragging us along for every aching second...",negative
"I loved this show. I used to actually leave the pub ten minutes before closing and run down the road to catch it. I remember Daniel Peacock's sketch about Gandhi in the newsagents as a masterpiece. The set design and lighting were out of this world, creating an atmosphere that you felt you were actually living in. V unusual for a comedy.<br /><br />Unfortunately I have only encountered one other person (apart from the other reviewer here) who ever knew that this programme existed. In fact I have to thank the IMDb for coming into existence and proving to me that I hadn't in fact imagined the whole series in a drunken haze, which I was seriously starting to believe!",positive
"David Bryce's comments nearby are exceptionally well written and informative as almost say everything I feel about DARLING LILI. This massive musical is so peculiar and over blown, over produced and must have caused ruptures at Paramount in 1970. It cost 22 million dollars! That is simply irresponsible. DARLING LILI must have been greenlit from a board meeting that said ""hey we got that Pink Panther guy and that Sound Of Music gal... lets get this too"" and handed over a blank cheque. The result is a hybrid of GIGI, ZEPPELIN, HALF A SIXPENCE, some MGM 40s song and dance numbers of a style (daisies and boaters!) so hopelessly old fashioned as to be like musical porridge, and MATA HARI dramatics. The production is colossal, lush, breathtaking to view, but the rest: the ridiculous romance, Julie looking befuddled, Hudson already dead, the mistimed comedy, and the astoundingly boring songs deaden this spectacular film into being irritating. LILI is like a twee 1940s mega musical with some vulgar bits to spice it up. STAR! released the year before sadly crashed and now is being finally appreciated for the excellent film is genuinely is... and Andrews looks sublime, mature, especially in the last half hour......but LILI is POPPINS and DOLLY frilly and I believe really killed off the mega musical binge of the 60s..... and made Andrews look like Poppins again... which I believe was not Edwards intention. Paramount must have collectively fainted when they saw this: and with another $20 million festering in CATCH 22, and $12 million in ON A CLEAR DAY and $25 million in PAINT YOUR WAGON....they had a financial abyss of CLEOPATRA proportions with $77 million tied into 4 films with very uncertain futures. Maybe they should have asked seer Daisy Gamble from ON A CLEAR DAY ......LILI was very popular on immediate first release in Australia and ran in 70mm cinemas for months but it failed once out in the subs and the sticks and only ever surfaced after that on one night stands with ON A CLEAR DAY as a Sunday night double. Thank god Paramount had their simple $1million (yes, ONE MILLION DOLLAR) film LOVE STORY and that $4 million dollar gangster pic THE GODFATHER also ready to recover all the $77 million in just the next two years....for just $5m.... incredible!",negative
"This is a great example of a good, dumb movie. No, it is not high art by any means. Nor is the script anywhere close to a Woody Allen or Mel Brooks. BUT SO WHAT! The Killer Tomatoes series (four movies and a cartoon series) are basically good-natured romps gleefully trampling on the kind of territory the Zuckers ruled before they switched to making serious flicks.<br /><br />As the title suggests, this fourth installment of the Killer Tomatoes trilogy deals with the Killer Tomatoes plot against France. In this case, Professor Gangrene (John Astin's 3rd time in the role) has a plan to rule France through an ancient prophecy about the return of the rightful King of France. Steve Lundquist returns as Igor, a humanoid tomato who wants to be a sportscaster and who just happens to be a dead ringer for the long-lost true King of France. Obviously he also plays the aforementioned l-l t K of F, happily skewering the French language.<br /><br />Opposing them is the fearless Fuzzy Tomato (like the others, FT was introduced in the second film and would be a main character in the cartoon) and his human allies. Mark Price, recently unemployed as a result of the conclusion of the FAMILY TIES series, plays a thinly disguised version of himself, passing himself as ""Michael J Fox"" as a way to win the girl of his dreams. And Angela Visser is a dream as Marie, gleefully bouncing between unabashed virginal sexuality and borderline psychosis. Oh that the former Miss Netherlands had had more of a film career! Another returning member of the Killer Tomatoes stock company is Rick Rockwell (now best known as the hapless title subject of ""Who Wants to Marry a Millionaire?""). Like co-creator John De Bello, Rockwell works both in front of and behind the camera in this series.<br /><br />What can you say about Jon De Bello? Not much, really, except that he had a singular vision and managed to pull it off and, having done that, has apparently dropped into obscurity. John, if you ever see this, thanks for giving us the Killer Tomatoes.<br /><br />The script is heavily but not obnoxiously aware that this is just a movie. Like RETURN OF THE KILLER TOMATOES, the action occasionally veers off the set and into the middle of the film crew. And Mark Price has a funny forum to complain about his own lack of success compared to his former costar Michael J Fox. This is the biggest budgeted of all the Killer Tomatoes flicks and is a nice send-off to the series. Okay, the show then moved to Fox Kids as a cartoon series (which was also quite clever), but cartoons just aren't the same.",positive
"I wanted to watch this, to get a inside look at the show. It told the story more of Robin Williams, then Mork & Mindy. Still, thought it was great. We got to see, Robin always being 'on', no matter what. The performance of Diamontopolous was awesome.<br /><br />The introductions of the main players, seem so real to me. Roebuck as Garry Marshall was wonderful. He was so charming in this, which helped me get through all the Williams energy. The little behind the scenes pieces of his other shows (Happy Days, and Laverne & Shirley), was enlightening. I also thought Richmond-Peck's Harvey was also a nice rock in the pond. (This is a good thing).<br /><br />This movie told the age old story of Hollywood folks, going through the ups and downs of stardom. It kept me glued to my TV, and I learned to love Robin, well hell, mostly everybody seem to be the super people I sometimes think Hollywood is. Go figure.<br /><br />I sometimes wonder why the network people are always played to be idiots. We never saw the head of ABC. Just heard him, like Charlie from Charlie Angels (I wonder if this way planed?). It seems so sad, that a show at number 1, could be so destroy by their own network.<br /><br />I think this story could be told about anyone's life, as they climb the ladder of any job. Movie, and TV stars are always loved or hated by so many people, that you grew up with, you just want to reach back in their past, to remember your own past. I Remember watching the show, and always wondering what does happen in their personal lives.<br /><br />Mork and Mindy, will always be part of me, and I got to see part of them. It may not all be the truth, it's also all not a lie, but in the end, it told me a wonderful sad, happy story.",positive
"pardon my spelling. This is probably the funniest horror movie that ever existed. Think evil dead * 1000. The acting is horrible, you can see the makeup line on a certain lady's face. there is a lesbian scene, which makes no sense at-all. And the ending, haha ohhhh the ending... be prepared to have your stomach hurting from laughter. Now if you watch this film for more then 5 minutes and are still expecting something, take a look at your self, and ask what the hell is wrong with you. This is a very bad movie, meant to laugh at and enjoy for its pure silliness.<br /><br />Don't forget to watch all the outtakes after the movie, you can see just how low budget the whole thing really was. All in all this movie is a rare gem in demonstrating the pure and udder lack of talent/care/ability/money/ and anything else you would ever need to make a successful film. But its definitely worth watching.",negative
"Great acting, great movie. If you are thinking of building see this movie first. The dollar amounts may have changed but everything else is the same. The humor is true to life and emotions are those that anyone who has built has felt.",positive
"It is a real shame that nearly no one under 30 knows the ""over the top"" writing of Michael O'Donoghugh- magazine articles and SNL skits that were genius for the time...and so it is a true shame that anyone who may take the opportunity to research his work will no doubt take the easy way out and watch videos- thus leading them to MR MIKES MONDO VIDEO. <br /><br />This movie has clever elements that never fully connect to the funny bone. The viewer experiences such things as cat diving/swimming with the man who thinks he's found feline happiness by hurling these kittens into a pool which the camera follows in slow motion and montage sequence. Then we are taken to an island to where all past fads are retired (hula hops, pet rocks, rainbow dread wigs etc.) Then we enter the music world (punk was a new variety of music at the time of this film) where ""D"" rate bar performer Rootboy Slim performs ""boogie till you puke"" in his own lazy style of dirt and eclectic sleaze. Now the real beauty of all this is the back ground music. In many different styles with many different instruments the sound of TELSTAR plays and replays- for those who don't understand Telstar was the first American Satellite launched into space and the theme was created to celebrate mans genius and triumph. MR MIKES seems to have been meant as a signal of societal decay ridiculous wastes. Now one thing the theater offered that the video release does not was a live performance of Sid Vicious (ex sex pistol not the wrestler) singing MY WAY. His version is very different than Sinatras as one might imagine but frankly I feel it is very much worth the listen...it's good! That is the sad part- in the VHS release Paul Anka refuses the rights of his song and the viewer is forced to experience 3 1/2 minutes of silence with an explanation rolling across the image of the singing dead sex pistol. <br /><br />I would give the theater release a 5 or 6 the video is closer to a 4 and now that so much is passé I can see where many people would give it a 3 or 2.5. If you want to see a good O'Donoghugh script watch SCROOGED...it is a better tribute to the mans insight and talent.",negative
"First, before reading further, you must understand that I'm not neo-nazi, I'm just trying to understand correctly Hitler to be sure nobody like him take power again.<br /><br />I've seen this series and found it awful. I mean, OK, it's interesting to look, but is it real? I searched for answers and found one: absolutely not. First, Hitler wasn't angry all his life, the series shows an angry Hitler, even when he is a child. Second, Hitler never wanted to abuse his daughter, in fact, it is highly probable that Hitler, in reality, was gay and fought all his life to choke this secret. Third, people will hate me but it's true: Hitler was charming. How do you think he managed to get to power if he was so hateful and ugly? Because he was charming. That's a common point I found in the interviews of people who live near or far of him (of course, not Jews).<br /><br />This series was awful because if you think that Hitler was just an angry bastard, ugly, and of course, not charming at all, you're wrong. If you think that, you will let people like him take power in countries and you don't want that. If you really understand how Hitler managed to get into power, and stop thinking he was just awful, you'll be able to find dangerous politicians like him (of course, remember he was elected) and stop theme before it's too late.<br /><br />Life is important to protect, this series is just awful to show us the truth, if we continue to see Hitler like that, another one will take place exactly as the first did.",negative
"My 15 year old daughter asked me to watch this movie with her on Cable TV. As someone who saw Revenge of The Nerds in a movie theater, I found this movie to be an extremely predictable remake of it. The Nerds were simply replaced by Dorks. I drove her crazy by being able to predict precisely what would happen in each scene. The cast was cute, especially Amanda Bynes.<br /><br />Screenwriter Chad Creasey should be ashamed for writing such an obvious remake of an early 1980's flick. The title should have simply been ""Revenge of The Dorks."" Perhaps the sequel will be Revenge of the Dorks 2.",negative
"Went looking for this movie after i read Tom Clancy's ""Red Storm Rising"" novel. Timeless masterpiece about 13th century Russians being invaded by the Germans. Movie was made in 1938, under orders from Joseph Stalin to warn Soviets about Hitler and Germany. Battle scenes are wonderfully done, showing that you don't need computer animation to make a great fight scene. Probably Sergei Eisenstein's greatest work. Also see 'Battleship Potemkin'. Any history buff or poli-sci major should watch this movie. 10 out of 10.",positive
"I wasted 35 minutes of my life on this turkey before I gave up. The main character is completely clueless and astoundingly unsympathetic, but there is no humor in his blundering. As soon as he arrives in Germany, the screenwriter pulls the old ""there's only one room in the hotel, you'll have to share a room with a pretty girl"" stunt. Come on, at least you could let them develop their relationship a bit first. Watch ""It Happened One Night"" to see how to do it right--or any of a thousand movies since then.<br /><br />The acting is consistently third-rate, and the improvised dialogue should have been left on the cutting-room floor. It meanders with no plan at all, despite the fact that the film telegraphs the relationship's destination from the moment Greta is introduced.<br /><br />The first song, in the boardroom, is mildly funny but badly sung. The rest of the songs (well, to be fair, I only heard those in the first half-hour) are just pointless and awful. Most of the singers are painfully out of tune, but not in any intentionally humorous sort of way.",negative
"This is one of the best and moodiest Vampire Tales ever! I love this movie really. The character are great, even the locations and the story. Indeed the Picture isn't a big budget production, but it is absolutely worth seeing.<br /><br />OK there are some faults (especially the Names of the Castle and the Locations) in this movie, but such mistakes are typically and are almost in every Horror Movie.<br /><br />The scenery fits perfect to the story and is close to reality,I can say that honest, because I visit them once when I was in Romania in my Vacations.<br /><br />In my opinion this is the Best Part of the Subspecies Series.",positive
"I have done quite a few reviews on IMDb and this film is unique in that I never saw the entire movie. It was so terribly stupid and unfunny that I just couldn't sit through it--though I tried.<br /><br />The biggest problem with this and any Mel Brooks movie I call ""the Mel quotient"". In other words, the better his movie, the less of him you see in the film. Think about it--The Producers and Young Frankenstein were great films and he was barely in them at all. BUT, films like Life Stinks and Space Balls are chock full of Mel and are pretty dopey movies (yes, I DID NOT LIKE Space Balls--but this isn't the place to talk about that).<br /><br />Second, apart from cancer, rectal itch and mental retardation, I can't think of a less funny topic than homelessness. This is just a comedy breaker. Think about it, folks. The FUNNIEST(?) scene in the movie has Mel making whoopee with Leslie Ann Warren in a dumpster!! And this is funny in what way?",negative
"This is certainly one of my all time fav episodes of Trek. There is just so much going on in this one film that its crazy cool. First the guys beam down to an alien planet thats about to explode. They meet a freaky librarian type dude (very well played). Then Kirk manages to get himself transported back to what is very much like 16th century earth. McCoy and Spock try to follow but instead nearly freeze to death on the frozen version of the alien world 100,000 years in the past. Kirk manages to get himself locked up and charged with witchcraft while Spock enjoys some amok time with a sexy cavegirl who was vanquished to the this frozen, awful world by some bad guy.<br /><br />Spock decides hes happy where hes at and gives McCoy a royal assestment whuppin' when the doc suggests they need to look for a way out. Anyhow,they all finally escape, leaving the poor cavegirl behind. It takes a ton of convincing before Spock finally gives in and leaves. You can literally taste the sadness at the end. Leaving the cavegirl all alone in her frozen wasteland just seems cruel and is really touching. Spock must have been out of his vulkin' mind to leave behind his greatest hope for love and being human. Albeit, in a not so nice neighborhood!<br /><br />Anyway, you just get so much bang for your buck with this episode....A love story, the Salem witch trials, Spock as a human, the desperation of being left in total isolation...abandoned, and three entirely different settings on the alien planet. Its amazing they managed to jam all this into one fifty minute film. This one is a classic, don't miss it....I want it on DVD fer shure vulcans!!!!!!",positive
"I really wanted to like The Pillow Book. Intriguing story, interesting character outlines, Ewan Macgregor in the utterly glorious altogether. Unfortunately, I hated every minute of it. Greenaway got so enamoured with presenting the movie uniquely, and not to the film's benefit. I won't even get into Vivian Wu's abysmal acting.<br /><br />You get distracted from the story with 4 billion teeny windows and calligraphy that rolls on the bottom of the screen displaying the lyrics of the music that's playing. It seems he lost sight of presenting the actual story and developing the plot, and got entangled with foo-foo embellishments that have nothing to do with anything. It's a bit like presenting a John Singer Sargeant portrait in a chintzy Hallmark frame that says ""GRANDMA LOVES ME!"" in big sparkly letters.<br /><br />This movie seems to be a casualty of the director auteur's ego instead of what it could have been - disturbingly and horrifyingly beautiful. In another director's hands (Jeunet? Coppola?), it could have been a masterpiece. In Greenaway's hands, it's best relegated to fine arts classes that also take themselves too seriously.",negative
"This is one horror movie based TV show that gets it right. Friday the 13th the series had no connection to the movies. Poltergeist the legacy: I'm not so sure. It may have been loosely connected to the movies. It feels like they just throw a famous title on a show so fans will watch it.<br /><br />It shows Freddy being burned by the Elm street parents(in the 1st episode I believe) and the amount of parents were disappointing. With all the kids he targeted in the 1st 3 movies, you'd expect there to be more parents. But oh well.<br /><br />Freddy is basically the narrator for the show. He watches the actions of people in the real world sometimes getting involved somehow. Just like other anthology shows like Tales from the crypt, there's a supernatural or surprise ending twist involved.<br /><br />The acting lacks but believe it or not: the violence sometimes surpasses that of the movie. This show lasted a couple of seasons and was made around the time of the 4th movie. i heard it was canceled due to protesting parents. I watched a lot of R rated stuff as a kid, so its a shame parents had to ruin it for everyone. 4 more movies came after the series , so it wasn't a total loss.",positive
"A series of random, seemingly insignificant thefts at her sister's boarding house has Miss Lemon quite agitated. A ring, light bulbs, a rucksack, a lighter, a stethoscope, a shoe  there seems to be no rhyme or reason to any of it. Miss Lemon asks her employer, the great Belgian detective Hercule Poirot, to look into the matter. But what Poirot sees is something far more sinister than Miss Lemon could have imagined. And Poirot's fears are confirmed when one of the students living in the boarding house if found murdered. It's up to Poirot to bring a killer to justice.<br /><br />Hickory Dickory Dock is a solid, but not spectacular, entry in the long running Poirot series. I appreciate how faithful the script is to Agatha Christie's original story. I realize that certain liberties had to be taken, but I appreciate the effort nonetheless. The major points of the mystery are all there  the petty thefts, the boarding house, the students, the ripped rucksack, and, of course, Poirot's ability to see something sinister going on before it actually happens. With a few exceptions, the cast of students is almost as I pictured them. Damian Lewis and Jessica Lloyd standout among the group. As mush as I always enjoy David Suchet's Poirot, I get a real kick out of the episodes with Phillip Jackson's Inspector Japp and Pauline Moran's Miss Lemon. This episode is a real treat as Miss Lemon gets more screen time than usual. Finally, I enjoyed the use of the ever present mouse as an observer of the activities in the hostel. It's a fun little play on the Hickory Dickory Dock title.<br /><br />I realized while re-watching Hickory Dickory Dock just what a tremendous influence Agatha Christie's work was on the highly stylized Italian mystery films, or Gialli, of the 60s and 70s. Take the murder of Mrs. Nicoletis as an example. If you were to bump up the graphic nature of the scene, you would have something straight out of an early 70s Giallo. In fact, the entire plot of Hickory Dickory Dock could have been used in a Giallo. It's just convoluted and interesting enough to have worked.",positive
"What the hell was all that about? I saw The Matrix and was amazed. It was the most spectacular movie ever made. What ever possesed the Wachowski brothers to do this film is beyond me.<br /><br />There is no plot, you can't argue with that. Basically all this film was was a load of talking, and don't get me wrong, I have no problem with talky films, but all the talking in The Matrix Reloaded was a pointless load of drivvle. Then there would be a fight sequence which lasted WAY too long, then more pointless drivvle, then another fight scene that lasts too long and it all builds up to the biggest anti-climax ever. A little bearded bloke talking a load of uncomprehensible bull for 20 minutes.<br /><br />Also, Keanu Reeves gives his worst performance yet. I knew he wasn't a good actor but this was beyond a joke. If you watch his films in the order he was in them it would seem he got gradually worse as they went along. God knows what his performance is like in Something's Gotta Give! Keanu Reeves: The only plank of wood ever to become an actor.<br /><br />After the splendor of the first film this came as a massive dissapointment. If you haven't already seen the first film I suggest you watch it, but don't waste your time with this utter pile of turd.<br /><br />",negative
"It's a poor film, but I must give it to the lead actress in this one....Francine Forbes. She appeared to be acting the least and I personally thought she was kind of cute. Too bad she only appears in one other film in the database. Besides that, the film is filled with laughable gore and fakey death scenes. People get stabbed and they GUSH like 2 gallons of blood! But, if you like to watch poor horror films, I recommend this one highly.",negative
"When I reviewed the video for a local magazine, I called it ""the greatest achievement in the history of the American cinema."" That was not wholly tongue in cheek. TW&TL remains Milius' best work, and it's sad that he has so little opportunity to work anymore. However, TW&TL remains a striking exposition of what once was known as The American Character, largely on the strength of Brian Keith's superb portrayal of Teddy R. (Obviously Milius--and Keith--admired TR tremendously to make two films about him, including ""The Rough Riders."") It's hard to fault this film at any level: a splendid balance of action, levity, relationships, and the serious topic of America coming of age in the world. Furthermore, TW&TL has exceptional appeal across the board: note the stats showing it rates best with under-18 males, females 18-29, and over 45! Clearly Candy Bergen struck a responsive chord with women as well as men.",positive
"Based on an actual story, John Boorman shows the struggle of an American doctor, whose husband and son were murdered and she was continually plagued with her loss. A holiday to Burma with her sister seemed like a good idea to get away from it all, but when her passport was stolen in Rangoon, she could not leave the country with her sister, and was forced to stay back until she could get I.D. papers from the American embassy. To fill in a day before she could fly out, she took a trip into the countryside with a tour guide. ""I tried finding something in those stone statues, but nothing stirred in me. I was stone myself."" <br /><br />Suddenly all hell broke loose and she was caught in a political revolt. Just when it looked like she had escaped and safely boarded a train, she saw her tour guide get beaten and shot. In a split second she decided to jump from the moving train and try to rescue him, with no thought of herself. Continually her life was in danger. <br /><br />Here is a woman who demonstrated spontaneous, selfless charity, risking her life to save another. Patricia Arquette is beautiful, and not just to look at; she has a beautiful heart. This is an unforgettable story. <br /><br />""We are taught that suffering is the one promise that life always keeps.""",positive
"""Indian burial ground"": If those three words appear anywhere in a real-estate listing, look for a different neighborhood. A young couple with a young daughter and a toddler-age son move into a Maine house adjacent to a pet cemetery--and, after a l-o-o-o-ng hike, an ancient Indian burial ground. Seems the Indian ground can bring Fido or Fluffy back from the dead--if you don't mind having a raving hell beast for a pet. It can do the same for dead people--if you don't mind having a homicidal zombie around the house.<br /><br />Throw in a busy two-lane blacktop, speeding big rigs, a well-meaning (if somewhat dim) old neighbor, and one kid who really doesn't get enough supervision, and I think you can figure out what happens from there--an over-the-top, illogical mess, which, in all fairness, does offer up a few scares.<br /><br />Well, there are worse Stephen King adaptations (such as ""Maximum Overdrive,"" which King also directed). But there are far better ones, too (such as ""Salem's Lot,"" ""The Dead Zone,"" and both versions of ""The Shining"").",negative
"Just bought the VHS on this film for two bucks, Did I waste my money! Hey, I dig Adam ""Batman"" West and Tina ""Giligan's Island"" Louise, but hello! This third rate production is a rehash of a dozen other biker films; crazed bunch of bikers psychos ride into a hick town, beat up everybody and everything, and then are defeated in the man by a dashing hero. Adam West looks the part as a hero, but he's missing cape, and his Batman uniform. Sorry, just isn't the same. Tina L. looks really nervous and frightened the whole show, but at least we know what happened to ""Ginger"" once she was rescued from the island...LOL! The bikers are a motley group, and known of them ever acted again or at least shouldn't have. Hell Riders is Hell to Watch!",negative
"This is what I was expecting when star trek DS9 premiered. Not to slight DS9. That was a wonderful show in it's own right, however it never really gave the fans more of what they wanted. Enterprise is that show. While having a similarity to the original trek it differs enough to be original in it's own ways. It makes the ideas of exploration exciting to us again. And that was one of the primary ingredients that made the original so loved. Another ingredient to success was the relationships that evolved between the crew members. Viewers really cared deeply for the crew. Enterprise has much promise in this area as well. The chemistry between Bakula and Blalock seems very promising. While sexual tension in a show can often become a crutch, I feel the tensions on enterprise can lead to much more and say alot more than is typical. I think when we deal with such grand scale characters of different races or species even, we get some very interesting ideas and television. Also, we should note the performances, Blalock is very convincing as Vulcan T'pol and Bacula really has a whimsy and strength of character that delivers a great performance. The rest of the cast delivered good performances also. My only gripes are as follows. The theme. It's good it's different, but a little to light hearted for my liking. We need something a little more grand. Doesn't have to be orchestral. Maybe something with a little more electronic sound would suffice. And my one other complaint. They sell too many adds. They could fix this by selling less ads, or making all shows two parters. Otherwise we'll end up seeing the shows final act getting wrapped up way too quickly as was one of my complaints of Voyager.",positive
"Amen to Magsel. There was a lot of confusion going on. First off, how do you know which movie you are purchasing? Henry Cele stars in every one of them. I bought this movie thinking it was the miniseries...WHAT A LETDOWN!! It would have been a comedy but for the young girl being raped. David Hasselhoff (spelling?) is OK for popcorn TV but he was not believable in this film (where was his English accent?) AND WHAT'S WITH THE LOVE STORY??? The movie was supposed to be about a young man's rise to military power - not the slave ship captain getting jiggly with the English maiden looking for her daddy...<br /><br />If I had paid more than $7 for this movie, I would have to call the police - because that would be a crime!",negative
"Both Disney and Bill Paxton did a fine job in conveying a story that is based in fact. You do not have to like the game of golf to appreciate the story of one man's struggle to overcome the odds. It could have been based on any sport or simply on any other situation which involves competition, though this one just happens to be related to Golf. The only problem I have with the story is that I would have liked to see a bit deeper into each of the main characters, esp. Mr. Ouimet. Mr. Francis Ouimet is a typical young man of his times, turn of the century America, where ""class lines"" are well delineated and woe be it to anyone who deigns to try to rise above his ""class"" standing. I did a bit of historical research and my biggest question was indeed answered, to my satisfaction. Although the circumstances are a bit different than those portrayed in the film, I came away with a feeling of content. I thoroughly enjoyed this movie, I believe you will too.",positive
"This piece of crap might have been acclaimed 60 years ago, but it is one of the most racist movies ever made with the Native American Indians played by white men. The right-wing Republican James Stewart was a huge racist in real life, just like his close friend John Wayne. In 1971 Stewart had actor Hal Williams fired from ""The Jimmy Stewart Show"" (a short-lived series that mercifully flopped) just because Williams was black. As if that were not bad enough, this film is very dated and boring. Watch ""Dances with Wolves"" instead for a less racist view.<br /><br />Stewart was in his forties when this awful movie was made, and even with his ridiculous wig he still looked like a paedophile chasing after 16-year-old Debra Paget. I'm surprised it was even allowed.<br /><br />0/10.",negative
"Recap: A band of five young American men, all that is left of a platoon hit hard during the Ardenne offensive during the WWII get the assignment as a forward outpost and to look for enemy activity. They're in really bad condition, both physically and mentally, and think they have struck gold when their outpost is in an abandoned but once plush mansion full with food. But after a while there is some enemy activity, and it is very odd. Not hostile, but odd. It seems like there is a German squad out there, in equally bad condition, that want nothing more than to surrender.<br /><br />Comments: Based on a novel and my guess that the novel is much better but the story doesn't seem to translate very well to the big screen. Indeed it is a different war movie, much more about the mental pressure during wartimes than fighting and battles. But I can almost feel that scenes that must have been full of suspense, full of uncertainties and unknown elements, just fall flat in the movie. It is not suspenseful, just different and in many ways absurd. Many times people just act insane, and the reasons are unclear or at best hinted at.<br /><br />So when this mental pressure fails to come through, the main building piece of the entire story, I thought the story fell through. It wasn't good, it wasn't interesting, it didn't keep me on the edge and it didn't really send a message. Actually it did nothing.<br /><br />The cast is interesting, many young actors that then turned into stars in beginning of their careers. The acting is good, but not stellar, and a few characters also fell through into the absurd zone. Much of that too I feel is due to that this story, these characters need the time, space and pace given in a novel, that they can't be given here. And going halfway definitely isn't good enough.<br /><br />4/10",negative
"This should have been a movie about Sam and his wife, the glorious Peter Falk and equally glorious Olympia Dukakis. That would have been a movie worth seeing. Instead it's a Paul Reiser vehicle, with a little Falk thrown in. The wonderful Elizabeth Perkins is also in this movie, but you'd hardly know it. I presume Reiser is under the impression that he's a giant movie star who needs an appropriate vehicle. He's not. Even more galling is that Reiser took the trouble to hire some of the best women character actresses on the screen today and then shoved them all into his background. Dukakis does not show up until the last 15 minutes, but when she does, the screen glows. The story is about Falk and Dukakis really, but we're subjected to a pointless, silly, preposterous road trip in which Reiser gets to show how very cute, precious and oh-so-deep with psychological insight (wrong!) he can be. For instance, In a restaurant scene that I imagine Reiser had hoped was ""Cassavetes-like"" there's a laughably false confrontation between Reiser and Falk that is so patently ridiculous, I was embarrassed for Falk.",negative
"Directed by Diane Keaton and adapted from a book by Franz Lidz. A young mother Selma Lidz(Andie MacDowell)is battling a very serious illness and her self proclaimed inventor husband Sid(John Tururro)is a little lacking in the emotions department. Unhappy with the new home situation, their sensitive son Steven(Nathan Watt)decides he wants to stay with his two eccentric uncles Danny(Michael Richards)and Melvin(Lou Cutell)until his mom is well. Steven seems to be happier and even takes interest in his strange uncle's living habits; he even decides he wants to change his name to Franz. Set in the early 60's, this drama is a bit comedic...change that to zany. Not being a MacDowell fan, UNSTRUNG HEROES assures my attitude; albeit I enjoyed the film and it is not a total waste.",negative
"This is the second Baby Burlesk short to be released, and probably the most popular one, is a spoof of the 1926 silent film What Price Glory.<br /><br />I watched this and I do not understand the kiddie-porn that is being claimed. It is just a cute little film. I have seen family shows that I grew up watching in the '80's and '90's that had little girls dressed more provocatively acting in a 'mature manner'. It was more provocative because they WEREN'T dressed in diapers. There's nothing provocative about a diaper unless you have one of those fetishes. (just a joke) I read that description of the movie and where it states only a pedophile would enjoy watching this. That is sick. To me, if you watch this and are bothered by it, then maybe you need to look into your own psyche and try to figure out why it bothers you. It is an innocent film that was made as a parody of another film. All of the B.B. films were parodies, nothing more. The parodies/spoofs of today are graphic in nature and have true almost pornographic scenes and quite vile language. Shouldn't those be more appalling? I can watch those without issue, but they sometimes take children's stories and turn them into filth on those parodies. That is what should get under your skin. Not that they babified (not a word, I know) an adult movie from 1926, because we know how PORNOGRAPHIC those silent films were, huh? Not to mention those 'Forbidden Hollywood Pre-Code era films' so vile and filthy. They would NEVER make such filth today? (note the sarcasm)",positive
"Whatever rating I give BOOM is only because of the superb location photography of Sardinia and Rome. Otherwise, this is only for hardcore addicts of ELIZABETH TAYLOR (her downward phase), and RICHARD BURTON (his miscasting phase). Tennessee Williams wrote ""The Milk Train Doesn't Stop Here Anymore"" and is supposed to be very fond of this adaptation of his play--but apparently, he was the only one. Taylor reportedly hated it and Burton needed the money.<br /><br />Whatever, it amounts to a hill of beans with Taylor posturing and fuming in her shrill manner, exploding at the servants and exchanging bad baby-talk with no less than NOEL COWARD who seems to be a visitor from another film when he finally appears.<br /><br />It's so campy that among Taylor fans it's probably considered a ""must see"" kind of thing. But if you can sit through this one without a drink in your hand, you're way ahead of me. Sadly, this is the film that signified the end of Taylor being taken seriously as a film actress, even after winning two Oscars. For Burton, it was equally disastrous and the critics called it a BOMB. Judge for yourself if you dare.",negative
"I used to LOVE this movie as a kid but, seeing it again 20+ years later, it actually sucks. Up The Academy might have been ahead of it's time back in 1980, but it has almost nothing to offer today! Movies like Caddyshack and Stripes hold-up much better today than this steaming dogpile. No T&A. No great jokes except for the one-liners we've all heard a million times by now.<br /><br />I recently bought the DVD in hopes that it would be the gem I remembered it being. Well, I was WAY off! The soundtrack had only 2-3 widely-recognizable hits (not the smash compilation others had mentioned) and the frequent voice-overs were terrible. The only thing that was interesting, to me, was predicting what the character's lines were before they said them. Yep, I watched this movie that much back then! <br /><br />The only reason I am writing this review is to give my two cents on why this movie should be forgotten, sorry to say. :(",negative
"I can't remember the worst film I have watched.Total waste of actors and audience time.If you prefer sitting by your TV and think when will be this film over,then this is the right film for you.Maybe this film is recorded to make people believe that Moscow has some mystique past. But I must say I have not expect anything else from Rade Serbedzija,but I have expected more from Vincent Gallo.The film lacks a plot, character,development,denouement.Entire movie is about underground tunnels and how they are mystique.I must be fair there is some camera effect but even that is too poor.Over and over are the same pictures.Total waste of time.",negative
"This romantic comedy isn't too bad. There are some funny things happening here and there, and there are some rather memorable characters in it.<br /><br />The acting, however, is amateurish (with the exception of the banker). While some scenes are great fun, others are simply embarrassing. In particular, I found the ""romantic"" part of the story poor. <br /><br />All in all, I guess it's worth seeing if you like football and romantic comedies. It's not really a bad movie, and the ending did feel quite good. Just don't expect anything out of the ordinary. Fair enough if you have an hour and a quarter to kill.",negative
"This time we get a psycho toy maker named ""Joe Petto"" (get it?) who makes living, evil toys that kill people. He goes after the family who has the bad luck of just simply living in the same house where he and his mutant robot son ""Pino"" (again, get it?) used to live.<br /><br />Easily the worst (and hopefully [presumably] the last) in this semi - series, this one and the previous one look like soft core porn movies, but without the sex and nudity. It's kind of like a low rent hybrid of ""Halloween III"", ""Puppet Master"", ""Dolls"" and bad home movies. Supposedly in 2000 they started to do a sixth chapter in the series, but it was abandoned and never completed. We can all only hope that it stays that way...<br /><br />1/2 a star out of ****<br /><br />",negative
"Fame, I think, was the best movie that I have ever seen. In ways it was funny and dramatic, but that is what makes a movie. True, it has a few loose ends, actually a lot, but I still think that it is a terrific movie. Some of the funny things happen in the audition at the beginning of the movie. I think it is hilarious when the girl tries to act out O.J. Simpson in ""The Towering Inferno"" and Raul/Ralph goes around to every art department saying that his father was great at every one. He says that his dad danced with the Rockets and left Ralph his tap shoes. The Rockets, as far as I know, are made up of women. And the tap shoes were just regular shoes with bottle caps on the bottom. Also the guy who read the lines of Juliet in the Romeo and Juliet play was funny. One thing about the movie that just turns me on is the music. I have never heard anything like it!!! My favorite song is ""I Sing the Body Electric"" and my second is the theme song itself ""Fame"". Irene Cara has a great voice and is a great actress. I like the way the movie focused on many ethnic groups. It showed all of the kinds of people there actually are in what is now called ""La Guardia School of the Performing Arts"". This movie showed the triumphs and trials of many young performers, including Angelo, Doris, Bruno, Coco, Montgomery, Ralph, Leroy, Hilary, and Liza. They all had a hard time, but made it their own way. This movie could have added on about another 30-45 minutes (before the graduation), but it is still my favorite movie no matter what!!!!",positive
"This film is a fun little private eye detective story like they aren't made any more. It's all there: Tom Conway is the suave detective called The Falcon, Goldie Locke (what's in a name) is his wisecracking bumbling sidekick, Louisa Braganza is the damsel in distress, and of course there are the damsels maid, the professor with the secret formula, the bad guy that wants the formula, and the police inspector who's after The Falcon. There is a murder, and The Falcon gets implicated. The scenery is night clubs, expensive hotel rooms, a luxury train, the suburbs, and beautiful cars. Go watch this little gem when you see it pass by on afternoon TV!",positive
"I do admit that my review is from a 2006 point of view, nearly 30 years after the making of this movie and at the time of its conception, it may have been a brilliant horror/thriller movie.<br /><br />Beginning on Halloween night 1968, 6 year old Michael commits the brutal murder of his 18 year old sister. Michael is committed to a mental institution and 15 years later escapes and returns to his home town to murder again.<br /><br />From this point it is clear that the movie will follow a basic and rudimentary path that is highly predictable. The beginning of every scene is easily predictable in the way it will end whilst the music for each scene containing Michael (the murderer) is exactly the same throughout the movie, thus alerting the viewer to the likely events to follow.<br /><br />For the horror/thriller enthusiast, there is a severe lack of blood/gore compared to modern day films although I am not akin to the amount that is displayed in this day and age. A happier medium could have been found.<br /><br />From a half hour into the movie, not one scene is unexpected. The acting for a horror/thriller film is fairly typical of the era and thus lacks any punch for the modern day enthusiast.<br /><br />A positive for the film is its lingering camera shots and dark lighting which creates a frightening atmosphere. A second positive would be the character of Michael's doctor, who provides clues to the probability of where the story may lead.<br /><br />However, it is clear that the star, in Jamie-Lee Curtis, is in the infancy stages of her acting career and thus fails to provide a truly frightened central victim.<br /><br />It is hard for me to rate this film as it was in its day, but from other horror/thriller films of indeed the 80s and to a lesser extent, the 90s, it falls far short of a truly great horror/thriller film.<br /><br />I suggest you move on and find a classic from the 80s. Cheers!",negative
"For a low budget project, the Film was a success. The story is interesting, and the actors were convincing. Eva Longoria, who now stars on the TV Show ""Dragnet,"" is sexier than ever. The locations were ideal for the ganster plot, and the director shows his talent by taking on many roles for his project. Of course this low budget film could use better editing transitions and more special effects for the gun scenes, but the music keeps this script moving. Although this film has it's share of problems, such as continuity, I must say that I would rent the director's next movie. If your a film student, you could learn a few things from the director's commentary.",positive
"LIGHTS OF NEW YORK was the first ""all-taking"" feature film, coming in at a brisk 57 minutes and directed by Bryan Foy (of the famous vaudeville family).<br /><br />The story has two dopey barbers (Cullen Landis, Eugene Palette) yearning for a chance at ""big city life"" and getting involved with gangsters and bootleg booze. One of the guys gets framed for the murder of a cop but is saved at the last minute by a gun moll (Gladys Brockwell).<br /><br />Much of the story takes place in a night club called The Night Hawk, which is run by a crook named Hawk (Wheeler Oakman) who has his eye on a pretty chorine (Helene Costello) who is the girl friend of Landis. Costello gets to do a brief dance, and we hear Harry Downing (made up to resemble Ted Lewis) sing ""At Dawning) in his best Al Jolson style.<br /><br />The acting ranges from good (Palette and Brockwell) to awful (Oakman). A couple of the actors muff their lines but then keep right on with the scene. As noted elsewhere this was intended to be a short 2-reeler and was made on a shoestring budget. Yet the sound quality is surprisingly good, the voices all register clearly, and there is a neat cinematic touch in the silhouette death.<br /><br />The film was a box-office smash even though it was shown as a silent film where theaters were not wired for the new sound technology. No one expected this little film to gross an amazing $1.3 million. It briefly made stars of Costello and Landis and certainly launched Palette on his long career as a star character actor.<br /><br />Co-stars include Mary Carr as the mother, Robert Elliott as the detective, Eddie Kane as the street cop, and Tom Dugan as a thug.",positive
"This film did well at the box office, and the producers of this mess thought the stars had such good chemistry in this that they cast them in the much darker screwball farce, The Gazebo. Frankly, I am shocked to see all the positive comments on this ludicrously plotted unfunny comedy. Both lead characters have the maturity of seven-year-olds and are much less interesting to spend time with. A veteran supporting cast including Fred Clark, Harry Morgan, and Eva Gabor lend excellent support. And, the beautiful cinematography certainly makes the rich countryside of Spain seem lush. And, there are four or five truly funny scenes to go with two wise scenes and a whole bunch of recycled and unfunny clutter.<br /><br />I cannot recommend It Started With A Kiss.",negative
"""Look, I know this may suck right now, but pain is temporary, film is forever. Whatever you do right now is burned into celluloid for all time and for thousands of years to come.""  Robert De Niro<br /><br />This was initially a film for Steven Spielberg, the director hiring several screenwriters to adjust the screenplay so that it more suited his themes. And so we have a dysfunctional family that is threatened by a deranged monster in the form of a recently released from prison Robert De Niro. Like ""Jurassic Park"", ""Poltergeist"" and ""War of the Worlds"", the dysfunctional family bands together to defeat the beast, the beast being the creation of the father, a lawyer who failed to defend De Niro during his trial. <br /><br />In typical Spielberg fashion, the father kills the monster that undermines the family and is then promptly absolved of his sins. Like Oscar Schindler, Robin Williams, Sam Niel, Tom Cruise and virtually every ""daddy"" figure in Spielberg land, the father reclaims his paternal duty in the kind of bittersweet coda that Spielberg so enjoys.<br /><br />But Spielberg eventually abandoned the picture and the project was instead turned over to Martin Scorsese, who at the time was seeking to try his hand at more commercial fare. The result is arguably the worst film in Scorsese's filmography, and, ironically, his most illuminating.<br /><br />An artist's failures or misfires are often very revealing, exposing the inner workings of their art. When the story doesn't work, the characters don't connect or the images don't sear, we find ourselves left with a kind of inner core. This  the remaining carcass- is what the director's cinema is about.<br /><br />Now ""Cape Fear"" is an impersonal film, so we won't find any thematic connections to the rest of Scorsese's filmography (""You already sacrificed me!"" De Niro yells, but the films themes of Catholic redemption are cookie cutter). What the film does, though, is expose the kind of language that his filmography hinges on. Watch how Scorsese's camera desperately whips back and forth, how he zooms frantically onto doorknobs and windows in an attempt to force tension and how his characters are all loud and screaming for attention. But more importantly, watch how the film makes no spatial sense. A showdown on a boat at the end of the film takes place on an obvious sound-stage, a street parade is claustrophobic and takes place within no larger context and the family's house doesn't seem to exist anywhere in particular. There is simply no geographical sense to anything in the picture, Scorsese unable to film space or create any kind of spatial environment. <br /><br />The reason for this is that Scorsese's camera always has to be bound, or intimately tethered, to his central character. For the world around the character to make sense, his camera has to be focused on the character. Resnais can take you around a French Hotel, Welles and Hitchcock can dance you down a street and up a building, Cameron can give you a tour of the Titanic, Scott can recreate an entire future cityscape, Lucas can give you an alien desert planet, and most other directors can create a sense of space by textbook ""close up-mid shot-wide shot"" combinations, but Scorsese can't do this. There's no poetry, no sense of tangible space in his films. He's all about the character. You break that tether, you leave that boxing ring, that taxi cab, you look away from De Niro, and everything collapses. He simply cannot break away from this very documentarian style of shooting, which, in a way, is a prerequisite for action film-making.<br /><br />Scorsese tried to rectify this problem with ""Gangs of New York"", where the space and the sets become the central character, but even this self consciously spatial experiment gets sabotaged by the magnetism of Daniel Day Lewis, the actor drawing Scorsese's camera inexorably toward him like a moth to a bulb.<br /><br />5/10  Even as a generic B-movie, this is an ugly, vulgar looking film. Look at the matte paintings, the inept attempts at tension, the silly rotorscoped special effects and hokey fistfight showdown. Still, we have Robert De Niro to pick up the slack. De Niro, who gives his body over to Scorsese like a tattooed Christ, gives the film its only great scene. In an improvised romantic sequence with young a Juliette Lewis, he sticks his thumb into her mouth and kisses her. A kind of symbolic rape, the girl runs away, both aroused and repelled by this man's interest.<br /><br />But De Niro's performance, so deliciously over the top, simply can't be imitated by Scorsese. You'd need the operatic tone and the baroque visuals of someone like De Palma to make this work. But Scorsese? Nope.<br /><br />Worth one viewing.",negative
"Darr is a great movie! Shahrukh plays an obsessed lover who will do almost anything to win over his lady which in this case is Juhi Chawla. Little does Juhi know in the film that Shahrukh has a MAJOR crush on her and is constantly stalking her. I have to admit, some of the things he did in this movie were pretty creepy... like the threatening phone calls. Never in my life will I forget the line, ""I love you K..k..k..Kiran!""<br /><br />It's just too bad that Shahrukh and Juhi weren't exactly ""together"" in the film. But Juhi and Sunny do make a fairly good couple in the movie. Though Shahrukh's role was pretty psychotic, I still think he did a great job of playing it and can't possibly imagine anyone else doing that role. No wonder he got an award for Darr in 94'!<br /><br />Juhi... what can I say??? She looks especially amazing in this film! It's not that she doesn't always look amazing in her other films, but Darr did give the public a wonderful image of her!<br /><br />As for the music... it was excellent! Especially ""Jaadu Teri Nazar,"" one of my all time favorite songs. I also thought ""Tu Mere Samne"" was quite nice also.<br /><br />A must see for everyone! Overall Darr deserves a 9/10!",positive
"Filmmakers made a rather boring everyman's story look interesting and complex by focusing on his wife back at home. At the same time, we're exposed to a truly original, existential French loner. <br /><br />The film is more than a documentary. Hardly ever do I feel that I've experienced something that's accidentally profound, which makes it all the more profound.<br /><br />Film has visually interesting interior moments. Absolutely loved the journey the filmmakers took me on. (Quite a lot of Europeans in the credits). Hopefully, PBS will screen this so that it reaches a wider audience in the USA.",positive
"I still can't believe that Wes Craven was responsible for this piece of crap.This movie is worse than ""Deadly Friend"".The plot is stupid,the acting is mediocre and the film is deadly dull.I don't know why Wes Craven hates his debut ""Last House on the Left""-an absolute masterpiece of the genre and likes(probably)this turkey.Don't get me wrong,I really like some of his movies,but it was a real torture sitting and watching this.",negative
"This depiction of forlorn Japanese forces in the Philipines is a tour de force in the utter meaninglessness of war. It is an effective representation of Japanese pacifist views after WW II. In the movie, Japanese soldiers have been left to fend for themselves in the jungles of the Philipines. Faced with impending starvation they resort to cannibalism and gradually lose what little humanity they have left. To call this film depressing would be something of an understatement. The viewer is left with an utterly despairing sense of life's lost value in modern combat. The final scene is almost too nihilistic but the film is a worthy statement none-the-less. Highly recommended.",positive
"THE MAN IN THE WHITE SUIT, like I'M ALL RIGHT JACK, takes a dim view of both labor and capital. Alec Guinness is a scientific genius - but an eccentric one (he has never gotten his university degree due to an...err...accident in a college laboratory). He manages to push himself into various industrial labs in the textile industry. When the film begins he is in Michael Gough's company, and Gough (in a memorable moment) is trying to impress his would-be father-in-law (Cecil Parker) by showing him the ship-shape firm he runs. While having lunch with Parker and Parker's daughter (Joan Greenwood), Gough gets a message regarding some problems about the lab's unexpectedly large budget problems. He reads the huge expenditures (due to Guinness's experiments), and chokes on his coffee.<br /><br />Guinness goes on to work at Parker's firm, and repeats the same tricks he did with Gough - but Parker discovers it too. Greenwood has discovered what Guinness is working on, and convinces Parker to continue the experiments (but now legally). The result: Guinness and his assistant has apparently figured out how to make an artificial fiber that can constantly change the electronic bonds within it's molecular structure so that (for all intents and purposes) the fiber will remain in tact for good. Any textile made from it will never fade, get dirty, or wear out - it will last forever.<br /><br />Guinness has support from a female shop steward, but not her chief. He sees Guinness as selling out to the rich. But when he explains to them what he's done, they turn against him. If everyone has clothes that will last forever then they will not need new clothes! Soon Parkers' fellow textile tycoons (led by Gough, Ernest Theisinger - in a wonderful performance, and Howard Marion-Crawford) are equally panic stricken by what may end their businesses. They seek to suppress the invention. With only Greenwood in his corner (although Parker sort of sympathizes with him), Guinness tries to get the news of his discovery to the public.<br /><br />In the end, Guinness is defeated by science as well as greed. But he ends the film seeing the error in his calculations, and we guess that one day he may still pull off his discovery after all.<br /><br />It's a brilliant comedy. But is the argument for suppression valid? At one point the difficulties of making the textile are shown (you have to heat the threads to a high temperature to actually enable the ends of the material to be united. There is nothing that shows the cloth will stretch if the owner gets fat (or contract if the owner gets thin). Are we to believe that people only would want one set of clothing for ever? What happened to fashion changes and new styles? And the cloth is only made in the color white (making Guinness look like a white knight). We are told that color dye would have to be added earlier in the process. Wouldn't that have an effect on the chemical reactions that maintain the structure of the textile? <br /><br />Alas this is not a science paper, but a film about the hypocrisies of labor and capital in modern industry. As such it is brilliant. But those questions I mention keep bothering me about the validity of suppressing Guinness' invention",positive
"I am not a usual commenter on this website but seeing how underrated this movie is, I endeavour myself to write some comments and remarks about it. I had fun watching this movie, perhaps because Cat is everything I wish I could be, I am not going to post spoilers or reveal plots but there's are things that i really found amazing, the way she manipulates people it's just so divine. this is a very underrated movie, I lack of arguments here, I usually go enjoy and then speak little about it, when you go to the movies is to have fun, and i really enjoyed the 1h53 i stayed in the dark room. a must seen over and over again until the delight fades away. let's try not be so critical about it. thank you for reading.",positive
"Though derivative, ""Labyrinth"" still stands as the highlight of the mid-half of the six-year-old show. Finally a story allows Welling to show how he has grown as an actor. It's not easy playing a character that is the embodiment of ""truth, justice, and the American way"" on a weekly basis with very little variation. His performance, permitting him to show how one might react if he/she discovers that all that he knew may be a lie, was quite believable.<br /><br />Welling rose to the occasion marvelously.<br /><br />As always, Michael Rosenbaum, as the ""handicapped"" Lex, delivered, as did Kristen Kreuk as a too-sweet-to-be-believed Lana. Allison Mack, the ever-present Chloe, also scored as a slightly ""off-her-rocker"" version.<br /><br />The use of an annoying hum in the background added to the tone of the installment and made for an engaging drama.",positive
"not a Larry Mcmurty masterpiece but it stands on its own as a good western, any of the lonesome doves do. who ever takes on the role of Woodrow call, does a great portrayal in their own style. It's also easy to see that they were looking to use this as a stepping stone to the t.V series (both version of it) and that the writers knew how to keep the flavor alive William Peterson was awesome in this, the geeky C.S.I guy is not the character he plays in this - this guy can do it all it seems<br /><br />it's deserve to be enjoyed by those who enjoy westerns<br /><br />4out5 stars",positive
"One of my favorite movies. Great cast, lead by Jonathan Silverman and Blythe Danner. Serious drama situations with brilliant comedic punches. An exact mixture of character and story. Real people with real problems, and everyone has a different relationship with each family member. Sensitively moves from slightly-sad to hilariously-funny. Read the quotes. This is the best adaptation of a Neil Simon play.<br /><br />If you wanna see more of Eugene check Biloxi Blues (starring Matthew Broderick who played in both stage versions) is OK, a bit on a darker side. Get away from the made-for-TV Broadway Bound.",positive
"I really don't understand who this movie is aimed at. From just the absurdity of it, not to mention the ridiculously bad acting, cheesy dialogue, and the fact that the villain is a child, I'd assume this was meant to be a children's movie... but I think there may be more swear words than Pulp Fiction, not to mention constant references to drugs and general mayhem and killing-so which demographic is it trying to please? This movie is too schizophrenic, like trying to combine Country music with Heavy metal, in the end no one is going to like it because it's a bloody paradox. I would recommend this movie because it's so funny (in a bad way) except the actors are so patently unbearable that I wouldn't want to suggest otherwise.<br /><br />I'm completely serious when I say that I could not watch more than 15 minutes of this. Terrrrrrrrrrrrrrrriiiiiiiiiiiible",negative
"*** Spoiler in fifth paragraph *** This was an amazingly frank (uh-huh, uh-huh) picture for 1955. Otto Preminger and Carlyle Productions took a chance by making it, the Motion Picture Association of America balked at certifying a film that openly shows a junky jabbing a syringe full of heroin into his arm. Frank Sinatra took a chance both on playing an addicted musician and at falling flat on his face in a role that required at least twice as much acting as he'd ever done. All in all these gambles paid off, the movie is a classic, though it's not perfect.<br /><br />Nelson Algren's novel may be great, but it has far too much going on to fit comfortably into a two hour movie 'The Man with the Golden Arm' is 119 minutes and often feels much longer. However, in my opinion it's not just Frankie Machine (Sinatra) that makes the film but the other characters and their sub-plots, all involving Frankie. Ultimately it's not just Frankie who has the addiction, everyone and everything seems to be dependent on him and he feels it keenly. When the pressure gets to be too much the drums start pounding on the soundtrack and Frankie steps across the street with his well-dressed ""friend"" Louie.<br /><br />It's an exaggeration to say that Frank Sinatra's music career was ever really in the doldrums, but in the early 50's he was in limbo between his days touring with big bands and the Las Vegas era. 'From Here to Eternity' established him as a serious actor and his career as a singer rebounded as well, but 'The Man with the Golden Arm' was still a significant challenge, the whole show sinks or swims with his performance. He pulls it off with such skill that for several minutes at a time I forgot I was watching Frank Sinatra, he must have known junky musicians and exploited that knowledge to the utmost.<br /><br />Set side by side with Billy Wilder's masterpiece 'The Lost Weekend' there is more emphasis on the sociological causes of addiction in 'The Man with the Golden Arm.' Whereas Don Birnem (Ray Milland in 'The Lost Weekend') seems to struggle mostly against himself, Frankie Machine is beset by external forces and he takes refuge in the needle. Neither approach is wholly right or wrong, mostly because addiction is impossible to fully explain, but it seems like this film might have benefited from a little more insight into Frankie's internal struggle.<br /><br />*** Spoiler *** One of the problems I have with this film is the clichéd reliance on ""quitting cold turkey."" I realize that 'The Man with the Golden Arm' was probably setting the trend rather than following it but that doesn't make it any better. In the beginning of the movie Frankie has to all appearances kicked his habit with the help of a doctor and a treatment facility of some sort. Naturally the drama of the film requires that he backslide, but I found the All-American ideal that a man has to face his problems alone (or maybe with the help of a good woman) out of place here. Going cold turkey and riding off into the sunset with Kim Novak seemed too unrealistic. The end of 'The Lost Weekend' was similar but in my opinion was a little less rosy.",positive
"THE ATTIC starts off well. The somewhat dreary story is helped greatly by the two main actors and there's a semblance of a character study going on here but the film goes downhill fast when Carrie Snodgress' character buys a monkey. Not one of those cute little monkeys. She buys a real big chimpanzee!!!<br /><br />This sudden plot device basically kills the movie. It's just not conceivable for a woman like the one Snodgress plays, who has a hard time doing anything because of her domineering father, for her to, out of the blue, buy a chimpanzee. I mean, come on! Forget about it!",negative
"This should be re-named ""Everybody Loves Sebastian"". The 1983 rural go-nowhere town high school junior (or senior? - they seemed to flip flop on that one) with weird hair and ""Leo-like"" good looks has a big plate full of issues. His step-dad announces definite plans to have a sex-change operation, upon which his mom calls the marriage quits; Sebastian is called the ""f"" word by everyone and their mother, all-the-while ""kissing around"" with various girls, getting high on Ready-Whip at a supermarket, and saving a ""strawberry"" prostitute from the clutches of her ruthless pimp.<br /><br />Sebastian's ""buddies"" make Eddie Haskal look like a choir boy; bad association doesn't get much worse. Sebastian seems to go for ""Harold's"" suicide attempts record (although he won't admit suicidal tendanccies). For no apparent reason the genius level SAT scoring Sebastian MUST graduate a year early, although he has no clue about the future, nor does he want to attend college (what gives with this nonsense?).<br /><br />This film is a look into a few weeks in the life of someone who is PRETTY MESSED UP. The final scene suggests that things will be alright, although the HOW is left entirely up to the viewer.<br /><br />The makers of this film seem to bank solely on the undisputed appeal of the very attractive male lead. The ""story"" leaves a lot to be desired. Looking for ""what will this gorgeous kid do next...?"" doesn't exactly satisfy. The lackluster production values just don't measure up to other films, independent or otherwise. A low budget and weak story need more than a pretty face to carry it through. The ""results"" of this project are forgettable and an insult to intelligent cinema fans.",negative
"I saw this Australian film about 10 years ago and have never forgotten it. The movie shows the horror of war in a way that Hollywood usually glosses over. The relationship between the soldiers of the two warring countries is highlighted by the differences in culture and the ultimate knowledge that in the end we are all really not different on the inside. If you can find any type of copy of this--buy or rent it. You won't be disappointed, just awed.",positive
"If this movie was about a fictional character, the movie could stand on its own and be judged objectively. Unfortunately for the viewer, the movie is based on ""facts"" that are shaded very unfairly toward Ruben Carter. Many of the smaller facts were disregarded (Carter was NOT number one contender at the time of the murders, there is no proof at all that he saved a friend from a child molester in his youth), but some of the larger facts, like apparently being robbed of a decision to Joey Giardello because of ""racist"" judges, is inexcusable to those of us who have seen the fight on tape, and completely disrespectful to Giardello. Why Hollywood feels the need to make a hero out of someone who, at best, was in trouble and around trouble much more than any normal person should be (was arrested multiple times for beating women) is strange to me. Ruben Carter was never, by viewing his actions in the 60's and even now, when he refuses to speak to his son, a person that people can look up to. Everyone knows that Jewison can direct, and Washington can act, but why they chose this story as their vehicle is beyond me. Is Hollywood so much in need of a black hero that they need to bend the truth in all of their bio pics to make them believable? (Heres a suggestion How about Denzel playing a movie about himself? Now thats inspirational) Based on all of the inaccuracies in the movie, I would suggest passing on this one.",negative
"...un-funny and un-entertaining, possibly the worst movie I have ever had the misfortune to watch. Think 'Ernest goes to..' humour done even worse. Myself and my girlfriend sat through it just to see if it could be as consistently dire as it seems in the opening sequence... Yes it is. Avoid at all costs.",negative
"Even though it has one of the standard ""Revenge Price Plots,"" this film is my favorite of Vincent Price's work. Gallico has that quality that is missing in so many horror film characters- likeability. When you watch it, you feel for him, you feel his frustration, the injustices against him, and you cheer him on when he goes for vengeance, even though he frightens you a little with his original fury. As the film goes on, his character becomes tragic. He's committed his murder, but now he must kill to cover that up. And again to cover that one up. And again... your stomach sinks with his soul as it goes down its spiral- like watching a beloved brother turn into a hood. Even if the revenge story is of old, the plot devices themselves are original- Gallico uses his tricks to kill in more and more inventive ways. A shame this one isn't available for home veiwing.",positive
"Now I love Bela Lugosi,don't get me wrong,he is one of the most interesting people to ever make a movie but he certainly did his share of clunkers.This is just another one of those.<br /><br />Lugosi plays Dr.Lorenz,a doctor who has had his medical license pulled for unexplained reasons.He is however doing experiments to keep his wife young and beautiful.It's revealed that she is 70-80 years old yet Lugosi looks to be in his mid 50's so why he is married to this old woman is never really explained.<br /><br />Anyway these treatments or experiments involved giving brides who are at the altar being married some sort of sweet smelling substance whereby they pass out but are thought to be dead.Then Lugosi and some of his assistants steal the body on its way to the morgue and take it back to his lab where it's kept in some sort of suspended animation or catatonic state.Then the stolen brides have a needle rammed somewhere in their bodies,maybe the neck,and then the needle is rammed into the body of Lugosi's wife to bring her back to youth and beauty.We never really see where Lugosi sticks the needle or what it is that he draws out of the brides but it somehow restores his wife .Apparently old age makes you scream with pain because Lugosi's wife does a lot of screaming until she gets back to her younger state.Helping Lugosi in his lab is the only good thing about this movie....a weird old hag and her two deformed sons....one son is a big lumpy looking slow acting fellow who likes to fondle the snoozing brides and the other son is a mean little dwarf....little person, to be politically correct in today's world.At night these three just sort of pile up and sleep in Lugosi's dreary downstairs lab.Who these 3 are and how they came to be Lugosi's scared assistants is,like a lot of stuff in this film, never explained.<br /><br />So anyway a female reporter is given the assignment by her gruff editor to find out where all the stolen brides are going to.She quickly figures out that the one common thing among all the stolen brides is a rare orchid that is found on them.So she asks around and is told that there is a world renowned orchid expert living nearby who just happens to be the one who developed this particular orchid.This expert turns out to be creepy Dr.Lorenz.She quickly tracks him down and upsets his little house of horrors.I'm not sure where the police were during all this but they came in to mop up after the reporter had done all the dirty work.<br /><br />It seems that Lugosi's movies always had some sort of unnecessary silly plot line that just made the whole thing stink to high heavens.I mean a world famous orchid expert kidnaps brides by sending them a doped up orchid he himself is known to have developed? D'OH!<br /><br />And then later it's revealed that the young ladies don't even have to be brides for the procedure to work so why would Lugosi keep kidnapping brides from heavily guarded churches for his experiments and create all the attention and newspaper headlines? Why not just grab a prostitute off the street like a normal weirdo pervert would do? This clunker reminded me a lot of another Lugosi stinker,""The Devil Bat""....same silly plot lines and bad acting and same silly 'reporter gets bad guy' deal.<br /><br />But Lugosi is always good--he is creepy and sinister enough to keep you interested at least enough to keep watching him.The woman playing the reporter was just a terrible actor....she had no emotion whatsoever,she just delivered her lines like a machine gun ,spewing them out as quickly as she could.Everyone else pretty much blew too,when it came to being good actors.<br /><br />But this thing is watchable ,if only for Bela Lugosi fans.Lugosi was always so intense even when the picture was a dog.He must have known he was doing terrible pictures but maybe he also knew that if he gave it everything he had a little of that intensity might shine through past all the bad plots and bad acting which surrounded him.<br /><br />And he was right----we horror fans will always have a love for Bela Lugosi.He gave it his all every time he was in front of the camera.We do give two f**ks for you,Bela.",negative
"A gritty presentation of the decay of family values and human dignity in the wake of Soviet communism, Vasili Pichul's 1988 film Little Vera is a landmark film of modern Russian cinema. Pichul's brutal drama marks a strong departure from the images of sanitized idealism promoted in Soviet times (as in Aleksandrov's Circus), brashly moving the social chaos of his time into the public spotlight. A contemporary Ukrainian setting further intensifies the effect, first by the immediacy of the film to its time period, second by its utilization of a locale not only struggling for identity in lieu of a Soviet system, but also as a nation distinct from the Russian idiom that had dominated the U.S.S.R.<br /><br />Vera, the film's title character and protagonist, is a rebellious adolescent girl with a ""dysfunctional"" family including a hard-drinking father and a mother care-worn. Rejecting her would-be beau Andrei, Vera begins a destructive (and primarily sexual) relationship with a college student named Sergei. Despite her parents' dislike for the lazy Sergei, and despite Sergei's rude contempt for her parents, he moves into their cramped apartment. Tensions escalate until Vera's father drunkenly stabs Sergei. Vera must decide if she will stay loyal to her intolerable family by testifying her father acted in self-defense, or continue to support and defend the ever-detached Sergei. <br /><br />Unbearable in almost every imaginable way, Little Vera masterfully captures and communicates the inescapable void left in social life after the collapse of communism. The sexual aggressiveness of the film (it was the first film to show explicit sex) combined with the unrelenting presentation of social reality (a marked distinction from the socialist realism demanded by Stalin) effectively confronted the conditions of former-Soviet life. Most interesting, however, was public reception. While many wrote hate mail to the director and star, the film was wildly popular. Here the double-edged nature of ""film as social criticism"" emerges: if done correctly, the film will make the audience uncomfortable. Because no easy solution presents itself, some viewers will hate the film and filmmakers for ""bringing up"" the issue. Many films come to mind as somewhat comparable in this regard: Larry Clark's Kids, Harmony Korine's Gummo, even popular movie's such as John Hughes' Breakfast Club. <br /><br />I recommend this film to those viewers for whom the prospect of nearly two hours excruciating domestic conflict and social miasma is not overly daunting. The film is absolutely beautiful, and incredibly challenging. Despite the difficulties of watching the film, some moments within it are profoundly beautiful. Of course, the socio-historic and cultural significance of the film cannot be overlooked, and in fact operate as an even more assertive reason for watching this film.",positive
"This has to be some of the worst direction I've seen. The close-up can be a very powerful shot, but when every scene consists of nothing but close-ups, it loses all its impact. <br /><br />Tony Scott has some very beautiful scenery to work with, the backdrops of Mexico, the cantinas, the beautiful estate where Anthony Quinn lives, and the dusty towns Costner rolls through on his journey for revenge. Unfortunately we only catch quick glimpses of these places before the camera cuts to a picture of a big, giant head. Even the transition scenes where Costner is driving alone across Mexico quickly cut to a close-up. <br /><br />The score is over-dramatic and intrusive, dictating every emotion we should feel. The story itself should have been handled much better. Among other things, too many people pop up out of nowhere to help Costner along - it's just bad writing. <br /><br />It's a typical thriller storyline, but many others have taken the same premise and done outstanding things with it. Costner's No Way Out had a somewhat similar storyline, but it was a much better movie. <br /><br />The ending was completely anticlimactic and suffered from the most melodramatic scoring of the film. This movie was never going to be great, but if we saw more of Mexico and less of giant heads this film might have been watchable.",negative
"OK, Chuck Norris has shown up in many an entertaining movie over the years. This is not one of them. I won't even bother trying to get into the plot about a Bible shipment gone wrong. The ""acting"" of the main characters is so wood like, Pinocchio would have done a better job! The synthesizer based soundtrack is even worse than the one in Deathstalker. Whereas traditionally low budget spooky movies are often trying to catch their audience by adding plenty of graphic violence, this one is trying to catch an audience by throwing religious mambo jumbo at the spectator. The plot boils down to different versions of the Bible.",negative
"1 out of 10.<br /><br />This is the kind of movie that you cant believe you just wasted 2 hours of your life as you see the credits role. I honestly think I could make a better Vampire movie.... and I know nothing. The only thing that does not just suck (harder than a Vampire) is Jason Scott Lee.... his character is at least a little bit cool, has some mystery, and kicks a little butt.",negative
"I don't know how to describe this movie. It's definitely one of the weirdest movies I've seen in a long time. It is very unsettling at times but also boring in other places. The scenes of dental torture are very elaborate and may attract anyone who's into gore & splatter. I found myself holding my teeth during some of the aforementioned scenes. The clever thing about the movie is that it plays with our fears and The Dentist is therefore quite unsettling.<br /><br />The humor of the film is somehow hidden and may not be recognized by everyone. But if you're a fan of weird and strange entertainment and teeth getting drilled to dust this is just the film you were looking for.<br /><br />If you read the comment and feel somehow attracted by this kind of entertainment, give it a try!<br /><br />My rating: 4/10 (maybe a little too weird for my taste)",negative
"I don't need to say much about how good this documentary is--it's truly an amazing piece of true narrative. The story is simple enough: a white senior citizen tourist is murdered by a young black man in Florida, and the boy who is arrested is mistreated and put on trial with only the public defender and his family on his side. It's very enthralling, and the public defender is a joy to watch in all his human ways--you can't help but pull for the triumph of justice, and the ending fulfills more than could be expected of a true story.<br /><br />It's a shame more people haven't seen this documentary, but hopefully you will find a way to watch it. For those interested in race relations in the United States, and the actual workings of law enforcement and the legal process, it's well worth your time and effort to find this documentary. I give it a 10.",positive
"For that matter one of the worst FILMS ever made. Plot goes as follows. Slog through jungle looking areas for 10 minutes or so. Have Bo go somewhere and strip. Slog through the jungle some more. Give Bo another excuse to strip. Back to the jungle. Oh look! There's a Tarzan looking guy! Strip, Bo - strip. Kill the safari people. Tarzan looking guy has a fight scene. Saves Bo. Bo strips. Run credits. Run credits, run.",negative
"This film is a brilliant retelling of Shakespeare's classic love story, complete with ""kinky sex, body piercing, and dismemberment"". It does follow the same spirit as all the other Troma movies [except Combat Shock...That sucker was depressing] but it's not only for Troma fans. Anybody who appreciates lowbrow visuals and a hilarious script will without a doubt fall in love with this movie.<br /><br />Don't expect pretentious, artistic-wannabe crap like the version of R&J with Claire Danes and Leo DiCaprio; this one knows its a silly movie and draws its humor from that. The acting is also surprisingly good, and you can just feel Sammy Capulet's pain as he tries to put his brain back into his head.<br /><br />The soundtrack, which contains many original and high-energy bands like The Wesley Willis Fiasco, Supernova, and The Meatmen is also four-star. This movie should be viewed by all, because it remains faithful to the original story while still being jam-packed with Troma's trademark gore/sex humor.",positive
"This is the epitome of bad 80's film-making, unless you are a pre-pubescent girl. Riding on a big name like madonna, a story line that physically assaults one's intelligence and humour that is most suited for a nursery school. If there was ever any doubt i think this turd of a movie clearly displays Madonna's absolute lack of acting talent and made me feel highly embarrassed on her behalf. The only thing i can't believe is that they ever let the director near another movie again. Madonna spends most of the movie prancing around like an infantile rag doll, and talking like a baby. It is painfully obvious that the only reason this movie was ever made was due to the fact that Madonna was a big name in pop music at the time. DO NOT BE DUPED INTO SEEING THIS AWFUL ATTEMPT TO CASH IN ON POP STARDOM. Stay away at all costs!",negative
"Moonwalker is probably not the film to watch if you're not a Michael Jackson fan. I'm a big fan and enjoyed the majority of the film, the ending wasn't fantastic but the first 50 or so minutes were - if you're a fan.<br /><br />I personally believe the first 50 minutes are re-watchable many times over. The dancing in each video is breathtaking, the music fantastic to listen to and the dialogue entertaining.<br /><br />It includes many of his finest videos from Bad and snippets from his earlier videos. It also includes some live concert footage.<br /><br />If you're a big fan of Michael Jackson this is a must, if you're not a fan/don't like Michael Jackson, steer well clear.<br /><br />9/10",positive
"Hey what do you expect form a very low budget movie!?!? Although I haven't seen ""Dahmer"" (2002) I can say that following what the media put out about Jeff this is a pretty accurate depiction. I have studied the Jeffrey Dahmer case and learned all I can about this man. This is a low budget movie but it shows the mentality of a serial killer. If you can get past gore and see what the underlying story of a sick mind. I loved this movie! Just brace yourself for low budget and no blood. Its a story as seen through the eyes of a killer and his actions and thoughts from childhood up through his arrest. My favorite line is : ""If they had bothered to look in the back seat it might have saved a lot of lives"" Enjoy!",positive
"Just got around to seeing Monster Man yesterday. It had been a long wait and after lots of anticipation and build up, I'm glad to say that it came through and met my expectations on every level. True, you really can't expect too much from hearing the plot rundown, but after reading some of the reviews for it, I was ecstatic. I mean, what trash fan wouldn't want to see a gore flick about a deranged inbred hick mowing people down with his make-shift monster truck? I went in expecting a cross between Road Trip and The Hills Have Eyes and got so much more. This was a horror comedy that actually worked. The film makers got it right when it came to making you squirm and making you howl with laughter at the same time. Kudos to Michael Davis for going all out with the gore and pushing the envelope with the sickass humor. Let me list just a few reasons why I love this movie so much: First off is the story. It's been done to death in so many other flicks. A college guy gets wind that his childhood crush is getting married. He, being the 25 year old virgin that he is, hops in his Vista Cruiser and decides to take the road trip to confess his love, hoping that she will fall head over hills and all that good jive. Hidden in the backseat of his station wagon, is good buddy Harley. Harley is the loudmouth, former friend, who laughs and talks just like Jack Black in High Fidelity. You can't help but like the guy, but if he was your friend in real life, you'd have to keep a whiffle ball bat handy(laugh all you want, but have you ever been hit with one?) to keep him in check. So, he's a little on the obnoxious side, to say the least, but you can tell that he's a loyal friend, deep down...Anyway, they're on the road and when they stop in a bar, they aggravate the locals. Now they're being stalked by a leatherface clone in a monster truck. That's it. Yeah, along the way they pick up a gorgeous hitchhiker but I'm too lazy and hungover to go into that right now... so just watch the damn movie.<br /><br />Second thing I love was the humor. This one had some of the sickest laughs of any movie since Cabin Fever. Just how messed up is it? Well, I won't even go into the whole cat scene and as for the ""corpse burrito"" thing, I'll leave that to your virgin eyes as well. The bar full of amputees was somewhat disturbing and that guy who looked like John Turturro bothered me too. Harley, although a totally obnoxious frat-boy type, can really sling off the one liners. Love the clogs, by the way. I need a new pair..<br /><br />The GORE. This one pours it on heavy. While the first hour plays out as a demented road comedy, the last third is all about blood and guts. If the movie hadn't kept such a light tone throughout, it would have been a little disturbing, but seeing how it was all played for laughs, there is no way possible that you will be bothered by it. If you're still in your seat by the time it comes, you'll probably see the humor in it too, but seriously, there were buckets and buckets of the red stuff. There was a big plot turn that I DIDN'T see coming and when the credits rolled, I was completely satisfied. I had gotten exactly what I came for and I'm really glad that I bought it. Much like Cabin Fever, it's going to get a lot of replay.<br /><br />The Look of the movie was outstanding. There was this deliberately cheap look that made the whole thing scream late 80s and I loved the exaggerated colors. It's obvious that Monster Man was done on a relatively low budget, but much like Cabin Fever (sorry I keep comparing the two) it actually works in the movie's favor. Cabin Fever was an ode to the 70s greats, this was the 80s answer to that. So take that for what it's worth. No CGI here. This is what we all needed. I'm not exactly sure why it didn't get a theatrical release because this is everything that Jeepers Creepers SHOULD have been. Thank god for Lions Gate.",positive
"I tend to get furious when hearing about Lucio Fulci's reputation as a director. Too often he's categorized as a no-talented filmmaker, only out to shock and disgust entire audiences with images of pure gore. True, his films contain more explicit filth and sickness as your average mainstream American production, but his films always are of wide range and the plots are gruesomely morbid. Don't Torture a Duckling is yet another story! This film is a pure gem of the Italian shock cinema! I easily dare to call this film a masterpieceit's an old-fashioned giallo that includes all brilliant aspects of genuine horror. The film shows the search for a inhuman serial murderer in a small Italian mountain-town. The bodies of 3 young boys are found, horribly mutilated. There are quite a lot of pseudo-madmen in the town but every trail leads to nowhere. Among the suspects are a greedy bum and a scary woman, obsessed by witchery and voodoo. Like a true mastermind, Fulci knows to find the right creepy tone for his film. He portrays the small town as a claustrophobic and inescapable setting of macabre happenings, supported by a giddy soundtrack. Fulci also develops himself as a genius storyteller here. The script always is one step ahead of you and the complex plot will mislead you more than once. In other words, this is a unique giallo (horror slash murder mystery). The gore isn't presented as grotesque and explicit as in Lucio's later milestones (among them are the legendary Zombie 2, The Beyond and the New York Ripper), although there still are a few nauseating and hard-to-watch shock-sequences shown. <br /><br />Don't torture a Duckling is the most compelling and effective achievement Lucio Fulci ever brought forward and it easily ranks among the greatest Italian horror movies ever made. Right next to the masterpieces made by Mario Bava and Dario Argento. The film is fascinating from start to finish, some plot aspects are alarmingly realistic and the tension is adrenalin-rushing at all times! A must see for horror fans and an absolute priority for Italian shock-lovers!",positive
"This movie is up there with the all-time classics. The music, camera shots, and acting are excellent. Showing the movie in black and white gave it a much better appearance and complemented the music perfectly, like Psycho. Its surprising how so few people have commented on this movie. My guess is that its a hard movie to find. I gave the film a 9. See the movie and you'll know what I'm talking about.",positive
"This is one of those movies I watched, and wondered, why did I watch it? What did I find so interesting about it? Being a truck driver myself, I didn't find it very realistic. No, I've never used a 'lot lizard', nor have I ever seen, nor heard about one traveling around the country in a brand new seventy thousand dollar RV, either.<br /><br />Same thing about a pimp whom has never sampled the lady in question (until the end of the movie, and well, he still really didn't...), and only getting 50 bucks 'a cut', when the prostitute gets $200.00 (well, $150.00 after his cut, yeah...).<br /><br />I still laugh at the lot lizard comment Ivey made (them's Lot Lizards, they'll screw anything with 20 bucks, and some are men dressed as woman... or something equally as weird), meaning, we're better then them, as we may still be prostitutes, but we get paid BETTER.<br /><br />Other then that, it's just a story of a young woman whom wanted something more from life then a dead end job while living at home (she's 18, remember?) and embarrassed by her mother basically doing the same thing (dead end job). At least she had a roof over her head and a job. She turned FIVE tricks on the road... I wonder if the $750.00 she made was worth it? I'd guess not.",negative
"When I was 11, Grease 2 was like crack. It was a classless, shameful, euphoric, and powerfully addictive experience. My sister and I would watch it, rewind it, and watch it over again and again and again until we passed out or became too confused and hostile to stand one another. So, if you are an 11-year old girl, and you reviewed this film as ""brilliant"" or ""fun"" or ""better than the original Grease,"" you have your fledgling adolescent hormones to blame and you can rest assured that this unyielding fixation with utter rubbish will pass.<br /><br />If, however, you are not a little girl, you have absolutely no excuse to suggest that Grease 2 was anything but an inane, artless, slipshod embarrassment for all who participated in its production, distribution, and/or consumption.<br /><br />For the sake of criticism, I will dignify the film now by explaining why it blows <br /><br />1. In a well-executed musical, the songs should advance the narrative or develop the characters. In Grease 2, with a few debatable exceptions, to the music is obscenely pointless. Most of the songs appear to relate gimped innuendo about sex in an excessive and general way (""Score Tonight,"" ""Reproduction,"" ""Do It For Our Country,"" and ""Prowlin'"") without making one concrete statement about any of the film's characters or themes. Plus, all of the music is uncomfortably stupid and no one in the cast demonstrates even the crudest semblance of an ability to sing or dance.<br /><br />2. The T-birds should be badass, and if not at least somewhat likable, but instead each of them is an annoying wussy-dufus-loser. In the end, when Johnny Nogerelli offers Michael the sacred T-bird jacket and initiates him into the gang, Michael should kick it to the ground, spit on it, and duck away to fervently scrub any part of his body that was touched by it. But of course, he accepts it as if it is gold because despite the fact that they are a bunch of bumbling meatheads, there is no greater honor than to be one with the T-birds. <br /><br />3. Since Michael is beautiful, smart, kind, resourceful, and above average in everyway (his musical impotence notwithstanding), it is feasible that Stephanie would ultimately embrace him when he reveals himself to be the man behind the mask. Stephanie, on the other hand, is a slovenly, slack-jawed, bubble gum smacking, dirty sweatshirt wearing, gracelessly rude and trashy dingbat. So aside from being pretty (I guess), she harbors no likable characteristics, thus, audiences are given no justification whatsoever for the depth of Michael's attraction to her.<br /><br />I could go on and on, but I didn't want to mention the gross inferiority to its predecessor since there are apparently so many cranks out there who seem to feel that such a comparison is unfair. I will say this though, to those of you who think you want to revisit this mess for old time's sake: Grease 2 is an experience akin to re-living your first kiss. Only you are 32 now and kissing a snot-nosed 13-year old kid with acne and slobby braces. The magic is gone and you are left feeling dirty and disturbed. Trust me.",negative
"It's funny... one day before i have seen this movie i had been watching a documentary about Leni Riefenstahl, so comparison kind of came automatically... of course there isn't any :)<br /><br /> This movie is weak in every aspect... acting is not convincing (especially the one who plays Simona...) and unnatural..., editing in confused and always leaves a taste of unfinished shot, music doesn't fit, the story doesn't flow, it gets boring and the movie comes out much longer as it is... oh, and the characters aren't very well shown, you actually can't tell much about the girls (except what you see)... The movie also tries to shock with explicit cursing (which is very laughable :)<br /><br />So... 2/10",negative
"This movie had it all,action,comedy,heroics,and best of all some of the finest actors.Gunga Din will remain a classic to be enjoyed by all who like good movies.Excellent picture,i have it in my collection.",positive
"Neatly skipping over everything from the coup in Cuba to his undercover entry into Bolivia, part two of Soderbergh's portrayal of Che Guevara is that of the tragic hero. As with Che  Part One, this rather rambling guerrilla warfare escapade through the colourful mountains of Bolivia is probably destined to disappoint more people than it will satisfy, so why was the film (and particularly Benicio Del Toro's performance) so loudly praised at Cannes?<br /><br />James Rocchi, for instance, called it, a work of art that's, ""not just the story of a revolutionary,"" but, ""a revolution in and of itself."" The Guardian's Peter Bradshaw called it a ""flawed masterpiece."" I return to my original contention for Part One  that the value lies particularly in depiction of a hero figure. And in an age when there is a surfeit of poor hero role-models, could it not be salutary to see a strongly honourable one, even if stripped of some of the less endearing episodes of his life? This is the psychological hero enshrined by the great Scottish essayist, Thomas Carlyle, in his seminal book, Heroes and Hero Worship. Heroes can be real or imaginary (or somewhere in-between). But should genuinely inspire us to higher goals, a higher purpose. Compare this with the unrealistic 'heroes' of standard Western storytelling: where a person undergoes trials and tribulations before obtaining a barely-believable reward  usually everlasting love or material wealth  as if by divine studio intervention. Real heroes have an excess of moral courage  not Lost Ark dare-devilishness or James Bond super-toys. They rise, and empower others to rise, to be the best that they can be. In Part One, Che succeeds. In Part Two, he fails. It is not for want of moral courage but since a) not all good plans can succeed and b) being human, mistakes are inevitable.<br /><br />Guevara's intellectual clarity is flawed when he equates conditions that justify armed struggle with conditions that make that armed struggle able to succeed. It is a serious miscalculation.<br /><br />High in the mountains from La Paz, the colours are breathtaking. There is an air of mise-en-scene authenticity that was occasionally lacking in Che - Part One (The U.S. would not allow Soderbergh to film in Cuba.) Visual treats are heightened by maximising natural light and the extreme flexibility and realism offered with groundbreaking RED cameras. This is a high performance digital cine camera with the quality of 35mm film and the convenience of pure digital. Designed for flexibility and functionality, the package weighs a mere 9 lbs. ""Shooting with RED is like hearing the Beatles for the first time,"" says Soderbergh. ""RED sees the way I see . . . so organic, so beautifully attuned to that most natural of phenomena  light."" If Che had stopped with the successful Cuban revolution it would have enshrouded him with an almost mystical invincibility. That he fails in Bolivia shows not only that he has human limitations but that it is his moral virtues that are remembered, not the political triumph. Critics will say  and with some justification - that his armed struggle inspired much less noble characters to achieve tin-pot dictatorships. His development of guerrilla fighting tactics are not good or bad in themselves (and have since been used for both).<br /><br />But for all its praiseworthiness, the film often seems to lack dramatic and narrative tension. We stumble from one escapade to another, knowing that he will eventually meet his death. I found myself glancing at my watch and thinking it could have been shorter. But the work that has gone into this  interviews with people from all sides and even getting one of Guevara's ex-comrades to coach actors on the minutiae of the Bolivian operations  make the film a commendable achievement. It might not be top-flight entertainment, but it demonstrates integrity in documenting a significant slice of history.<br /><br />There is also another very important point in the Che 'hero' figure here. It's about failure. That if you try your utmost, even if you fail, your effort will not have been in vain because it may give others hope and moral courage. One could cynically call it a 'martyr' complex, and it is found, of course, in many religious figures as well. But Che does not 'sacrifice' himself. He does what he does best, to the best of his not inconsiderate ability, and so provides an example. Success or failure in any particular instance become mere details.<br /><br />With the U.S.'s longstanding and illegal blockade of Cuba (all in the name of 'freedom'), I am tempted to write that Che Parts 1 & 2 are too good to be wasted on the U.S. But that would be to invite a contention that the film has sought so earnestly to avoid. One must hope that many viewers will have the skill to view Che without politics and the bias that inevitably engenders. Whatever its faults, it rehabilitates Soderbergh from the populist nonsense of Oceans 11.<br /><br />But if you haven't heard of Che Guevara or seen Part One, or if you can't get past the phrase 'murderous Marxist' without frothing at the mouth, I might struggle to imagine what you would get from this film. The same can be said for many who have, and can.",positive
"Low budget, mostly no name actors. . . this is what a campy horror flick is supposed to be all about. These are the types of movies that kept me on the edge of my seat as a kid staying up too late to watch cable. If you liked the 80's horror scene this is the movie for you.",positive
"THE WATERDANCE (1991) The main character of The Waterdance, played by Eric Stoltz, finds himself in a rehab center with some others similarly injured. And there he must face an harsh new life, confined to a wheelchair. It's an interesting, and promising premise, but unfortunately, it fails to deploy. What ensues instead is largely Hollywood schmaltz, with some interesting moments. Certainly the cast (Eric Stoltz, William Forsythe, Wesley Snipes, et al) is brilliant, and perform well here as one would expect, but their talents are wasted. The characters are mainly stereotypes of one kind or another, and most of them are thoroughly unlikeable (the Snipes character being the exception). I suppose this is some kind of attempt to break through people's ideas about the handicapped being ""crippled"" or ""weak"", by depicting them, for the most part, as in-your-face pricks, but it makes for an entirely annoying experience. Admittedly it will show you something of what those with permanent disabilities go through, in a way that is not softened or romanticized, which is useful, and a good idea, but while the process being depicted can make one a difficult person to get along with, and that's worth dealing with, it is not part and parcel to that that these characters must be, to varying degrees, despicable. They wouldn't have to be Disneyfied, either; surely there's a middle ground somewhere. By the film's conclusion, the Eric Stoltz character has come to accept his status as a handicapped person, but since he is such a flaming narcissistic monster from the beginning of the film to the end, we couldn't care less. <br /><br />In addition to its character problems, the film suffers from that weird syndrome that so many Hollywood movies suffer from; the syndrome doesn't really have an official name, but you might call it ""Inexplicable Forgiveness Syndrome"". It goes something like this: characters abuse the crap out of each other, and then without so much as an apology, all is forgiven (an especially obnoxious example of this is in the movie The Breakfast Club, in which one character spends most of the film verbally bullying everybody within earshot; as a resultthey love him. In one of the the latest examples, Spiderman 3, supervillain The Sandman lays waste to a chunk of Manhattan, then wails on Spiderman for what seems like about 15 monotonous minutes before being waved off with what amounts to ""bye, now""). The most egregious example of IFS in The Waterdance is a sequence in which, after being called the n-word by William Forsythe's racist biker character and his friends in the previous scene, the Wesley Snipes character whoops it up with the same Forsythe character in the next scene, as if nothing had just happened just a short time hence. Again, without so much as an ""Oh yeah, sorry about that business back there where I, you know, called you the n-word"". It makes me wonder, do these people actually watch these movies before they release them, or do they just film them with their eyes closed, kind of slap them together in the editing room according to scene number, and call it a day's work?",negative
"After seeing Forever Hollywood, it would be natural to want to see a John Waters film. At least, one get to say that they have joined the legions of cinema cognoscenti who have experienced the unique cinematic stylings of perhaps the best known non-mainstream director. It's worth the effort, and PF is a lot better than Eraserhead,and there is a certain campiness about his films which his followers find addicting.",negative
"I am usually a big fan of Pacino (Scarface, Serpico, Devils advocate) but since Scent of a woman he pretty much plays the same role and shouts a lot. This movie had no endearing characters to warm to. Brandon played by Bongo McConnahey is the least likable of the bunch. He nowhere even approached a real human being. Pacino was hopelessly unlikeable and my goodness how old is Renee Russo? The only high light of this wretched mess was the hot hooker with the perfect lipstick and she has like 10 lines total. Even the usually reliable Jeremy Piven was utterly unlikeable.<br /><br />Note to writers of movies, they do not usually work unless one of the main characters is at least a bit likable (noteable exception Scarface). As the movie closes and old Brandon is at the airport my only thought was, please let a plane crash into the airport and kill Brandon.",negative
"In Frank Sinatra's first three films, he was purely a speciality act: ostensibly playing himself, he merely shows up to croon a song during a nightclub sequence in somebody else's movie. In his fourth film, the very enjoyable 'Higher and Higher', Young Blue Eyes transitions into an acting career by playing an actual role ... a task made easier because he's playing himself in a fictional story that gives him a chance to croon a few numbers.<br /><br />Sinatra's entrance is quite funny. Michele Morgan hears a knock at the door, and asks who's there. From outside, a Hoboken-toned voice answers 'Frank Sinatra'. Sure enough...<br /><br />The opening credits of 'Higher and Higher' may confuse some viewers, as the names of songwriters Rodgers and Hart are prominently displayed. In fact, they only contributed one song to this musical: 'Disgustingly Rich', which this cast manage to toss off as a sort of intro to an entirely different song, 'I'm a Debutante'. Interestingly, that Rodgers & Hart song -- one of their weakest -- is perhaps the least enjoyable song in this movie's score; several others are lively up-tempo numbers, notably 'It's a Most Important Affair', 'When It Comes to Love, You're On Your Own' and 'I Saw You First'.<br /><br />Sinatra's good in this movie, but he would do better work (and sing better material) elsewhere. The real merits of 'Higher and Higher' are the delightful turns by some performers who rarely made films. Paul and Grace Hartman were an extremely popular husband-wife dance team who starred in several Broadway revues: genuinely graceful ballroom dancers, they put plenty of physical comedy into their dance material. (Here, Grace does a high kick that knocks a shoe out of Paul's hands.) Grace Hartman, who died of cancer at age 48, did almost no film work, so it's a real pleasure that this film gives us a rare chance to see her close-up, to hear her beautiful singing voice and to notice how sexy she looks in her maid's uniform. After Grace Hartman's death, her husband had a long career as a character actor, just occasionally dancing solo. (Or alongside Ken Berry in one memorable episode of 'Mayberry RFD'.)<br /><br />Also quite attractive in a maid's uniform here in 'Higher and Higher' is the vivacious teenage singer Marcy McGuire. Why didn't this talented girl make more movies? Perhaps she was just a bit too similar in personality to Betty Hutton. I enjoy Hutton's performances but I like Marcy McGuire even better. Near the end of 'Higher and Higher' there's an amusing bit of physical business featuring McGuire and Mary Wickes as waitresses, taking it in turns to move from table to table in a nightclub. The alternating strides of short McGuire and tall gawky Wickes are hilarious! Regrettably, although Leon Errol plays a large role in 'Higher and Higher', he is given almost no comedy business: not once does he do his famous rubber-legged dance. Jack Haley, despite his prominent billing, is also wasted.<br /><br />Very well-represented here is Dooley Wilson, inevitably remembered as Sam from 'Casablanca'. In that film, Wilson did his own singing but faked his keyboard performance of 'As Time Goes By'. (In real life, Wilson couldn't play piano.) Here in 'Higher and Higher', he sings pleasingly and gives some amusing reactions to the other players. Less enjoyable is Mel Odious, I mean Mel Torme. Victor Borge gives a rare film performance here, handling his dialogue deftly but never doing any of the keyboard comedy which he later did successfully in his stage shows.<br /><br />The plot? Forget it. 'Higher and Higher' is nobody's idea of a 'great' musical, but it's an enjoyable delight, and I'll rate it 8 out of 10. Director Tim Whelan, who worked in Britain as well as in Hollywood, deserves to be much better known.",positive
"lovely. i just love the movie. i want to see this movie because Rupert Grint is a fantastic actor. his expressions are great, spectacular. the movie was excellent. Julie Walters it was perfect too. I think that Rupert is the only boy with red hair that i love. Rupert have a beautiful smile, a beautiful voice. and a wonderful accent. i think that the movie was great and was great see Rupert in another thing but harry potter. and its a very good actor, so it deserves that and more. he just have a golden globe but probably it deserves an Oscar academy award. there are some actors that do not act very well but have a Oscar anyway. it does not matter. but he is perfect, brilliant and beautiful",positive
"(aka: The Bloodsucker Leads the Dance)<br /><br />Lots of naked babes in this one with a couple of lesbo scenes thrown in. The film is supposed to take place in Ireland but it looks more like Rome and the Adriatic to me.<br /><br />Gothic lesbians get invited to a Count's island castle for the weekend. One by one they seem to be missing their heads due to a madperson running around.<br /><br />It's not very scary or bloody and the rooms look like they are lit with floodlights even though candles are lit. Go figure...(sic)<br /><br />Dubbing is worse than usual and the plot only serves as an excuse for the eroticism and nudity. Directed by euro horror actor Alfredo Rizzo, this is one snoozer.<br /><br />Pretty boring 2 out of 10",negative
"I too saw this movie when it first came out. I was a teenager at the time, and I saw it with my girl friend who later became my wife. I remember the movie made me feel it was possible to beat the odds. The cinematography was very well done if memory serves me correctly. The boy was a little much, but the girl character was very interesting. I thought it was very romantic and that might have been the intro to the first time with my then girlfriend. I have not seen the movie since and I wander why it has gone to the wayside. I would love to watch it again to see if it was as good as I remember. The Elton John sound track was excellent.",positive
"When I go to see movies I would stay up and watch it or if I did not like it, I would go sleep, but this was pure crap, I actually got up and walked out!....This was poorly script and put together, I hated it. Also, they should not have taken Brendan Frasier off, he was much better. This was not as good as I had expected, considering that I really liked George of The Jungle 1, and the graphics weren't as good as the first one, for instance, the bird, and when ever he crashed in a tree. I hope that the director of this takes heed, and next movies he make, he needs to reconsider...horrible! I really would like to give Ursla a job well done, as she made the movie worthwhile (until I walked out)...overall I give this movie a 2 out of 10",negative
"Although there are some snippets in this 4-part documentary hinting at the necessity for recreational drug law reform, these are not very well-developed, in contrast to the many snippets from those who feel that the drugs that happen to currently be illegal are a scourge for which the only imaginable solution is incarceration of even those who are guilty even of mere possession of such drugs.<br /><br />Although this program, as a whole, leaves the viewer with the impression that the drug war is largely a futile exercise and a waste of money, and for that it deserves some praise, almost nothing in this documentary addresses the very real problems that total war against those who merely possess illegal drugs obviously causes and contributes to--very real problems that most drug warriors themselves would tell you, if asked, they think the drug war is designed to solve. For example, while many minutes are spent on the surge in violence associated with the rising popularity of crack cocaine in the 80's, at no point does this program even hint that the very laws designed to suppress crack cocaine make it impossible for drug sellers to enforce their contracts and business arrangements in courts of law, forcing them to resort to violence to stay in business. But instead of seeing the laws as an important cause of the violence, the drugs themselves seem to take the brunt of the blame. Inexplicably, alcohol prohibition, the violence that ensued, and the subsequent reversal of prohibition, is totally ignored by this program.<br /><br />This program will help to perpetuate ridiculous stereotypes of drug users, and it is these that are the primary force in driving the very expensive and very problematic drug war. The possibility of incorporating drugs other than alcohol into a happy and successful life is not really touched on. Use of any drug in excess is probably going to cause personal problems, but not all users do their drugs in excess, just like not all alcohol users are alcoholics.<br /><br />If you want a point of view from someone who believes that adults have a moral right not to be incarcerated and have their lives ruined by the criminal justice system just for using drugs that the government, for mostly very arbitrary political reasons rather than reasons based on sound social policy and legitimate science, has decided to totally prohibit, whose users it has decided to not-so-metaphorically wage war against, just forget about it. None of that is in here.<br /><br />On the other hand, this is hardly in the category of anti-drug propaganda. It is mostly an interesting neutrally-presented history of drugs in 20th century United States like marijuana, LSD, heroin, cocaine, MDMA, and Oxycontin. But there is a significant element of various people's points of view with regard to drug laws, and most (but not all) of that is not very thoughtful or well-informed and slanted in favor of the drug warrior mentality, especially with respect to drugs other than marijuana. <br /><br />The criminal justice system, along with its often harsh life-ruining penalties, is obviously not the only answer or the most appropriate answer to every single social problem, but unfortunately there's an epidemic in this nation of an as-yet unnamed disease whose primary symptoms are a lack of imagination with respect to social policy when it comes to certain drugs, a lack of compassion for fellow humans, a prejudice against people who use the drugs that are not governmentally-approved, perhaps a vested interest in the growth of the prison/policing industry, and a horrid apathy with regard to human dignity. It's morally wrong to kidnap or incarcerate people unless you have a very damn good reason for doing so, and the mere possession of an arbitrarily selected group of drugs is clearly not such a reason. This is really the primary issue when it comes to drugs, yet this program ignores it.<br /><br />So, in sum, the parts of this program that neutrally present history without feeding stereotypes of drug users that are at the heart of the drug war mentality are pretty good and interesting and entertaining. But when it comes to presenting a rational non-radical point of view with regard to drug policy, and giving the viewer examples not only of people with drug problems but also the many people who successfully incorporate drugs into happy and successful lives, it's pretty disappointing.",negative
"The numbers don't lie, 109 people have voted for this film. That says a great deal about the standing of one of the most intuitively insightful comedians of the late 20th century. And for those of you who know the work of Bill Hicks, if he were alive today, imagine what he would have to say about the boy president from his home state? That his short career remains unrecognized is a sad situation and this film, or rather these two films explain why. First, you see how his talent was obvious from the start, again and again, those who knew Bill Hicks always say he was not only funny, he was also unique. The film also shows how the quality of his material was too challenging for many in the entertainment industry. His drinking also contributed to his career problems, but that is less evident in this film. And then the second film is a complete performance. If you have never seen or heard Bill Hicks, this is a wonderful introduction to the person and his dark but intelligent humor. Especially due to the fact that the topics are now almost 14 years old, yet remain ironically up to date is underlined by the fact that many of the events took place under the first President Bush.<br /><br />Watching them together - first the biography and then the performance - makes you aware of how greatly talented this young man was, how quickly his life passed and how the American media can sometimes act as the great big homogenizer. Let's make sure nothing is too provocative, nothing will be too interesting And the result? Well, as the man himself said, go to sleep America, your government is in control........... In his lifetime, at least in Great Britian this artist was recognized for his talent and was successful there. 11 years after his death, 109 people at IMDb can say something about the film. After you've seen them both, I hope you understand why more people should be listening to Bill Hicks.",positive
"The whole point of making this film, one of the earliest and best international color releases of cinematic opera, was to make it more accessible to the masses. And it succeeded admirably in doing so. The general public would not sit still for a love story about two young exotic lovers in ancient Egypt if played by the typical 300 pound over 40 tenor and soprano with the vocal equipment to sing the glorious music properly. Hence the visual substitution of the beautiful principals (a young Loren, handsome Della Marra, and a slinky Ms. Maxwell)who make the story much more believable, giving those not familiar with the plot or the music a better chance at being wooed into the lovely arias who otherwise might not be. Altogether, an enchanting introduction to one of Verdi's great works. I remember seeing this when I was in junior high school and it certainly awakened my interest in opera, a form with which I was then not well acquainted. I still regard this film fondly and would recommend it highly to those who might appreciate the great music accompanied by better than average visuals. Luciano Della Marra was a standout as Radames, and unfortunately for audiences did not appear in any other films.",positive
"A very tired looking Burt Reynolds plays a mercenary battling his former employers for some gizmo these non-heroes plan to sell to ""the Iranians."" Low-rent video nonsense by the producers of ""Silk Stalkings"" offers some decent action footage and a lot of ineptly staged ""drama""...a lack of logic and truly dreadful dialogue are the defining aspects, although the final twists and allegiance shifts could've been a nifty end to a better movie. Burt still has presence, although it also means you notice more when he mouths insultingly half-baked ""one-liners"".",negative
"I enjoyed the previous Ittenbach movie that I'd seen, ""Burning Moon"". But while that movie was rather grim and nasty, ""Premutos"" seems to mostly play it for laughs. While its admirable how Ittenbach made this movie with no money in his spare time (and the DVD documentary is worthwhile to see this), I found myself constantly battling not to fast-forward to the next gore scene. Sure, there's gore, and if that's all you want then go ahead and enjoy. But be warned: there's an inordinate amount of lame comedy and tedious story exposition. Many are comparing this to Peter Jackson's movies, especially ""Braindead"". But looking at what Jackson did on a similar budget in ""Bad Taste"", it's clear Ittenbach is lacking one thing that Jackson has - talent. 3/10 (for pretty good and plentiful gore effects, and for getting the most out of limited resources - but not worth the money I paid for it)",negative
"........and an extremely bad one at that!!! How long did this train-wreck last?? 14 episodes or something?? I can see why now.<br /><br />I bought the ""Serenity"" episode from Amazon Unboxed. It was my first purchase, so was free. That is the ONLY good thing about the experience (incident??)<br /><br />I won't comment really on the acting, since these were, I guess, fairly new people who hadn't really gotten the job down just right yet. At least I've never seen them before in any type of major show, theater or TV. If I did, then I have easily forgotten them.<br /><br />But the special effects were absolutely horrendous. True, this isn't exactly a multi-million $$ project, but the original Star Trek did better than this & that was THIRTY-FIVE YEARS ago. I especially got a laugh out of the bad guys (reapers or something like that) ship as it chased the hilarious looking Firefly, with smoke coming out of the engines looking something like a gigantic model rocket. I fully expected to eventually see the Wiley Coyote riding on top, while chasing after the Roadrunner. MODERN jet/rocket engines don't even do it that bad.<br /><br />And that wasn't even the worst of it. The wild-west type shoot-outs had me wondering if I was actually watching a sci-fi film or a Gene Autry one.<br /><br />Regardless of the hype, don't waste your time...I did...all 80-something minutes of the disaster called ""Firefly"".",negative
"I really enjoyed this movie and it was a little difficult do that when your brother is making stupid comments in it ever 30 seconds. But this movie I enjoyed, mostly because I'm used to the usual HK action films. Most of the films like this are don't watch it for the story line, watch it for the mindless action. And mindless action is right. You get to see Jet Li Jump, spin, kick, punch, shoot, make impossible jumps and dodge countless bullets. It's true that this movie was released to a broader audience after Li was in Lethal Weapon 4. That is one of the reasons the ratings on this movie dropped. Most people were probably expecting to see a movie that was as polished as a North American film. But you need to remember most HK film budgets aren't nearly as high as a North American film, and the style in a HK action film is usually very different usually requiring in wire work in a lot of them. If you want to see a good action film you should see this just try to ignore the dubbing.<br /><br />My rating was an 8.",positive
"SWEET SIXTEEN (1983) **/***** 86 minutes Director Jim Sotos Cast Bo Hopkins, Susan Strasberg, Aleisa Shirley, Patrick Macnee, Dana Kimmell<br /><br />Fifteen year old bad girl Melissa is new in a desert town and it isn't long before folks around her start dying off. The detective has to put together the clues with the help of his Nancy Drew good girl daughter played by Friday the 13th alumni Dana Kimmell. The local Native Americans are prime suspects since they seem to upset the prejudiced townsfolk. These events all lead up to the revealing of the killer at Melissa's sixteenth birthday party.<br /><br />This below average slasher isn't too memorable. It has a made for TV feel, without much score besides the title character's own corny theme song which plays a couple times throughout. Lines like ""the killer will turn us into coleslaw."" Fit into standard eighties slasher screenplays. Marci calls Melissa a bad name then somehow immediately they develop a friendship. Apparently Marci sees how hard it is to fit in because Melissa knows how to wear make-up. This movie would be hard-pressed to be made today with the main character being fifteen and the director inserting multiple gratuitous close-ups of her. The social commentary on Indians wasn't developed enough to be taken seriously. I am too surprised at the fairly high rating this movie gets. Both Sweet Sixteen and Ed Hunt's Bloody Birthday had the potential to capitalize on that time honored tradition of the birthday party to create an intense sequence of carnage but I feel failed to deliver. But on the bright side releasing obscure movies like this on DVD gives hope that others will follow.",negative
"The 1960's were a time of change and awakening for most people. Social upheaval and unrest were commonplace as people spoke-out about their views. Racial tensions, politics, the Vietnam War, sexual promiscuity, and drug use were all part of the daily fabric, and the daily news. This film attempted to encapsulate these historical aspects into an entertaining movie, and largely succeeded.<br /><br />In this film, two families are followed: one white, one black. During the first half of the film, the story follows each family on a equal basis through social and family struggles. Unfortunately, the second half of the movie is nearly dedicated to the white family. Admittedly, there are more characters in this family, and the story lines are intermingled, but equal consideration is not given to the racial aspects of this century.<br /><br />On the whole, the acting is well done and historical footage is mixed with color and black and white original footage to give a documentary feel to the movie. The movie is a work of fiction, but clips of well-known historical figures are used to set the time-line.<br /><br />I enjoyed the movie but the situations were predictable and the storyline was one-sided.",negative
"Basil Rathbone and Nigel Bruce as Sherlock Holmes and Dr. Watson respectively, the second of the Universal series, where it's again established by means of a written prologue that the famed detective is legendary and spans time. This helps to comfortably set things up here in the ""present"" era of the early 1940's.<br /><br />In this offering, Holmes goes through a few different disguises (with Rathbone's very prominent features, is it likely that people really wouldn't recognize his true identity?) as he protects a physicist from the hands of the Nazis as well as from Holmes' greatest nemesis Professor Moriarty (now played by Lionel Atwill). The scientist has developed a bomb sight which will greatly aid in aerial bombardment, and he's promised his plans to the British. But Moriarty wants to get hold of it so he can sell them to the Nazis.<br /><br />A good entry boosted a bit by the participation of the properly villainous Atwill now cast as Moriarty (though George Zucco was no slouch himself in THE ADVENTURES OF SHERLOCK HOLMES). It's always intriguing watching Holmes and his greatest enemy engaging in witty banter together (""the needle to the last, eh, Holmes?"").",positive
"I only voted excellent because this film took two snapshots of Americana: one in 1970, and one for every year afterward. <br /><br />Nothing's really changed.<br /><br />Joe is actually a jerk, a big stupid slob who's mad at everybody else in the world for his own idiocy. This ain't really a spoiler, but the key to the film is the big, corporate ""never does wrong"" guy making friends with this semi-troglodyte Joe, and he gets some kind of...validation from his bigotry and stupidity and sense of being wronged. <br /><br />Yet, few would argue, that the dealer boyfriend did deserve to die. And those kids shouldn't have ripped Joe and Compton off. And Joe and Compton were actually getting into the hash and the young skin until they got ripped off. A simple film in many ways, except that in 1970 New York City was par to a battle zone thanks to Nixon's care, and all of the money going to the war in Vietnam. As I write this (2/25/2007) there is a ""very long wait"" on Netflix for this film - which makes me happy because I think there are people out there who want to learn. This was a pretty good snapshot - not exact, a bit caricaturist - but actually pretty close to how it was back then. And the scary thing is - things haven't changed that much. Sure, there's no more welfare, but that just means the wage-slavery has won out. <br /><br />Amazing how millionaires will complain about not making enough money, then complain that $5.15 an hour is too much to pay their people.",positive
"Susan Slept Here turned out to be Dick Powell's swan song as a performer on the big screen. Of course he directed some more films and appeared frequently on television until he died. It's a pity he didn't go out with his performance in The Bad and the Beautiful.<br /><br />Frank Tashlin has done so many better films, I'm still not sure whatever possessed him to do this one. The premise is absolutely laughable. <br /><br />Dick Powell is a screenwriter who's looking to do more serious stuff than the fluff he's been writing. He had an idea for a film on juvenile delinquency so two friendly cops in Herb Vigran and Horace McMahon deposit 17 year old Debbie Reynolds on his doorstep. She's not a really bad kid and they don't want to put her in the system. So they give her to Dick Powell at Christmas time.<br /><br />I mean is there anyone out there who doesn't see a problem? The term jailbait comes immediately to mind. Additionally Powell has a girlfriend, the young and sexy Anne Francis. Why Debbie Reynolds is any competition here is beyond me.<br /><br />Susan Slept Here got one Oscar nomination. The song Hold My Hand, sung by Don Cornell in the background, was nominated for best song, but lost to Secret Love. <br /><br />Powell and Reynolds do have some funny moments together and Alvy Moore as Powell's factotum and Les Tremayne as his lawyer also get a few laughs. <br /><br />But it's not enough.",negative
"In a future society, the military component does not have to recruit; rather, their candidates are chosen at birth, culled from nurseries and designated to spend their entire lives in the service of the government. They are given over to the war machine, body and soul, for no reason other than to protect and serve; they have no personal identity other than a name and rank, and no autonomy whatsoever. This is the fate of those whose destiny is predetermined for them in `Soldier,' directed by Paul Anderson and starring Kurt Russell. The scenario is hard and bleak as the movie begins by depicting the training of the soldiers during advancing periods of time, from preadolescence to adulthood. Russell is Sergeant Todd, the best of the best, and we glimpse his career as he discharges his duties in an exemplary manner in campaign after campaign; he is what he was born to be, a soldier. But even the best cannot go on forever, and the day arrives when Todd and his peers are no longer the elite. A new generation of soldiers has been created, products of advanced genetics and technology, and Todd's generation is suddenly obsolete. What follows is the story of a man who must fight for his life, while struggling to discover his own sense of humanity and individuality, traits new to a soldier who has known only two things his entire life: Fear and discipline. Russell gives a commanding performance as Todd, the soldier who above all else must obey orders without question while suppressing all emotion and individual thoughts. He has few lines in this movie, but Russell speaks volumes with his eyes. This role demonstrates that he is, in fact, one of the under-appreciated actors of our times; that he can disappear so entirely into the character of Todd is a credit to his ability, and with this part he has created someone quite different from any he's done before. And he's given Todd a depth and credibility that someone of lesser talent could easily have rendered as nothing more than a pretentious and superficial stereotype. Notable performances are also turned in here by Connie Nielsen (Sandra) and Jason Isaacs (Colonel Mekum). Rounding out the supporting cast are Jason Scott Lee, memorable as Caine 607, one of the new generation of soldiers; Sean Pertwee (Mace); Gary Busey (Captain Church); Michael Chiklis (Jimmy Pig); and Mark Bringleson (Rubrick). Anderson has delivered an action film with a message, a cautionary tale that transcends the genre of science-fiction. `Soldier' reminds us of the importance of keeping the humanity of our lives intact. It's an entertaining way of making us consider the alternatives, like a bleak future and a world in which good movies just wouldn't make a whole lot of difference. Much like `1984,' and `Mad Max,' this movie, which is ultimately uplifting, is going to make you take pause and think about the kind of Universe in which we all must live together and share. I rate this one 7/10.",positive
"This is what we can do to each other. This is the sort that everbody should see at least once.<br /><br />It does not glorify world. It shows that it is the everyday person who is killed, mained and debased by war. The person on the ""other side"" eats sleeps, laughs and cry just as we do.",positive
"Footprints is a very interesting movie that is somewhat difficult to categorize. ""Psychological thriller"" is the most appropriate description I can think of. The female protagonist, Alice Cespi, discovers that she doesn't remember anything of the last three days. The only clue she has is a torn photo of a hotel. She is also haunted by a recurring, very vivid, dream about a science fiction movie that she believes she saw many years ago. In her pursuit of the truth behind her amnesia she doesn't trust anyone, but little by little it becomes obvious that she has visited the town where the hotel is located before. This is an exciting flick whose main virtue is that it is virtually impossible to predict how the events will unfold, and particularly, how it will end. The unusual loneliness of the main character and the unreliability of everyone else ensure that the good old paranoid feeling is present throughout the film, whereas beautiful colors and some spectacularly filmed sequences make this a visually attractive movie as well. The important part of the one and only Nicoletta Elmi, everyone's all time favorite redheaded obnoxious child star of Italian horror, is an extra bonus.",positive
"Faith and Mortality... viewed through the lens of an elderly Ashkenazi Jewish-American gentleman and a younger, African-American Jewish gentleman who waver between being at odds with each other and having frank talks about how their lives have unfolded over the years..<br /><br />Mostel's character is a tailor with chronic back problems, and a terminally ill wife; Belafonte's character is a career hustler, never settling on a regular job, and a fatal car accident leaves him in an odd Purgatory-- he must convince Mostel to renew his faith, as it has been failing along with his wife's health (and his own).. but Belafonte's Levine has his own problems, still pining for the girlfriend he left behind..<br /><br />Belafonte's character leaves the film before he seemingly should, and so the the ending is cryptic, and the film suffers somewhat from its ambiguous ending..<br /><br />This is not a 'typical' Hollywood movie on ethnic relations or about a person's crisis of faith.. it is worth watching more than once and appreciating the excellent performances of the principal actors..",positive
"I first heard of this film when Patton Oswalt talked about it on his ""Werewolves and Lollipops"" CD. He said it was a lost classic that is completely ridiculous. Being a lover of terrible cinema, I knew I was in for a treat.<br /><br />This film is, hands down, one of the weirdest I've ever seen. Certainly one of the weirdest shlock films. Basically, a demon took human form years ago for a woman, the woman died or something, the demon cried blood, the blood fell on the bed, the bed is now possessed and it now eats. Along with fruit, flowers and chicken, it also has a taste for people. The people can range between horny teens, mayors, gangsters, servants or professional orgy throwers. There's also a sick guy who the bed ate but put his soul behind a picture in the room.<br /><br />Most movies let you figure out the plot through exciting action. Death Bed takes another path: it basically tells you through narration exactly what's happening while slow, dull murder scenes take place. Also, I must say everyone who's eaten by the bed are surprisingly quiet. I would think if a bed is eating you through the ways of a 5th grade science fair experiment, it would sting a little. I guess nerve endings weren't invented until 1981 or so.<br /><br />The story is wacky, the direction is slow and pretty awful, the sets are sparse, the acting it fairly painful and the brother is one of the unintentionally ugliest actors I've ever seen. Probably would make a great party film if alcohol and smart-asses are involved. Certainly one you shouldn't miss.",negative
"I've watched this film a few times and I never really liked it. I'm not a fan so termed ""nu horror"", so I can't be dismissed on that account. I found it a little sleazy, I think the thing that irks me about Hammers is the sexploitation aspect, not sex mind you, but Sexploitation. I'm surprised at how many people have rated this film so highly, so I'll have another look at it. But for me, it wasn't creepy, it had no atmosphere, just a bit of ""omigod, look at those bad/stupid London prostitute women and that little innocent Anna about to get raped by yet another nasty man, ooherh!"" I suppose ultimately for me, the film had no depth whatsoever, just a bunch of nasty priggish men and women only there for the titillation value. This no doubt was to some degree what Victorian England was like, but the sets are even too clunky and dull impart a sense of Victorian menace. Roger Corman's horrors on the other hand, now that's style, atmosphere and elegant horror. For me, this was just exploitative, flat footed trash.",negative
"I approach films about talking animals with care. For every wonderful one like Babe, you get an equally poor one like the dreadful remake of Homeward Bound: The Incredible Journey. Or in the case of Cats & Dogs, you have a great idea for a film not living up to its potential. When I heard about Paulie, the premise of a wisecracking parrot didn't exactly fill me with confidence. But I found the film a pleasant surprise. And it manages to sneak its way into your heart without you realising.<br /><br />A Russian janitor, Misha Vilyenkov (Tony Shaloub) gets a job in a research laboratory. One day, he hears singing coming from the basement. And when he investigates, he finds a parrot in its cage singing its little heart out. Misha becomes fascinated with the bird, especially when it turns out the parrot can not only sing, it can talk. And not a few phrases either. Its a parrot you can actually make conversation with.<br /><br />The parrot is called Paulie (voiced by Jay Mohr), and recognises a fellow castaway in Misha. Wondering how this world to the wise bird ended up in a dusty basement, Misha convinces Paulie to tell him his life story. Which all began when he was a baby, and in the care of Marie, a five year old girl with a stutter. The two of them became birds of a feather (OK, bad pun!).<br /><br />When Marie's parents became concerned about her close friendship with a bird, they considered sending him away. And they finally did after Marie nearly injured herself in a fall after teaching Paulie to fly. Desperate to be reunited with her, Paulie begins a long journey across America, which includes a diverse number of new owners, flying great distances, and even ending up behind bars. Of a cage that is!<br /><br />Paulie was one of a number of talking animal films released by DreamWorks in the late 90s. And although it wasn't afforded the same recognition or box-office success of Babe, Paulie succeeds on quite a few levels, and is an occasional work of striking intelligence.<br /><br />Jay Mohr's stand-up style of acting is well suited to the part of Paulie. He never plays the part as too smug, even if he is a bit of a smart Aleck. Paulie's worldly, but he is also naive in his way.<br /><br />Because he's lived a rather sheltered life with Marie, when he's taken away, he has to fend for himself for the first time. And when he falls into the hands of different owners, they make promises to Paulie to reunite him with Marie, which he believes. Only for those promises to be broken time and again.<br /><br />Paulie is admittedly a little episodic. It follows the eclectic people Paulie ends up with, and how he slowly gets brought closer and closer to Marie. He first winds up in a pawn shop, where he is adopted by Ivy (Gena Rowlands), a kindly woman who teaches him the meaning of manners. She sympathises with Paulie's situation, and drives an RV across America to find Marie.<br /><br />Paulie is an occasionally very touching film. His scenes with Ivy are some of the best. Wonderful moments of Paulie perched on her shoulder singing Tom Jones numbers. The way she instills in him the need for hope is great, and some of the dialogue is quite well written and even thought-provoking: <br /><br />""There are things in life you put off, because you think you're gonna do them later. But the real thing Ivy taught me is you gotta live like there may not be a later.""<br /><br />The scene where Ivy passes away en route leaving Paulie all alone is a very heart-rending moment. And the sequence where he plucks up the courage to fly for the first time across the Grand Canyon, soaring majestically is such a beautifully composed scene it stays with you for hours after the film's over.<br /><br />Despite the occasional sad moment, there are plenty of laughs to be had. Paulie falls in with a group of performing parrots at a Spanish outdoor restaurant. The animatronic effects here are really excellent as four birds do a perfectly choreographed dance number. And Paulie even gets to have a romance. Which is dashed when he falls in with a petty thief (played by Mohr as well). That may be the only complaint I have. As soon as you get comfortable with one situation, the film then moves Paulie on to another.<br /><br />The scene where Paulie is taught to steal money from ATM machines is funny, but a little disturbing too. I'm amazed DreamWorks were granted the chance to include such a scene in a kids film. And Paulie's diamond robbery is very Mission Impossible. He's caught in the act, and shipped off to the lab for animal testing, where he's remained ever since.<br /><br />The story finally comes full circle at the lab, where Misha vows to help Paulie. Of course they do find Marie. But the final revelation is a scene of such shocking intensity, I was left numb for several minutes. Paulie may never get the longevity Babe has, but I believe its an equally brilliant film. The same laughs. The same flawless effects. And the same surprising intelligence.<br /><br />A minor gem.",positive
"I think Charlotte Gainsbourg is one of the best performers in the world. I can't understand why some people say she's not. Boring....??? Maybe the one who said she's boring is because he/she is boring. She's a great actress and the movie was excellent. It has lots of wonderful ideas and very good performers. The direction was great. I imaging myself in the French environment with all the sophistication and perfume, flowers, churches, problems, etc. When she goes to the sister's shop is simply amazing. Everything's great. We have a very good actress, wonderful, for long time. Alain Chabat and Bernadette Lafont are perfect. I like him more than in his next movie LA SCIENCE DES RÊVES. And Eric Lartigau did a very good work.<br /><br />Ana",positive
"Watching QUINTET is not unlike watching a group of people playing a word game in Portuguese, or some other language you do not understand. You get the idea that they are playing a game, and if you watch closely enough, you may just begin to understand the rules. But, why bother, since it is clear you can't join in and you wouldn't want to if you had the chance.<br /><br />Director Robert Altman is not one to beg an audience to like his films, let alone understand them. Sometimes he lets you slip into the picture to be a part of the crowd, like in M*A*S*H, NASHVILLE and A WEDDING, films so full of hubbub and orchestrated chaos, one or two more bodies in the scene wouldn't make much of a difference. And other times, he seems to resent the fact that someone might even be watching his film; as in IMAGES or THREE WOMEN, where the stories are almost personal monologues made for an audience of one, Altman. With QUINTET, Altman seems to purposely dare anyone to become involved with the narrative. <br /><br />You can't depend on Altman to do the logical or the expected, which is sometimes the thing that makes his films so remarkably iconoclastic. But sometimes doing the unexpected isn't daring, just dumb. For instance, in QUINTET, we are introduced to a young woman who is apparently the last person on earth capable of getting pregnant, and she is, indeed, with child. This last ray of hope in a decaying society is almost immediately extinguished; Altman doesn't even wait until the end to play his last depressing card in this elaborate nihilistic and pessimistic tale. He lets us know how empty and meaningless life is right off the bat. Brave? Maybe. Stupid? Definitely. Devoid of a purpose, he tries to build a story on a rapidly melting iceberg, all the while reminding us how pointless the effort is. <br /><br />For the record, QUINTET, can at least claim to be prophetic. The story is centered on a treacherous game played by the various bored characters. It is a form of TAG (the assassination game): a handful of people target each other for elimination, each as a would-be assassin and each as a would-be victim. Two or more can form alliances to kill a third. As they die off, new targets are assigned. Whoever lives, wins. All of this happens at some exotic, inhospitable wasteland. It is, to a great extent, an extreme, sci-fi version of ""Survivor"" -- minus the commercial plugs and faked ""reality.""<br /><br />It is not a bad concept for a sci-fi epic. A post-apocalyptic setting, a microcosm of the world (the cast is pointedly multinational), a game where no on can be trusted or least not for long, and where no one really wins. Literally a cold war. A steely eyed director with a taste for dark humor and violent invention could have a field day. The mystery in QUINTET is not in the game or how it is played, but in why it exists it all. If the game ""Quintet"" is a metaphor for life, then Altman, seems to see nothing in the material but a chance to show life to be an empty, meaningless game -- a conclusion as obvious as it is untrue. Given the lively, albeit cynical nature of the rest of his diverse films, I don't believe that Altman believes in QUINTET either. And if Altman has no faith in his material, why should we?",negative
"Brought Philip Larkin to life in a way that is worthy of the greatest performances of all time, and not just the ones that are measured by popularity. It shows a stark portrayal of Larkins life as the greatest unrecognized poet of his era - which is exactly how he would have wanted it, such was his disdain for cankers and medallions. It dramatically exposes the raw beauty in the intense sadness of Philips observations of our relationship with our own mortality, and lays it our in a way that seems to have missed even the great philosophers. for anyone interested in profound observations of our relationship with life, love and death this is a must.",positive
"Well made documentary focusing on two Sudanese refugees who get resettled in the United States. It's your basic fish out of water story with a non-fiction twist. I found it fascinating to see how Peter and Santino lived prior to coming to America and how they adapted once they arrived here (in Houston, Texas.) They expected a sort of heaven but found out that it's a lot harder than it looks to cope well in the states. They go from hopeful idealists to somewhat more realistic skeptics. Everywhere they go they meet bureaucrats with paper trails that most citizens may take for granted. They fret that they are blacker than the African-Americans here and don't feel accepted because of that. One of the ""Lost Boys"" manages to leave Houston to go to Olathe, Kansas, where he finds conditions slightly better but still less than ideal. There are people that try to help them as well as try to hurt them in this film. Not shown, but talked about, are those who put a gun to their heads and robbed them, leading one Lost Boy to comment negatively that ""all black people in America are no good."" I found it interesting, too, that they arrived in Houston in August 2001, a month before the World Trade Center was attacked by terrorists. I had hoped to see their reaction to this tragedy but it's not mentioned at all. Still, all in all, a really well done documentary with no narration. None is needed really. The ""Lost Boys"" do a fine job expounding on the events going on around them without any help at all, thank you very much.",positive
"THE TEMP (1993) didn't do much theatrical business, but here's the direct-to-video rip-off you didn't want, anyway! Ellen Bradford (Mel Harris) is the new woman at Millennium Investments, a high scale brokerage firm, who starts getting helpful hints from wide-eyed secretary Deidre (Sheila Kelley). Deidre turns out to be an ambitious daddy's girl who will stop at nothing to move up the corporate ladder, including screwing a top broker she can't stand and murdering anyone who gets on her bad side. She digs up skeletons in Ellen's closet, tries to cause problems with her husband (Barry Bostwick), kills while making it look like she is responsible, kidnaps her daughter and tries to get her to embezzle money from the company.<br /><br />Harris and Kelley deliver competent performances, the supporting cast is alright and it's reasonably well put-together, but that doesn't fully compensate for a script that travels down a well-worn path and offers few surprises.",negative
"I and my brother are very big Asian movie fans, so when finding this movie hidden in a shop, I bought this one on DVD, because it sounded very promising and I couldn't wait to watch it. So I watched this movie with my brother and I must say, in the beginning it was very promising. Both of us really loved this brutal ball scene in the first scene. But i guess that was all. There are some interesting fights, but it is not a action movie, as it claims to be. Instead it's a love movie... with the cliché of love so extremely played over the top, even Shakespeare would vomit on this title. Sorry for my language. By the way: The characters act like being picked up from the street and given 100 for playing in this movie.<br /><br />Well, I and my brother watched it to the end, because we thought, it can only become better. But, heck, it never did. This movie challenged place #1 on my and my brothers ""worst movies ever seen""-list, only followed by ""Fantasy mission force"" - do not watch this either.",negative
"Just about everything in this movie is wrong, wrong, wrong. Take Mike Myers, for example. He's reached the point where you realize that his shtick hasn't changed since his SNL days, over ten years ago. He's doing the same cutesy stream-of-consciousness jokes and the same voices. His Cat is painfully unfunny. He tries way to hard. He's some weird Type A comedian, not the cool cat he's supposed to be. The rest of the movie is just as bad. The sets are unbelievably ugly --- and clearly a waste of millions of dollars. (Cardboard cut-outs for the background buildings would have made more sense than constructing an entire neighborhood and main street.) Alec Balwin tries to do a funny Great Santini impression, but he ends up looking and sounding incoherent. There's even an innapropriate cheesecake moment with faux celebrity Paris Hilton --- that sticks in the mind simply because this is supposed to be a Dr. Seuss story. Avoid this movie at all costs, folks. It's not even an interesting train wreck. (I hope they'll make Horton Hears a Who with Robin Williams. Then we'll have the bad-Seuss movie-starring-spasitc- comedian trilogy.)",negative
"Just to clarify, Matthew Poncelet wasn't a real person, but a character combination of 2 killers who were BOTH convicted and sentenced to die for a murder of two teenagers.<br /><br />I read the User Comments and they react as if Matthew was real. The character is based on a mixture of two killers, Elmo Patrick Sonnier and Robert Lee Willie (who murdered separate people) and the murder itself was based on the one Willie committed. The conflict of both Willie having someone else present and both parties swearing the other did the killing is worked into the story as well.<br /><br />Prejean's approach is unique in that she not only is ministering to the convicts as they wait for their death and aiding them in taking responsibility for their actions, she also reaches out to the victims' families, to help them know that the convict did, indeed feel remorse for what they did-effectively aiding both parties.<br /><br />Everyone posting here seems to have strong beliefs on the Death Sentence. It's not my place to say it's right or wrong-in theory punishing death with death makes some sort of Karmic sense, however denying a person their freedom for the rest of their days, although costly, makes more sense to me-being stuck in a small room 23/7 (with one hour of exercise)for the rest of their days to be reminded of the cruel thing they did seem a more apt punishment-they are technically alive, but denied living. Say someone killed someone so they could get out of the responsibility the person they killed required (like Susan Smith killing her poor kids by shoving her car into a lake). I find it fittingly ironic that they would not get that ""freedom"" they craved and would now have to spend the rest of their days imprisoned.<br /><br />Prejean's point comes through the story very well. She has my respect-she manages to find that balance-she isn't supporting a killer, she is guiding them to accepting what they did. If they didn't feel some kind of remorse, they wouldn't be asking for spiritual guidance.<br /><br />Ona final note, when Poncelet apologizes to Delacroix parent for killing his son, the parents of the girl who was also murdered mutters something about why he didn't apologize for her death. I think the point was that throughout the movie, Poncelet denies killing both kids. There is doubt in Prejean's mind he did both killings-there is a friend who was sentenced but not to death-my thought is that Poncelet killed the Delacroix boy and the other man murdered the girl-hence Poncelet was taking responsibility for what he did. Had he been responsible for the girl's death, he probably would have apologized for that as well.",positive
"Terry Gilliam's and David Peoples' teamed up to create one of the most intelligent and creative science fiction movies of the '90's. People's proved a screenplay with bizarre twists and fantastic ideas about the nature of time  I especially love the idea one can't change the past; it's a nice counterpoint to so many time-travelling movies which say otherwise  biological holocausts and the thin line between sanity and madness. Gilliam visualized his ideas with unique quirkiness, perfection and originality.<br /><br />The story itself is engaging: one man, James Cole (played by Bruce Willis in a heart-warming performance) travels several decades to the past to retrieve information about a virus that's wiped out mankind and left only a few survivors alive living underground: with the information he'll collect, scientists hope to find a cure so everyone in the future can return to the surface. But because their time-travelling technology isn't perfect, he ends up being sent towards different other pasts and complicating things. And from that a brilliant science fiction thriller with shades of film noir ensues as the multiple pieces of a huge jigsaw start fitting together to form a bizarre narrative involving animal right activists, end of the millennium paranoia, biological weapons, the perception of reality, and the definition of sanity. With such a complex movie, it was easy for Gilliam and Peoples to create a mess, but instead Twelve Monkeys is a thought-provoking narrative which will please those who like to be challenged and have patience to appreciate some crazy ideas.<br /><br />I watched this movie once around 10 years ago. It marked me a lot: I remember still thinking about many days after-wards; for my young mind this seemed quite mind-blowing and it was one of the first movies to make me appreciate cinema as something serious and important. I've re-watched this movie a few days ago on DVD and it's better than I remembered it. Brad Pitt still steals all the scenes he's in, playing Jeffrey Goines  almost a prelude to his Tyler Durden character in Fight Club  a rich kid with some anarchist/non-conformist ideas who's also crazy and, according to Cole, perhaps responsible for the virus. The scenes between Jeffrey and Cole in the madhouse are the best in the movie, Pitt's eyes, voice and quirky mannerisms convince you he's really a crazy guy locked in a warped logic only he understands. Pitt's Oscar nomination was well deserved! Surprising was also Bruce Willis' performance: his I didn't remember very well, but it's beautiful and full of sensibility; he plays a man who spent almost all his life underground, and when he comes to the past you'll share his childish fascination with something as simple as breathing the fresh air of the morning or watching the sun go up. Cole is a rather ambiguous character, Peoples' tried to imbue some darkness in him, and he does other disturbing things to other people and to himself: the scene where he removes his own teeth reveals how far his dementia has gone unchecked. Ironically Cole didn't start as a crazy character, but when he starts warning everyone about the end of the world, he's considered mad and convinced it's all in his mind, until he arrives at a point when he can't distinguish past from future, reality from fiction. Willis spends a lot of time looking confused and insecure, and it works perfectly. One of the fun twists in the narrative is when Cole's shrink, Dr. Kathryn Railly, finds undeniable proof he's really from the future and now has to convince him again of his mission to save the world. The screenplay is full with weird twists like this and it keeps the movie in a fast pace. Their relationship is also well-handed, although perhaps a bit compressed for time's sake. But I enjoyed watching Cole and Railly falling in love and trying to escape the authority of the future to live a peaceful life in the past. But then things end in a tragic/bittersweet climax at an airport, wrapping all the pieces together, which will blow many minds away.<br /><br />There are two great endings in this movie, a twist in the sense of Se7en or Fight Club, and a more intimate ending where Railly is crouching next to Cole who's just been shot and looking around for a younger James Cole who's witnessing his future self die; the two share a brief look, and she smiles at him. The twist is brilliant, but I prefer this ending for emotional impact. Madeleine Stowe is very good playing Dr. Railly, she drew many different emotions from me in her performance. The movie is filled with a sense of fatalism with the idea the past can't be changed: this movie shows that in a terrifying way. It reminds me of Chinatown in that sense, the way Jake Gittes messes everything up the more he tries to help. Railly's character shares that fatalism, the more she tries to help Cole  first dealing with his 'madness' then helping him in his mission  the more they're sucked into tragedy.<br /><br />The twist ends with a hopeful note, though, with the feeling Cole's mission hasn't been in vain. Twelve Monkeys is a great movie to watch if one wants to be entertained; it's not supposed to be art, although it's more artists than many artistic movies. It's an unpretentious movie where all elements, from music to editing to costume design, etc., came together beautifully to produce a modern cinema masterpiece.",positive
"""Ripe"" is one of those awful indies which manages to get into circulation and give indies a bad name. Telling a stupidly incongruous tale of pubescent twin sisters who crawl from a firey car crash which kills their parents and then hit the road while happily shoplifting, making goo-goo eyes at some guy, and ending up on an Army post so dilapidated no Army would want it (yeah, right!). An apparent attempt at a coming of age flick, ""Ripe"" is an almost complete loser which wanders aimlessly as the players drift in and out of character finally ending clumsily with nary a shred of credibility to be found anywhere. Not recommended for anyone.",negative
"I saw the trailer for this film before watching Titanic, and I must admit that it whetted my appetite. Volcano seemed to be quite spectacular and full of promise. But what a damp squib. Corny is not the word for the script, and the characterizations are often ludicrous. The stupid daughter is just beyond belief - she is supposed to be 13 not 4. But then the scientists,firemen and peripheral characters don't offer any more. This movie ranks just in front of Cruise II and Twister, but only because those 2 films are completely appalling. This does have some reasonable effects, but overall its a 1 out of 10. Don't waste your time",negative
Definitely one of the most witty and twisted who-dunnit I ever seen. Christopher Reeve and Micheal Caine were brilliant and kept me going through the whole affair. <br /><br />Very classy set pieces and the props really lend a sense of atmosphere to the proceedings. The minimalist feel works for the whole picture.<br /><br />My only complain isn't with the film itself but the lack of a decent widescreen edition of the movie on DVD. I own the fullscreen version (which proves I love the film enough to endure fullscreen presentation) but a awesome Deluxe or 'special' edition would most surely get my cash.,positive
"Just like all of Mel Brooks' other comedies, Men in Tights is hilarious. But in seeing this as an outrageous comedy, I think many fail to realize that the reason the movie is so funny is that the characters themselves are acted so well. Elwes is the well-spoken former British noble, Lewis is an eternally annoyed king (I hope it's worth all the NOOOOOOIIIISE!), DeLuise is a FANTASTIC godfather, Roger Rees is a worried and cynical sheriff.... The actors and actresses are so loyal to their parts that the jokes flow forth with ease. Yes, we've seen this kind of comedy before, but the only comedy to achieve better character development, in my opinion, is The Big Lebowski. Very very funny.",positive
"Annie Rooney lives with her officer father and brother Tim in the slums of New York, where she is constantly getting involved in many fights with the other neighborhood kids. Annie secretly has a crush on Joe Kelly (whose little brother Mickey is head of the gang that Annie constantly battles), who is in a gang that is headed for trouble, says Officer Rooney. Kelly sponsors a dance, where Tony plans to shoot Kelly in order to get even with him for making him look like a fool in front of his girl, but Officer Kelly gets fatally wounded instead. Tim (part of Kelly's gang) is told by Tony, and friend Spider, that Kelly shot his father, so he goes after him in vengeance. Annie learns of this and goes to stop her brother, if she is in time. Very good mix of humor and heart in this film, even though the plot doesn't start until the 40 minute mark of the film. Pickford is enjoyable (even though she was 33 playing a girl no more than 12-13) and really gets into her character. Haines doesn't play Kelly as tough as he should, but is able make the audience feel for him on an emotional level. The scenes where the officer tells Annie of her father's death and the ending really put a lump in your throat. The mix of all sorts of kids throughout the film are fun to watch. Rating, 8.",positive
"The novel is easily superior and the best parts of the film are direct translations from what Greene wrote; for instance the quiet but grim humour that breaks into the scenes with Boyer and Lorre, or the murdered-child obsession that takes over some of the plot. Where the film deviates from the novel, it tends to the ludicrous.<br /><br />However I don't want to suggest that the film is bad in any way. It always looks the part and the story stays in the mind like a good 'un. Some of the minor characters were stock actors who could turn their hand to anything.<br /><br />It's a dreadful shame that the film's not available on DVD.",positive
"At first,this movie seems so bad that i almost fell in a trance the first time i saw it.It was like a bad dream.A cosmic bore.But i gave it a second chance,then another and another,etc...I finally got addicted to this film,due to it's dreamlike slow pace,wonderful natural sets,bathed in a mellow autumn light and especially the musical score,which is made of some 70's progressive rock and absolute exquisite folk songs by actor/singer/songwriter Derek Lamb(the Troubadour).You should notice the song about hazel wood,silver trout and lady vanishing in the air...,heard in the middle and near the end of the film.There are some carnal scenes in the beginning ,wich allow us to appreciate the natural charms of Elizabeth Suzuki.If that movie had been made by some ""repertoire"" directors like Bergman,Lars Von Triers or Jean-Luc Goddard,critics would have rolled on the floor,raving about that movie as if it were a cosmic masterpiece.I personally think this film is one million times superior to any of Fellini's cinematic sh#¤@t!Definitely not for the pretentious.",positive
"The movie is good and I think Tiffany Amber is very beautiful. I liked the movie. Can anyone tell me how I can get hold of the songs from this movie? Even the soundtrack will do. If that's not possible, can I at least get the names of the songs with their respective singers? I tried to look up amazon.com but its not there. I tried CD baby, not there either. I browsed through Google to get some details but there weren't any. I would appreciate it if someone could give me the answer to my question. I know that the songs belong to Country Music and is sung by a country artist. I just need the title names along with the singer. I would recommend this movie or rather the songs to any country loving person.",positive
"This movie should be called ""plan 9 from joseph smith."" i think its weirdness is underappreciated. the playwright seems to have read paul ehrlich's ""the population bomb (1968),"" and crafted a musical response made especially for mormons. the whole point of the play is that having as many children as you can is part of ""heavenly father's"" (god's) plan. and anything that stands in the way of having more babies is very bad. get it?<br /><br />This version was filmed in 1989, which is confusing. it's utah, so it looks and feels like 1983, the play was actually written in 1973, and of course, the theology is part 1840's, part battlestar galactica. some of the action takes place on earth and some in the ""pre-existence, an aimless romper-room where annoying kids wait to get their bodies so they can come down try not to slam the door on the missionaries, losing their shot at celestial glory.<br /><br />it is as stagey as they come, but don't let the poor theatrics spoil your appreciation for this demented mormon universe where the 'cool kids' are all into population control, (presumably) counseling their parents not to have any more children!! having big families was, at the time the play was written, the cultural norm in the lds community, and more importantly, considered part of God's plan. the church has since done a 180, and have made family planning a choice of the parents, and large families are much less the cultural norm now. making the entire doctrinal premise of the movie for a modern-day mormon moot!<br /><br />ahhh but it's really only as good as the music. there are some catchy tunes here that just won't let this movie die the 1970's death it was pre-destined for. the brother and sister sing some love songs to each other that make you wonder if maybe something else was going on there --wink. and the tough, cool kids make new kids on the block look like metallica. so cheers to all that! gather the family around, make some jell-o shooters and enjoy the show!<br /><br />",negative
"I can not believe such slanted, jingoistic material is getting passed off to Americans as art house material. Early on, from such telling lines like ""we want to make sure they are playing for the right team"" and manipulative framing and lighting, A Love Divided shows it's true face. The crass manner in which the Irish Catholics are shown as hegemonic, the Protestants as peaceful and downtrodden, is as poor a representation of history as early US westerns that depict the struggle between cowboys and American Indians. The truth of the story is distorted with the stereotypes and outright vilification of the Irish Catholics in the story; a corruption admitted by the filmmakers themselves! It is sad that people today still think that they can win moral sway by making a film so easily recognized for it's obvious intent, so far from attempting art. This film has no business being anywhere in any legitimate cinema or library.",negative
"This movie have 4 parts and every is around 170 minutes long. Its based on true story of life of Joe Bonanno and it is telling all how he did see. So in some events we can notice that we heard different about it. Movie make you tied up for chair till the end, i think it is possible to watch all 4 in a row, and not notice i watched 2 in a row and 2 next day in a row. Acting in movie is OK in some scenes awesome but in general could be bather, but this movie is not about acting or special effects and glamor, this one show real thing and story is key to this movie. So the one who look for same spectacular Rambo/matrix/titanic movie you can skip this one. Good thing in movie is that follow the main story so you will not have long and boring love scenes or any different interrupt with something not important to crime business of Bonanno.",positive
"I had watched several days film shooting of this movie that summer,the end result was just two scenes in the movie. The location was Sylvan Lake in the Black Hills. Bring the wagon,stop the wagon etc . So this Dakota youth looked forward to seeing the movie and was not disappointed. The local buffalo herd was being culled so the shooting scenes were for real. (yes Doris, animals were hurt during filming) I think the ending was copied by Jack Nicholson in the Shining? A great western/social comment from the 50's. This should be in the same class as High Noon for real western drama or used as a social statement like Blackboard Jungle or Rebel Without A Cause was for 50's youth.",positive
"Most people, when they think of expressionist cinema, look to the b&w German films of the silent and early sound eras--films that emphasized canted angles, extreme contrasts of light and dark, exaggerated performance, and occasional uses of surrealism to create a dreamlike atmosphere in order to diverge from traditional, naturalistic modes of cinematic representation. If we're willing to accept that the Germans were not the only filmmakers to create expressionist cinema (and that those above-mentioned characteristics are not prerequisites for expressionist film), then I would argue that Dodes'ka-den (DKD) is a prime example of this type of film. <br /><br />Like Dreams, DKD is a little unhinged for a Kurosawa film, dabbling, as it does, in the unreal. However, DKD is also, unlike Dreams, a great film and probably my favorite Kurosawa picture. Why? Mostly, I think, it's the colors. This was, I believe, Kurosawa's first color film, and the man saturates the movie with vibrant primary colors, creating a completely unreal contemporary Japan. We are used to the neon lights and gleaming Tokyo skyscrapers; we are not used to a city that appears to have been colored with crayons. <br /><br />DKD is, as I said, a peculiar film inasmuch as many of its characters live in a junkyard, appearing to live in an alternate universe. That is, I think, the point--these are the Tokyo outsiders, the people left behind during the great move forward following World War II. The film also represents one of Kurosawa's more heartfelt movies; there is genuine sentiment here and genuine pathos (such as when the boy's father describes their dream home). It's an amazingly moving film from a man better known for stunning, John Ford-like vistas and samurais. Everyone should have known Kurosawa had in him a movie as touching and thought provoking as this (Ikiru foreshadows the emotional resonance of this film in many ways). <br /><br />I will also argue, to the last, that this is Kurosawa's greatest achievement. His samurai films, though capable pictures, pale in comparison to works by Kobayashi (Hara-kiri is the greatest, most intelligent samurai film committed to celluloid). Rashomon, Hidden Fortress, Seven Samurai, Yojimbo, Sanjuro, Kagemusha, and Ran are all fine films, but they're merely good (and, frankly, I think that word is too generous for Hidden Fortress and Kagemusha). DKD is a great movie, as is Ikiru. They are the crown jewels that show Akira was not a one-trick samurai pony. They reveal his artistry and mastery of cinema.",positive
"This film is a tapestry, a series of portraits of Rom communities woven together by music. It's very much a musician's film, because of the paucity of spoken dialogue - and what dialogue there is, is not important to the structure of the narrative. Some might expect a National Geographic tale of ""customs, dress, and music"" or a plot-line orbiting a few central characters - don't look for that here.<br /><br />This is because it paints a portrait of a family of peoples, rather than telling a story of individuals. The plot is the story through space (India to Andalucia) and/or/ time (we cannot tell) of a people. There is no need of narration. You get a sense of a joyous people, strongly linked in small communities where social interaction is very important. And a great sense of sadness in parts, at their rejection by society at large.<br /><br />So it's a paean to Rom culture, very beautifully shot, with a wide spectrum of Rom music, and a sting in the tail which is the oppression these people have faced, and still face.",positive
"These writers are trying to re-create the characters they have on ""scrubs"" in a different occupation however the characters they are stuck with have no charisma or acting ability not to mention the writing seems poor and effortless. These guys are trying to create something that would be good if the writing wasn't so disgusting which is leaving the shows only lifeline to be two attractive teachers that that are barely keeping it alive. The humor in this show seems like it is trying to target an audience with an I.Q. of 40 or below. Another reason why this show is becoming a failure could be that the writing on the show ""scrubs"" is excellent and this show has to follow it up leaving the viewer in an odd position not knowing whether to cry or to just lose hope in new sitcoms all together. This is just my opinion but i think these guys should stop now before they humiliate themselves anymore than they have already.",negative
"The first time I had the window of opportunity to see this all but forgotten classic was back in the early 1980's,at one of our art houses as a revival. As I watched this fever dream of an exercise in 1930's sexuality, I thought YOWZA! They got away with murder in Europe back in the day. Unfortunately, this film was heavily cut in it's original U.S. release by the blue nosed Hayes Office (the staunch government censorship board,started by the ""holier than thou"" Bible thumper, Will Hayes...a former Post Office official,if you can believe that),due to it's overall theme of human sexuality (Heaven's forbid humans actually had sex in the 1930's). The plot of Ecstasy concerns a young woman (played by Hedy Lamarr)who marries a much older man,and later regrets it. She (Lamarr)meets a handsome younger man & has an affair with him, resulting in a divorce from previous husband (another no no in Hollywood movies back then---Divorce!). Despite the fact that the film was produced in 1933, it was probably the director's first time working in the sound format (i.e. the film seems to possess techniques that were used mostly in silent films---i.e. 1920's expressionism's). It's still worth searching out for a window into early European talking pictures,along with Luis Bunuels L'Age Dor (1930),and Karl Gustav Dryer's 'Vampyre' (1931). Not rated,but contains that infamous nude swimming scene & some thinly veiled sexual references, which would fare little more than a PG-13 by today's standards (but would have easily landed the dreaded 'X',back in the 30's,if it existed then)",positive
"almost 4 years after the events of 911, if asked what comes to mind about that day, most people would probably comment on things such as the sight of planes crashing into and the collapse of the twin towers, the scores of people being killed, acts of terrorism and heroism mixed together, etc. everyone who was alive at the time will never forget that day. yet for most of us the memories, although moving, are not on a personal level. now comes an extraordinary film which gives everyone who did not lose a friend or a family member a chance to become involved at a personal level in just what we lost on 911. this is a film that needs to be seen.",positive
"Boston legal has turned its tail and is headed for the barn door and th pig slop it has created! When this show first aired almost four season back it was a humorous slap at the legal system which all actors seem to take pride in portraying. It was funny, diversified, and to some extent factual. The characters portrayed were acceptable and to an extent real in their portrayals. The sexual comment and activity were limited and humorous. Julie Bowen is and was beautiful as in other series she participated but is now dragged to the lower depths of Media programming of sex and violence. Julie is an excellent actress and needs a more stable platform than this ""production"". Rene Adjurdubois Is an excellent actor who has from the days of ""Benson"" to this production held his own in the field of entertainment, always showing the humor and respectful acting of the production. Captain Kirk ""is"". Funny and humorous is Candace Bergan and is to be admired for her continuing in this production and is a good actress. James Spader, there is no doubt in his acting ability, however he should go back to his XXX origins such as ""Crash"" as it appears he has much talent and inclination in that direction. We ask that this series be trashed as it already is and its really starting to smell!!!",negative
"Okay, you have:<br /><br />Penelope Keith as Miss Herringbone-Tweed, B.B.E. (Backbone of England.) She's killed off in the first scene - that's right, folks; this show has no backbone!<br /><br />Peter O'Toole as Ol' Colonel Cricket from The First War and now the emblazered Lord of the Manor.<br /><br />Joanna Lumley as the ensweatered Lady of the Manor, 20 years younger than the colonel and 20 years past her own prime but still glamourous (Brit spelling, not mine) enough to have a toy-boy on the side. It's alright, they have Col. Cricket's full knowledge and consent (they guy even comes 'round for Christmas!) Still, she's considerate of the colonel enough to have said toy-boy her own age (what a gal!)<br /><br />David McCallum as said toy-boy, equally as pointlessly glamourous as his squeeze. Pilcher couldn't come up with any cover for him within the story, so she gave him a hush-hush job at the Circus.<br /><br />and finally:<br /><br />Susan Hampshire as Miss Polonia Teacups, Venerable Headmistress of the Venerable Girls' Boarding-School, serving tea in her office with a dash of deep, poignant advice for life in the outside world just before graduation. Her best bit of advice: ""I've only been to Nancherrow (the local Stately Home of England) once. I thought it was very beautiful but, somehow, not part of the real world."" Well, we can't say they didn't warn us.<br /><br />Ah, Susan - time was, your character would have been running the whole show. They don't write 'em like that any more. Our loss, not yours.<br /><br />So - with a cast and setting like this, you have the re-makings of ""Brideshead Revisited,"" right?<br /><br />Wrong! They took these 1-dimensional supporting roles because they paid so well. After all, acting is one of the oldest temp-jobs there is (YOU name another!)<br /><br />First warning sign: lots and lots of backlighting. They get around it by shooting outdoors - ""hey, it's just the sunlight!""<br /><br />Second warning sign: Leading Lady cries a lot. When not crying, her eyes are moist. That's the law of romance novels: Leading Lady is ""dewy-eyed.""<br /><br />Henceforth, Leading Lady shall be known as L.L.<br /><br />Third warning sign: L.L. actually has stars in her eyes when she's in love. Still, I'll give Emily Mortimer an award just for having to act with that spotlight in her eyes (I wonder . did they use contacts?)<br /><br />And lastly, fourth warning sign: no on-screen female character is ""Mrs."" She's either ""Miss"" or ""Lady.""<br /><br />When all was said and done, I still couldn't tell you who was pursuing whom and why. I couldn't even tell you what was said and done.<br /><br />To sum up: they all live through World War II without anything happening to them at all.<br /><br />OK, at the end, L.L. finds she's lost her parents to the Japanese prison camps and baby sis comes home catatonic. Meanwhile (there's always a ""meanwhile,"") some young guy L.L. had a crush on (when, I don't know) comes home from some wartime tough spot and is found living on the street by Lady of the Manor (must be some street if SHE's going to find him there.) Both war casualties are whisked away to recover at Nancherrow (SOMEBODY has to be ""whisked away"" SOMEWHERE in these romance stories!)<br /><br />Great drama.",negative
"What starts off fairly well (and quite disturbing) quickly sinks into an annoying mess.<br /><br />Dee Snider (of Twisted Sister infamy) apparently penned the screenplay from his own idea, and while the idea of a cyber-stalking pierce freak has potential, they really blow it here on uneven pacing, bad dialogue, and one of the greatest non-endings you'll ever see. Despite some lifeless performances, the director manages a genuinely creepy first reel. This really looks like it's going to be a good low-budget effort.<br /><br />No such luck. The plot goes all over the map, and Snider's character relentlessly spits out tiresome psychotic fortune cookie lines that are supposed to pass for meaningful dialogue. Worse, the supporting cast barely registers, and the only halfway believable dialogue comes from a young girl who helps a detective navigate the internet.<br /><br />What a waste of a great idea. Oh, and there is a new twisted Sister song, if you care.",negative
"this isn't 'Bonnie and Clyde' or 'Thelma and Louise' but it is a fine road movie. it sets up its two main characters gently and easily. viewers learn the underlying tensions quickly, which is a tribute to the director. there is the young french (and English) speaking son who wants to do well in France, has a french girlfriend and who drinks alcohol, parties as young men do. And there is his moroccan arabic (and french) speaking father who devoutly follows his Muslim faith, with generosity and the wisdom of elders and who rejects the new culture surrounding him (like mobile phones). the film could explore very powerful politics - the odd couple drive thru the former Yugoslavia, thru Turkey and then thru the Middle East to get to Mecca. these are areas where the Muslim populations have been involved in wars, repression, ethnic cleansing; where dictators have pursued torture and summary executions to hold power and where religious communities are in constant deadly battle with each other. yet the film moves thru those places and possibilities with only hints of such agendas. the relationship between the two is key to this film, and faith, politics are the backdrop. it seems to be saying that we are all human, and need to understand and care for each other in order to manage well in this world. it certainly isn't 'Natural Born Killers' and is all the better for it.",positive
"Growing up with the Beast Wars transformers, I wasn't very familiar with the original Transformers, and now that I have seen the awesome movie, and now that I have seen the older cartoon on which it's based, I have to say I like the original cartoon and the live action movie more than Beast Wars.<br /><br />Not that I don't like the BW characters, I just think that characters like Optimus Prime are better than Optimus Primal.<br /><br />I mean, ""AUTOBOTS TRANSFORM AND ROLL OUT!"" sounds a lot better than ""MAXIMALS MAXIMIZE!"" The voice of the original Optimus Prime still makes me a strong believer that he's a real commander, more so than Optimus Primal.<br /><br />Besides, Powermaster Optimus Prime is a lot more powerful than Optimal Optimus. Just look on the web! <br /><br />Megatron in the BW character seemed more like a humorous version of the more evil version of him in the original series.<br /><br />Besides what's cooler, robots changing into animals or robots changing into vehicles and spaceships? Gimme the original Transformers any day over Beast Wars!",negative
"Watching The Tenants has been a interesting experience for me. It is the first film I have ever seen where I have shuttled at speed through parts of the (non)action - and I can normally watch anything from turgid action movies to Serbo-Croat indie and find them fascinating.<br /><br />The Tenants is frustratingly sluggish and over-orchestrated. One of the main problems of the script is there is little realistic character dialogue, apart from the set pieces where characters 'collide' in a very structured setting (to make this work, the film needed to feel more conceptual, which it didn't). This leads to a lack of realistic character development; everyone seems two-dimensional.<br /><br />The worse for this is the character of Bill Spear, aka Snoop Dogg. I found his characterization very uncomfortable and very unsympathetic. At one point, I even stopped the film because I got so annoyed by the character's aggressive, violent and monotonal delivery, the lack of any other personality layer apart from that of the reactionary ""on"" switch (which gets really predictable after a while) and I so desperately wanted him to have some redeeming qualities. However, one reason for this jar might be the nebulous time scape of the film (supposedly 70s, it feels and looks more early noughties). If it had been more securely fixed in the 70s, his character might have seemed more understandable.<br /><br />The lighting of the film was also awkward. All the way through, the soundtrack attempts to provide a certain gritty, jazz-infused atmosphere that just did not come off, largely because the set was too well-lit.<br /><br />The Tenants, to me, is an unbelievable film. It doesn't depict real people or propose any interesting ways of thinking about race, identity or the life of a writer, be they white or black.<br /><br />Strangely, I came away with the feeling that this project needed David Lynch; his eerie, clastrophobic and obsessive look and feel would have lifted both the actors and the script into something quite remarkable.",negative
"this is film is probably one of the best i've seen so far. i would put it only second to All About Lily Chou-chou because it kind of gives me the same vibes....'9 souls' is about 9 prisoners who have just escaped prison to go and find some counterfeit money stored in a time capsule at Mount Fuji Primary School. they later find out that there wasn't much there and set off on their own ways. the first half of the movie is just a time for the characters to be introduced and for the main points to be stated. it is a comedic yet serious part of the journey. the second half, moved me to tears. as the movie progresses, each character goes and tries to fulfill their dreams, but unfortunately ending somewhat badly. in the end only 2 of the 9 escapees are left. the way that each character left the scene was very sad and you will probably feel tears in your eyes. a beautiful film directed fantastically. this is a movie for people who have enjoyed Toshiaki Toyoda's other films such as 'Blue Spring'.",positive
"This movie truly shows the farce and hypocrisy of Indian society. What it tries to show you is only ONE side of the story. The other side of the story is the hidden emotional and mental abuse of Indian children which this movie does not show.<br /><br />""Indian Parents"" are culpable for the following: a. Destroying the individuality of the children by making them completely dependent on the parents at a very early age. Such children grow up to be Adults only in physical looks but remain children in minds. Since everything has been provided to them by their great Indian parents, They children automatically do not feel the need to work hard at something or learn the basics of human communication with other human beings apart from their parents.<br /><br />B. I can show you so many Indian parents who try to prevent their kids making friends, going out or prevent them to do anything which starts making them to grow into adults.<br /><br />The reason why they do is the same selfishness. Indian parents ""expect"" their children to take care of them when they grow old. They do no savings for themselves and once they reach the age of 50...They cry out LOUD......We have grown old now and so we are dependent on you children since we have done the GREAT SERVICE of bringing you to this world and taking care of you and making you intellectually weak.<br /><br />Most of the Indian parents at the age of 50 have dilapidated bodies and health and are financially completely insecure. Most feel that they ABSOLUTELY have no need to take care of themselves since they ""expect"" their kids to take care of them.<br /><br />In the west the opposite of that happens. People start planning at the age of 20 about their retirement and once they retire they are financially secure.<br /><br />Indian parents do NOTHING of that sort since like I said they have brought the kids in the world and what better investment at that?.<br /><br />I am a victim of my Indian parents (i am sure there are countless other Indian kids like me), who have grown up physically but are still struggling with their lives on THEIR OWN and they continue to have pestering 50 year olds who cry out loud for HELP all the time.<br /><br />This movie shows only ONE side of the story.....UTTER piece of JUNK",negative
"Oh boy! Oh boy! On the cover of worn out VHS has a picture of Sandra Bullock and her name written on top. I think only reason they had chance to sell the movie in nineties, was because of Sandra Bullock's name. Bullock's fans don't have to disappoint. Sandra is only thing to watch in this movie and her performance is the only you can call acting. Rest of the movie It's fun to watch in first fifteen minutes because it's bad but after that it's going worse. Much worse. Directing is awful. Acting is awful. Script is awful. Dialog is awful. Action is awful. Music is quite good actually. Typical score for eighties action movies. This movie is so bad that it goes close to anything Andy Sidaris has ever produced. It's so bad that there isn't proper word to describe this poor attempt to be a movie. But still, there was Sandra Bullock. And super cool (sarcasm) Jake LaMotta who tried to be Marlon Brando. <br /><br />I think they can now bring the film out on DVD. It could be cool! And they should write on the cover: ACADEMY AWARD WINNER SANDRA BULLOCk IN HANGMEN<br /><br />1 out of 10",negative
"Don't listen to most of these people. ill give you a better review of this movie which me and my friend love! Its about Jill Johnson, played by Camilla Belle, who babysits at the Mendrakis' house and someone breaks in. if you're wondering how he got in the house, he went through the garage most likely. so anyway, don't listen to, ""the worst acting"". it has amazing acting. with a great story. I think that there are 2 benefits that Jill has. 1. shes a fast runner and is on the track team. 2.she got out alive! lol.<br /><br />it is a cool movie and quite scary. check it out, you will be happy with this masterpiece. don't listen to the other people on the site. its very good. trust me, i am good at reviewing movies. I'm a future movie critic. i totally want to buy this movie. and you will too when you see it. it is amazingly awesome.",positive
"I like end-of-days movies. I like B-movies. I was hoping I would like this movie.<br /><br />I could ignore the poor effects, the often atrocious music, the cringe-inducing lines. I could ignore the unexplained events, and the fact that the movie constantly relies on deus ex machina is excusable, given the subject matter. I could ignore the fact that the people who fight hunger and try to reach world peace are the bad guys. None of these things kill the movie. What kills this movie is that it's just plain and simple boring. Nothing actually happens; almost all scenes in the movie are designed to push the movie creators' morals on the viewers, at the cost of actually having a coherent story, or any kind of suspense.<br /><br />If you're looking for an entertaining B-movie, look elsewhere. This movie is just boring.",negative
"After searching for 6 months, I finally found this DVD. All I can say is it was damn well worth the wait! ""Rush in Rio"" may very well be the greatest rock DVD in existence. I'm not joking. It's incredible! All the fuss about the sound being crappy is true, however it doesn't make the concert unwatchable. I find it makes you feel like you're actually in Rio watching the concert from the audience. That's one of the reasons I love this DVD. It makes you feel like you're actually there. Also, Geddy, Alex and Neil have never been in better form! Geddy's vocals are flawless, Alex's guitar playing is still incredible, and Neil - absolutely no words to say. The camera work on this concert was very good I must say. They gave us a good look at everything that was going on on-stage, and in the audience. Kudos to the cameramen! Anyways, enough of my raving! Go watch ""Rush in Rio"" for yourself. You will be amazed. I guarantee it.<br /><br />10/10",positive
"First things first, this movie is achingly beautiful. A someone who works on 3D CG films as a lighter/compositor, the visuals blew me away. Every second I was stunned by what was on screen As for the story, well, it's okay. It's not going to set the world on fire, but if you like your futuristic Blade Runner-esquire tales (and who doesn't?) then you will be fine.<br /><br />I do have to say that I felt the voice acting was particularly bland and detracted from the movie as a whole. I saw it at the cinema in English, but I am hoping that there is a French version floating around somewhere.<br /><br />Definitely worth seeing.",positive
"Sarafina was a fun movie, and some of the songs were really great. Sarafina was very entertaining. I don't normally like music things like this, but the singing was not lame like it looked like on the box. The movie was useful for learning about history because it was an interesting perspective of the Soweto rioting of 1976. It showed you things from the perspective of the students in the rioting and showed you that they were real characters. Because you got to see them as real characters this makes you like them more as an audience, and makes you more sympathetic to them as totally the victims of the white government, who you can not sympathise with. The singing of the students is correct because we know from accounts that the students in the riot were singing and dancing before it became violent. The clothing of the students in Sarafina is very similar to the clothing shown in photos from Soweto. They made the movie actually in Soweto, which is why it looks very accurate in many parts. All these things make the film more accurate for someone using it to learn about aparthied. As viewers we must be critical of the way the history of Apartheid was presented. As I said before, you become sympathetic to the students - this makes it potentially less reliable and objective. Also, it changes some of the details from other accounts. In Sarafina it turns to chaos when the policeman comes into their classroom and shoots the students. The police and army were very aggressive at Soweto, but this is probably an exaggerated event. The police and army did shoot students, but there is not evidence of them going into schools and executing people like this. The fighting was more in the streets and had looting and crime. This is done in the movie probably to make you feel more sorry for the school students. The movie would have been more useful if it had some different information about aparthied. The teacher was arrested for being against the government, and the mum goes to work in a white persons house. But there is not any information about the government and why they were doing it or any details about the racist policies and laws. -By George S, Chris and Finlay",positive
"I'll make this brief. This was a joy to watch. It may or may not have been more effective if the characters had resembled their real life counterparts, but aside from this minor observation I found the fantasy animal characters to be most enjoyable. The visuals were most stunning except for the second-rate CG scenes, which could have been left out. I dislike computer generated animation anyways, it defeats the purpose of a biopic such as this one. Watch it, you will appreciate it too!",positive
"''The 40 Year Old Virgin'''made me laugh a lot. I don't care if it is considered to be a very sexual comedy, I just enjoyed many of the jokes and scenes present in this movie. Steve Carell is perfect as the virgin nerd Andy Stitzer and I think the scene where Andy has his chest hair removed by wax one of the coolest, specially because it is real. Many of the actors and actresses present in this movie are well known or already famous,by the way.<br /><br />Andy Stitzer has a peaceful life. He is a little bit strange and collects lots of toys, but seems harmless. One day, while playing poker with his friends of his work, they discover that Andy is in fact...virgin! And he is already 40 years old! After this surprising revelation, all his friends are trying to make Andy sleep with a woman...the problem is the confusions in which Andy gets in,specially now that he is really starting to like Trish, a woman he met when she was buying a DVD player in the store he works at.",positive
"The movie starts out with a bunch of Dead Men Walking peeps sitting in individual cells, waiting for their inevitable meeting with death represented by the electrical chair.<br /><br /> Then our ""hero"", who is called Tenshu, is taken to the chair, he's zapped, and then....he's still ""Alive"". AHA ! He is given a choice by some creepy military guys who look really cool : Either we zap you until we've made sure you're actually dead OR you can walk through this door and take whatever destiny might lie ahead of you"". Our hero says yes to option 2, and then the actual story commences.<br /><br /> He wakes up in a different sort of cell (very high-tech and very big), where he finds another cell-mate, who also managed to survive the electric boogie-ride. A voice in the speakers tells them that they are free to do whatever they wish, as long as it happens within that room. Sounds a little suspicious, but the two men accept : What else can they do ?<br /><br /> What these two men do not know is that they have been set together, so they can awaken an inner urge to kill within them. Basically the unknown scientists in the background p**s them off until they decide that they should kill each other. Sounds weird ? Indeed, but there's a greater purpose to all of this. THIS is the part which should not be revealed, and so it shall remain unrevealed.<br /><br /> But fear not, it is the unknown that lures the viewer to watch more of this pseudo-action movie, fore it has an entirely different approach to the question : How long time can you stand being with a man who's an S.O.B. and would you kill him to obtain freedom ?<br /><br /> The first hour is basically trying to awaken your interest, it sneaks up without you actually knowing it. Then it becomes a roller coaster ride with WILD Matrix-like action fight-scenes with a touch of individuality to honor the comic book from which the movie is based upon.<br /><br /> The movie is indeed very special, so special that normal cinemas won't view it under normal circumstances. However, the story is fascinating, the music is fantastic, and the actors do their bit (some more than others) to make the movie truly unique.<br /><br /> If you should be so fortunate that your cinema or video store has it, watch it, and enjoy the fact that not everyone is trying to make mainstream movies to earn huge bunches of cash.<br /><br />",positive
"What can I say? I think I have to write ""Spoiler alert"" and then ""reveal"" they used the F-word a LOT in this movie - like in every two sentences. I did not like this movie at all - too much hints on sexual perversions, sidesteps and cheating. And that swearing was totally out the window. I gave this movie ""3"" and two of those points are for Mira Sorvino's sexy movements on the dance floor.",negative
"This movie is George C. Scott at his very best, Bernard Hughes at his very best and Diana Rigg at her most pithy, and of course Paddy Chaevsky writing at ""masterpiece"" warp! There are also very brief snippets of future biggies like Susan Sarandon, Stockard Channing etc., who have one scene lines that you don't necessarily spot until your fifth or sixth time watching. Nancy Marchand as a young to middle age nurse supervisor is also superb, as well as practically every ""face"" in Hollywood of 1970.<br /><br />It is one of the few movies that gets better the more times you see it. Watch for the ""surprise"" scene ala ""Wait until Dark""! This is one of the few movies I have ever bought on DVD. It is that superb.",positive
"I tried to watch this adaptation, but it was just so awful I couldn't torture myself like that. The performances were quite sub-par, with the exception of Ariel. Fonda was way over the top in a role that should be handled with some subtlety. I have studied Shakespeare and seen many adaptations, and this is, by far, the worst one I have ever seen. I have to wonder why on Earth someone made this film. Shakespeare can, and has been, beautifully adapted in many cases. This is not one of them. If you must watch this film, may I suggest a drinking game? Take a drink every time they go off book from the original idea and two drinks every time Fonda overacts. You should be quite drunk in a very short time.",negative
"This is a great British film. A cleverly observed script with many quotable lines, which captures perfectly what magic mushrooms can do to a man over a weekend. As per usual Phil Daniels is excellent along with that most under rated of British actors Geoff Bell. Peter Bowles with a joint hanging out of his mouth is a casting masterstroke and Gary Stretch with his brooding looks brings something strangely atmospheric to the piece. Although it seems to be billed as a biker movie, i think it will find an audience outside of this, purely on the premise that a lot of people have been there done it and got the t-shirt. also A great original soundtrack with a blinding version of Freebird. This really could be a 21st century heir to the famous Ealing comedies. Like the weed in the Welsh fields: it's a grower!",positive
"I saw this movie in Blockbuster and thought it might be a good Sunday evening movie when there is nothing else to do. So I bought it used, 3 DVDs for $25. Although it was cheap, my money would have been better spent on a nail to drive through my foot.<br /><br />The film started out nicely. Kinda Dark and mysterious. I was always enthralled with vampire and samurai movies as a kid. I thought the combo would be really cool. The first fight scene was pretty cool. I was excited for the rest of the movie. Then the movie took a serious nose dive.<br /><br />I understand that this was a big hit in the east. I guess because of the twins. I don't see it though. This movie, aside from the first 10 minutes, was absolutely horrible. So many movies in this genre have the potential to be great, and blow it terribly. This is just another casualty.<br /><br />Jacki Chan's role in this film doesn't make any sense at all. Whyyyyyyyy? Complete silliness. He probably made a few bucks off it though.<br /><br />The only cool thing in this movie are the swords they use. Nice idea.<br /><br />I wouldn't recommend this movie to anyone.",negative
"One of the worst things a film studio can do is exploit the tragedies of others, commercializing a 'shock' or 'gore' factor in order to sell tickets to be able to buy their Birch a new diamond necklace. Another worst thing is to totally misrepresent the true facts of an incredible saga by fabricating events, dialog and images to the director's own liking. Lastly, one of the worst things a film studio can do is to use bottom-of-the-barrel actors and shoot it all on a sound stage that was rented for fifty cents a day. All three of these travesties the makers of this film are guilty of. This is, hands-down, the worst movie I have ever seen, and I've seen thousands. A score of '1' is too good for this waste of celluloid. Not only should the filmmakers be ashamed for making it, they should be ashamed for negatively exploiting the heroes of this story, which are the people who experienced this tragedy firsthand, both the living and the dead.",negative
"Woody Allen, when at his best, has one of the sharpest pens around. He can make an acute observation and wrap it around a punch line like nobody else. However, when he's at his worst his movies can stench of pretentiousness. Unfortunately, ""Melinda and Melinda"" has this stench from opening to closing. The set up is one of his more intriguing ideas in a while. Four friends sit in a restaurant discussing whether the essence of life is comedy or drama. To help settle the argument, one man relates the beginning of a story and asks the two other men arguing (one a comic playwright, the other a dramatic playwright) whether the story is a comedy or a tragedy. The two men then continue the story and the movie plays out the stories that they weave. Now, when I first heard about this film, my understanding was that they tell the exact same story, the genre (comedy or drama) only changes by how you look at it. Now that would have been interesting. However, the stories only share one main element and a few side elements. They are entirely different stories with major plot differences. The drama is so stiffly scripted and pretentious that it can only really work as self-parody. If this was the point, then it failed because these elements prevent the audience from feeling any emotional investment in any of the characters. The comedy is the story that has moments of success, but they are still short and fleeting. Will Farrell is obviously meant to be the stand-in for Woody, but he could have played this character so much more believably without adding Woody's stutters and hand-ticks. Woody is the best at being Woody. When someone else tries, they're not playing a character, they are modeling a recognizable actor. This type of thing only pulls the audience out of the story.<br /><br />My favorite Woody Allen movies make me leave the theater a little bit lighter in spirit than I walked in. This one made me wish I could get my money back.",negative
"If the only sex you've ever had is with a farm animal, then the tag line for this movie is probably still misleading.<br /><br />This is by far one of the most boring movies I've had the pleasure to try and watch lately. I found the DVD lying around at my friend's house, and I made the sad mistake of not burning it.<br /><br />I am unable to tell any details without spoiling the movie because there are only about 5 details to this movie. Just try to imagine someone making a movie about things on c-span only the fictional movie is 10 times less interesting than the most boring debate on c-span.<br /><br />I think there is a conspiracy somewhere in this movie, but I was unable to tell exactly what it was after I gouched my eyeballs out and threw them at Richard Gere.",negative
"Where was this film when I was a kid? After his parents split up Tadashi moves with his mom to live his his grandfather. Tadashi's sister stays with their dad and they talk frequently on the phone. Grandfather is only ""here"" every third day. Moms never really home. The kids always are picking on the poor kid. During a village festival Tadashi is chosen the ""kirin rider"" or spiritual champion of the peace and justice. Little does he suspect that soon he will have to actually step into role of hero as the forces of darkness join up with the rage of things discarded in a plot to destroy mankind and the spiritual world.<br /><br />Okay that was the easy part. Now comes the hard part, trying to explain the film.<br /><br />This is a great kids film. No this is a great film,flawed, (very flawed?) but a great film none the less. It unfolds like all of those great books you loved as a kid and is just as dense at times as Tadashi struggles to find the strength to become a hero. Watching it I felt I was reading a great book, and thought how huge this would have been if it was a book. I loved that the film does not follow a normal path. Things often happen out of happenstance or through miscommunication, one character gets sucked into events simply because his foot falls asleep. There are twists and turns and moments that seem like non sequiters and are all the more charming for it (which is typical Miike) Certainly its a Takashi Miike film. That Japanese master of film is clearly in charge of a film that often touching, scary and funny all at the same time. No one except Miike seems to understand that you can have many emotions at the same time, or that you can suddenly have twists as things get dark one second and then funny the next. I admire the fact that Miike has made a film that is bleak and hopeful, that doesn't shy away from being scary, I mean really scary, especially for kids. This is the same dark territory that should be in the Harry Potter movies but rarely is. This a dark Grimms tale with humor. My first reaction upon seeing the opening image was that I couldn't believe anyone would begin a kids film with a picture of the end of the world, then I realized who was making the movie. Hats off to Miike for making a movie that knows kids can handle the frightening images.<br /><br />Its also operating on more than one level. The mechanical monsters that the bad guys make are forged from mankind's discarded junk. Its the rage of being thrown away that fuels the monsters.One of the Yokai (spirits) talks about the rage sneakers thrown away because they are dirty or too small feels when they are tossed. You also have one of the good guys refusing to join the bad guys because that would be the human thing to do. Its a wild concept, but like other things floating around its what lifts this movie to another level. (there are a good many riffs and references to other movies,TV shows and novels that make me wonder who this film is for since kids may not understand them, though many parents will) And of course there are the monsters. They run the gamut from cheesy to spectacular with stops everywhere in between. Frankly you have to forgive the unevenness of their creation simply because they are has to be hundreds if not thousands of monsters on screen. Its way cool and it works. One of the main characters is a Yokai which I think is best described as a hamster in a tunic and is often played by a stuffed animal, it looks dumb and yet you will be cheering the little bugger and loving every moment he rides on Tadashi's head. (Acceptance is also easier if you've ever seen the old woodcuts of the weird Japanese monsters) I mentioned flaws, and there are a few. The effects are uneven, some of the sudden turns are a bit odd (even if understandable) and a few other minor things which are fading now some two hours after watching the film.. None of them truly hurt the film over all, however most kind of keep you from being completely happy with the movie.<br /><br />I really loved this movie. I'm pretty sure that if I saw this as a kid it would have been my favorite film of all time. (where's the English dub?).See this movie. Its a great trip. (Besides its a good introduction to the films of Miike minus the blood and graphic sex)",positive
I wasn't planning on watching wasted when I saw the MTV preview but since I had nothing better to do or watch on a Sunday night I watched it.<br /><br />Wasted was no Requiem for a Dream but it was a very good movie considering it was made by MTV. One thing that drew me to watching it was Summer Pheonix the sister of the late and wonderful River Pheonix stared. I suppose talent runs in the Pheonix family because she was good and so is Jaquien though niether are River. Nick Stahl also gives a great preformance as a junky jock. There isn't much else to say about wasted. It was a dark depressing and insightful look into the lives of three small town junkies. I recomend it to those who like the subject. 8/10,positive
"I saw this movie on Thursdays night after having a really boring day. I had no expectations, those I had were rather negative. Being that the only movie I've ever watched Jimmy in is the American version of Taxi with Queen Latifah(?)...don't ask why! But seriously..this movie is so cute! Drew Barrymore is always sweet, but I almost fell in love with Fallon's character. Why can't I meet a cute nerd like that. :) Movies like that are excellent. Simple, sweet and necessary. Sunday on a Thursdays. I'm not even a sports fan, but it's something about American movies with baseball that fascinates me. Probably the fact that we don't have that sport here in Norway.<br /><br />(My first comment ever.) Haha",positive
"As someone who likes chase scenes and was really intrigued by this fascinating true-life tale, I was optimistic heading into this film but too many obstacles got into the way of the good story it should have been.<br /><br />THE BAD - I'm a fan of Robert Duvall and many of the characters he has played, but his role here is a dull one as an insurance investigator.<br /><br />The dialog is insipid and the pretty Kathryn Harrold is real garbage-mouth. From what I read, there were several directors replacing each other on this film, and that's too bad. You can tell things aren't right with the story. I couldn't get ""involved"" with Treat Williams' portrayal of Cooper, either. He should have been fascinating, but he wasn't in this movie. It's also kind of a sad comment that a guy committing a crime is some sort of ""folk hero,"" but I admit I wound up rooting for the guy, too.<br /><br />Not everything was disappointing. I can't complain about the scenery, from the lush, green forests of Oregon to the desert in Arizona.<br /><br />I'd like to see this movie re-made and done better, because it is a one-of-a-kind story.",negative
"""Landscape after a battle"" opens with escaping prisoners over a snowy field full of fences - in rather funny movements accompanied by Vivaldis Four Seasons. A touching opening. But we soon enough learn to know these prisoners as a mob, and when they (also treated humouristic) burry a man alive, the protagonist stops for a moment, but is soon more engaged in finding books from the turndowned camp than caring about his neighbour.<br /><br />The rest of the film is set in an American camp from where the prisoners are not released, in some kind of semi freedom, semi camp. A perfect set for a study of war criminality, American camps, Polish nationalism, Catholisism, grief and human misery in general.<br /><br />Film makes an important turn. In comes women, and with them film changes light, colour and temper. At the same time it turns out that these prisoners were slaves in Holocaust. I think a main underlying political theme of the film must mankind's treatments of Jews under and after the world war, and not only the Nazi exterminations, but mankind letting it happen - and even forcing them out of Europe after the war. On an emotional level the film is about grief and the problem with letting grief come, how environment makes grief difficult, and how difficult it can be to share grief for people with different experiences. <br /><br />But the film is a carpet of underlying contradictions,humour, irony and sudden beauty. A couple of times during the film a gypsy prisoner plays on an harp, an emotional tune brutally rejected (filmatically speaking) by the protagonist. That example picks up an important essence of the film's style and theme. When it comes to humour its very comic how the protagonist constantly looses and finds back his glasses, in crowds, in hay stacks etc.<br /><br />Its not hard to understand Spielberg's respect of Wajda when you see this film. The great treatment of light can be compared with Spielberg on his best. The Grunwald intermezzo speaks for itself. Narrativly it only brings the film out of the camp, but filmatically it brings the film to dream and eternity with profound beauty. Anyhow, there is also another scene I can't let go without comment. Its the Christian Supper. Undoubtly ironical, but simultaneously deeply religious we see the transsubstantiation moment, everybody falling on their knees, while the protagonist is saved from isolation by the priest to serve as a comic altar boy. His bells are mocking the scene, but also gives it emotion and love. When Nina gets her bread, sun light falls upon her and bells ring spheric, its the peak moment of the film.<br /><br />Main actors are excellent in their roles. Olbrychski as the perfect Wajda protagonist - the doubting reflecting mind, unable to put all the aspects of his mind and emotion into life. Beautiful Celinska is with great body acting debuting in a character unable to express all her inner in her proud movements.<br /><br />Those who try to describe everything, often are unable to take nothing in consideration. This is what Wajda manages. His films are either very moving, deep or beautifully shot, but pays attention to life's and society's particularity. A moment of joy for one, is the moment of irony for a second, the moment of grief for the third, a moment of nothing for the fourth.<br /><br />There is at least two reasons to pay attention to Wajdas films of this period. First is the remarkable free expression of deep political impact. This country was the first to overthrow communism twenty years later. Second is the development of a filmatic and narrative language that Kusturica has rose to grandeur.",positive
"i can't believe how dumb this movie truly is. the storyline (written by keira knightley's mother) is what ruins the movie to the extreme. it is straight out dull, absurd, and makes absolutely no sense whatsoever...<br /><br />this movie lagged so bad for most of it, especially at the beginning. the story just kept going on and on about their everyday flirts with each other, often times seeming like a threesome. in this movie, you have an annoying deadbeat couple (the poet and his wife) who are complete total drunks from the start. the wife sleeps around with other men to make ends meet, while the poet is a pervert who thrives on cheap boos and women. the wife, who waaayyyyyy too quickly becomes friends with his former childhood lover (played by keira) suddenly gets jealous, knowing full well that the two were lovers since they were kids. something doesn't seem right here....i mean, come on... get with the program lady! what'd you expect.<br /><br />bottom line is: former lovers meet again with new wife embracing it, then gets jealous, then former woman lover gets married and her husband gets jealous, bombards the crazy drunk couple's home, crazy husband calls police, and they end up going to court for the man's attempted murder charges. that's it summed up in a nutshell...<br /><br />this movie had it's moments such as the quality and good acting by cillian murphy, but other than that, i cannot believe i watched it... i complained about it during the movie and some family members watching it with me fell asleep. i decided to give it a chance and i should have stuck to my first instincts.",negative
"I am a fan of the paranormal and I love Ghost Hunters so when this show first came out I decided to give it a try. I could barely sit through one episode. The show is so obviously staged. I mean come on, every single episode involves someone being possessed or involves a demonic force trying to kill the family. Another huge flaw is that these guys never debunk anything. When I watch Ghost Hunters they find evidence and try to disprove it and if they can't then it is evidence. On this show they find a voice or a piece of video evidence and they are very quick to call it a ghost. This completely ruins their credibility unlike TAPS and Ghost Hunters who actually know what they're doing. Honestly if you're interested in the paranormal and want to watch a show about it watch Ghost Hunters.",negative
"I`ve seen this movie twice, both times on Cinemax. The first time in it`s unrated version which is soft-core porn at it`s best and the second time in a trimmed down (cut all the sex and most of the nudity out) version which was entertaining in a typical beach movie sort of way. The unrated version has a tremendous sex scene with Nikki Fritz, a dude and a bottle of oil which is out of this world (no pun intended). Unfortunately, in the trimmed version that scene is almost completely chopped out, as are all the other sex scenes. Rated or unrated it is still fun to watch all the siblings of bigger stars (Stallone, Sheen, Travolta, etc;) trying to act. We also get appearances by B-queen Linnea Quigley and Burt Ward (Robin from the old Batman series).",positive
"Being born in the 1960's I grew up watching the TV ""Movies of the Week"" in the early 70's and loved the creepy movies that were routinely shown including ""Crowhaven Farm"", ""Bad Ronald"", ""Satan's School for Girls"", ""Kolchak the Night Stalker"", etc, but this one is just plain dumb.This is obviously the writer's trying to capitalize on the horrific Manson murders from a few years earlier. The movie stars Dennis Weaver of ""McCloud"" and ""Duel"" fame as a father who takes his family camping on a beach. The family encounters some hippies who for some reason decide to terrorize the family. The reason for this is never explained, and Weaver's pacifistic stance is hard to swallow. For God's sake, call the police, beat the hell of them or something, just don't sit there and whine about it. The acting is pretty lame, the story unbelievable, etc. Susan Dey looks cute in a bikini but that's about it. Ignore this if it ever airs on TV.",negative
"There are plenty of comments already posted saying exactly how I felt about this film so Ill keep it short.<br /><br />""The Grinch"" I thought was marvellous - Jim Carrey is a truly talented, physical comedian as well as being a versatile clever actor (in my opinion). Mike Myers on the other hand gets his laughs by being annoying. I used to like him very much in his ""Waynes World"" and ""So I Married an Axe Murderer"" days - but Ive never been fond of Austin Powers and ""the Cat In The Hat"" has just finished me off. <br /><br />This film was horrible - the gags were horrible! inappropriate for children not only in adult content but in the fact that some of them were so dated they havent amused anyone for 50 years! The plot was messy, messy, messy! Its a shame really because the children were very likeable as was ""Mom"". They probably could have picked a better villain than Alec Baldwin - but he could have pulled it off if it weren't for Myers ugly, revolting over-acted portrayal of the Cat.<br /><br />I mean - did Myers even glance at a script? Was one written? The other actors seemed to have one - but the Cat just seemed to be winging it!<br /><br />On the other hand I would like to mention that the sets and props were marvellous!!! But unfortunately they cant save this film.<br /><br />Poor Dr Seuss - the man was a genius! Dont ruin his reputation by adapting his work in a such a lazy, messy way!!!<br /><br />1/10",negative
"I thought this movie was pretty good. Some parts were corny but that's understandable since it was made more than 55 years ago. I thought the best performance in the movie was given by Michele Morgan who played Millie convincingly. Jack Haley is also really good as Mike O'Brien. Even though I'm not a big Frank Sinatra fan, I think he was very good in this movie. If your have a craving for a silly, over the top musical comedy, Higher and Higher is the movie for you.<br /><br />",positive
"It is a tricky thing to play a queen. On the one hand, the actress has to be majestic and imperious, and on the other, she has to show vulnerability in a tough situation as well as the gathering of the courage and resolution to overcome the odds, since almost all movies about queens have that basic plot line. <br /><br />Emily Blunt is quite radiant as Victoria, but it's not as full a performance as I'd like, no blame to her. I can't help but feel like this is a Mills & Boon novel adaptation compared to a darker, more dramatic movie about another young queen, Elizabeth. Hence Blunt doesn't get to run the gamut of queenly emotions, at least not to the full extent, since she's, y'know, the young Victoria. To see the old Victoria, check out Mrs Brown.<br /><br />Jean-Marc Vallee is an interesting choice of director for the movie. He last did C.R.A.Z.Y., which was excellent and propelled him to fame. It was quite a different movie but I remember it looking gorgeous and that's probably the main similarity between the two movies. But while Vallee wrote C.R.A.Z.Y., this one was by Julian Fellowes, and though I really enjoyed his Gosford Park, the story for this movie was much less interesting. I soon got lost with all the governmental politics. Maybe it was less engaging because there was no potential beheading of the monarchy. I'm just saying.",positive
"Okay, I grew up on Who, but haven't loved a Doctor since Tom Baker. Christopher Eccleston made me love Who again and I'll be furious with him forever for leaving. <br /><br />The writing is grand, the acting superb, the directing (which was dreadful in the old days) is just fantastic. I was very skeptical about this programme, and watched it merely out of being forced, but am now a huge fan and love it (I have a ringtone of a Dalek screaming ""Exterminate"" then). <br /><br />A few of the things I love about the new programme -- 1) people actually notice when Rose (Billie Piper) disappears off the planet. Some of the old shows an assistant would drop off for a while, and then come home like nothing has happened, no one noticed. 2) Chris Eccleston's doc loves Rose -- romantic or not will be debated, but there is no doubt that 9 loves and cares about his companion. He'd destroy the world if he had to to save her, which the old show was lacking -- often a doctor wouldn't care if he never saw his assistants again. 3) They talk and think like real people -- when Rose is shown something outlandish or new (such as aliens) she acts like a real person would -- gobsmacked. I never liked it when an assistant from the old show, who never saw anything alien, would just fit right in and adapt instantly. I want to see the surprise on Rose's face when she sees a plastic dummy come to life. She gives that to me. <br /><br />The few things I don't like about this series: 1)nearly everything happens on earth (London or Cardiff) and I was sort of hoping for a more off-world sort of show. 2) That Eccleston left so quickly, he really made the show brilliant. <br /><br />But I can let those few things go -- I far more enjoy the series than I ever expected to, so I don't mind if they have stuff set on earth. <br /><br />Just don't take this show seriously -- it's fun, it's smart, it's entertaining, but it's not a super-serious heavy duty show. It's pure fun, and pure British, and I can't get enough. Watch it with an open mind, and just put your brain into neutral and enjoy!<br /><br />ps -- don't watch series 2 or later. series 1 was brilliant, the first few episodes of series 2 were good, but don't watch it once it gets to Love and Monsters. Utter rubbish, completely destroys the show.",positive
"A lonely depressed French boy Mathieu (Jeremie Elkaim) on vacation in the summer, meets and falls in love with Cedric (the gorgeous Stephane Rideau). Quiet and slow this is a very frustrating movie. On one hand, I was absorbed by it and really felt for the two boys. On the other I was getting annoyed--the film constantly keeps flashing around from the past to the present with no rhyme or reason. It's very confusing and pointless. <br /><br />SPOILERS AHEAD!!!<br /><br />Also there are tons of plot holes--Mathieu, at one point, does something that ends him up in the hospital. What is it--we're never told! Then he breaks up with Cedric and tells everybody else he's living with him. Why? We're not told. Then he hooks up inexplicably with another guy at the end. Why? No explanation. It's clear Cedric loves Mathieu and Mathieu is living in the same town so... However it is a tribute to the film that you really care about the characters so much. If only things were explained!<br /><br />Elkaim as Mathieu is not good. He's tall, handsome and has a nice body--but he can't act. His idea of acting is sitting around with a blank look on his face--all the time. Rideau, on the other hand, is great. He's VERY handsome, has a very nice body and is one hell of an actor. Also he has an incredible sexual magnetism about him. There is full frontal male nudity, lots of kissing and a fairly explicit sex scene in the movie which is great--most movies shy away from showing male-male love scenes. This one doesn't and it helps to see how the characters care and feel for each other.<br /><br />So, a frustrating film but somewhat worth seeing--especially for Rideau's nude scenes--that is, if you like good-looking nude young men!<br /><br />",positive
"What is supposed to be a simple generic mystery plot involving a dead philanthropist is, in fact, a head-ache inducing tale about a bunch of characters (the only big actor being Ginger Rogers, in a very early role) all trying to find the murderer among a small cast of residents in a posh apartment building. These characters range from utterly stupid to downright mean. As a cheap, low budget production, most of the action revolves around Rogers and her lead man (some guy, I don't care who he is 'cause he really sucked) talking about their various possibilities of solving the crime, while being constantly cut off by an absurd detective with his head in his butt. Honestly, I've never had a worse time watching an old b-rate movie of this type, and I've seen some real head-slappers.<br /><br />Oh, and the butler didn't do it, because there wasn't a butler. But pay attention to the guy who's closest to a butler. There ya go.<br /><br />--PolarisDiB",negative
"The best thing about the movie is the name, as it both describes the plot and the acting. At least they cannot say they didn't warn you... Kind of like the button labeled, ""Don't push this"".<br /><br />Segal must have run out of things that move like planes, trains, and ships but the plot remains the same. Under cover guy who fights slowly, but still beats like 40 mercenary types and doesn't even blink when doing so. What amazes me is that Segal is now as big as a barn and the bad guys still cannot hit him in a hallway with a machine gun and 50 clips of ammo. Where do all these bullets actually go to? The only redeeming feature of this movie is watching Nia Peeples pound Ja Rule (real name Jeffrey Atkins doesn't quite sound so punk) into the floor. I could spend days watching that woman kick her foot over her shoulder like that... especially wearing an outfit like that! It was just a bonus watching Jeffy get is *ss kicked, and fun hoping one of those kicks actually landed. Sorry, it's just time we get stupid wannabe tough guy can't act rappers out of the movies. PLEEEEEASE! Who came up with idea anyway? I'd lay odds it was the person who decided that Cameron Diaz and Drew Barrymore would pass as witty athletic Angels.<br /><br />The only surprising twist in this movie is that they don't do the politically correct thing and have Jeffy come in and save the day. No doubt if Snoop (otherwise known by his momma as Calvin Broadus which again doesn't sound so cool when you refer to him as Cal) had been in the movie, he'd throw some signs down on her and probably saved Segal's life or something.",negative
"OK i own this DVD i got it new at amazon... i mean i think its badass and a pretty cool flick and melissa bale the slutty/bitchy girl they pick up is hot as hell ..., the acting sucks and the whole polt just sucks the clown is some huge guy wearing a mask and its disgusting but its OK i wouldn't recommend it if like u wanted to rent a good entertaining flick after a hard days work but if u have nothing else to do and ur obbsessed with this stupid movies like i am, watch it sometime, and i do not know how artisan DVD has S.I.C.K. in its DVD collection , s.i.c.k. is not good enough to be owned by a half way decent movie company OK well thats all",negative
"Quentin Tarantino's partner in crime Roger Avary (co-writer on ""Pulp Fiction"") ventures out on his own (Q.T. goes exec. prod. this time) for this over-boiled French thriller.<br /><br />Eric Stoltz is Zed, safe cracker extraordinaire who has drifted over to France from the U.S. at the request of an old friend. There he teams up with a motley crew of drugged out hippies who, with little or no planning, think they can knock off a bank vault full of gold bullion on a French national holiday.<br /><br />Avary has reworked the robbery gone wrong theme that Tarantino developed so well in ""Reservoir Dogs"", only ""Killing Zoe"" is not good enough to survive on the strength of this alone, so Avary has thrown in a rather beautiful distraction. Julie Delpy is Zoe, a student come call girl who entertains Zed on his arrival in Paris. A stunning distraction she certainly is, but nothing more.<br /><br />I guess our director wanted to add a different angle to this basic theme, but sadly the move did not help to add the depth his shallow plot so desperately needed. There was never a story in this idea, which was nothing more than that, an idea. Even the surreal journey into the seedy dives of Paris is uninspiring. I figure one would have to concede that there was never much of a movie in the story of a bunch of gangsters shooting each other up over a botched jewellery heist either, that is until you add intricate characters and snappy dialogue. ""Reservoir Dogs"" had it, ""Killing Zoe"" did not.<br /><br />Stoltz's strong interpretation of the doubtful Zed and Jean Hughes-Anglade's mad portrayal of the obsessive ring leader do nothing to lift proceedings. In short, Avary has unsuccessfully attempted to conjure entertainment out of nothing.<br /><br />Friday, September 15, 1995 - Astor Theatre",negative
"My wife and I both thought this film a watered-down, made-for-TV (BBC) version of Manhattan Murder Mystery...which is itself good, but not great. The story has little inter- character tension or chemistry, and not much of a plot. Woody Allen's character just sort of wanders around running off at the mouth, and Hugh Jackman and Scarlett Johannsson don't have a lot more to do. It's pretty disappointing, I must say. Ian McShane's role is just an expanded cameo appearance. <br /><br />The first thing that occurred to me was ""I wonder how much the BBC had to pay Woody Allen to dislodge him from Manhatttan?"" He must've needed the money, and they must have needed his appeal to expand their audience beyond the youth market drawn to the two stars. I'm giving this movie 4 stars instead of 3 because it is unbothersome background noise. If you ever want something to have on while you're knitting or sorting your stamp collection, this'll do the job. I wouldn't pay to rent it again.",negative
"I saw the premier of this movie during the 2005 Phoenix Film Festival and was very impressed with the skill Director, Jeff Hare, exhibited in bringing this timely topic to the screen. The cast of characters meshed perfectly and allowed us to examine the issue of a senior wishing to die on ""his own terms"" in a very warm and humorous way. Peter Falk was brilliant as Morris and the supporting group of family members and friends were perfectly cast in their roles. The interaction of the family, friends and outsiders with Morris created a realistic view of how families address the issue of their parents aging and their wishes to die with dignity.<br /><br />Although this movie is ostensibly a movie about a Jewish Actor and his family, it is truly a movie about all families. The jokes the family and Morris crack during this romp through the life of a ""Force of Nature"" are fresh and realistic. Childhood rivalries, adult successes and failures, and hope for the children are integral to this screenplay. While many will question how you can make the topic of suicide ""humorous"", I thought the treatment logical and timely. If you are not afraid to shed a few tears or laugh at the quips of a family struggling with this issue, then you MUST SEE THIS MOVIE.<br /><br />The movie was awarded ""Best Picture"" at the Phoenix Film Festival.",positive
"The very first talking picture has returned from oblivion, and now you can hear it and see it! In autumn of 1894, at the Edison lab complex in West Orange, New Jersey, Thomas Edison's associate William Dickson tried to combine two existing technologies (the phonograph and the kinetoscope) to record sound and image together. In the event, Dickson was unable to synchronise the playback of sound and image, so this experimental film was never released to paying audiences ... and consequently (unlike many silent films which Dickson made for Edison at this time) it has no official title. The silent image (recorded at 40 fps) has been in the Library of Congress for years, known to film historians as a mute curiosity. It was also known that the 'soundtrack' had been recorded on one of the crude wax cylinders languishing at the Edison National Historic Site ... although nobody knew which one.<br /><br />But now that's changed. Recently, curators located the wax cylinder, which had broken into several pieces. These were reassembled: a playback was obtained, and the sound was digitised. Hollywood's veteran soundtrack editor Walter Murch cleaned up the background noise and tweaked the digitisation to make it synch with the film image, which Murch had digitally compressed to 30 fps. Sound and image are synchronised at last!<br /><br />The film begins with an offscreen man's voice calling: 'The rest of you fellows ready? Go ahead!' (The unseen speaker remains unidentified, but was probably Dickson's assistant Fred Ott.) On screen, Dickson plays a violin into an immense funnel mounted on a tripod (one of Edison's sound-recording devices) while alongside him, in full view of the camera, two male lab assistants embrace each other for some quick ballroom dancing to the tempo of Dickson's music.<br /><br />The film lasts barely 17 seconds: just long enough for us to marvel at this crude technology before being provoked to laughter at the sight of two men waltzing in each other's arms. Speaking of which, here's a WARNING: a well-known but extremely inaccurate reference book ('The Celluloid Closet', by the late Vito Russo) includes a frame enlargement from this movie and identifies it as 'The Gay Brothers'. That's incorrect. 'The Gay Brothers' is an entirely different movie, made by Dickson at the Edison lab during this same period. 'The Gay Brothers' never had a soundtrack: it's a brief fiction film about two brothers who are NOT 'gay' in the sense Russo meant it. The deceased Mr Russo, for his own reasons, wanted us to perceive Dickson's experimental sound film (arguably the first movie musical!) as an artefact of 19th-century homoeroticism. (Hmm, what is it about gay men and musicals?) Sorry, but there's just no such content here.<br /><br />This vitally important film deserves a rating of 10 out of 10. I've often maintained that no 'lost' movie should ever be considered irretrievable unless it was deliberately destroyed: I'm delighted to report that this film is finally available to audiences as its producer intended it, more than a century after it was filmed!",positive
"At the time, ""My Left Foot"" was the little movie that could. It was hugely popular, and everyone applauded the fact that such a small, independent film could make it all the way to the Oscars.<br /><br />Since then, movies like ""My Left Foot"" are a dime a dozen, so it might be hard in retrospect to understand what all the fuss was about. It's certainly a well made and competent film, but it's clear that the bulk of its success rests on the shoulders of Daniel Day-Lewis, who immerses himself in the role of Cristy Brown, a man living with cerebral palsy. Day-Lewis pulls off the same bit of stunt acting that had won Dustin Hoffman an Oscar the year before for playing a man with autism in ""Rain Man,"" and the Academy followed suit by giving Day-Lewis the same honor.<br /><br />The only thing really separating this film from a big budget Hollywood production is just that -- its budget. In every other way it's just as formulaic as any standard product. That's not to say it isn't a good movie, but it's not a masterpiece.<br /><br />Grade: A-",positive
"The only thing worse than surfers without any waves is a film about surfers without any waves. For viewers who love surfing this film will be a gigantic disappointment since the total number of minutes of surfing footage struggles to reach three.<br /><br />The story is a slice of life about beached surfers who are waiting not for the perfect wave, but for any wave at all. J.C. (Sean Pertwee) is an aging super surfer who is flirting with a commitment with his girlfriend Chloe (Catherine Zeta Jones). Just as he is about to find grown up bliss with the woman he loves, three old surfing friends turn up and convince him to hit the beach looking for monster waves at the Bone Yard. The trouble is, there are no waves until the very end of the film, so most of the story dissipates itself on a meandering succession of disconnected beach happenings.<br /><br />The acting is mostly mediocre. Sean Pertwee has a few comical moments, but mostly his acting was mundane. Ewan McGregor was decent as the drug dealing wild man, by far the most interesting and peculiar character of the bunch. Probably the funniest performance was turned in by Peter Gunn as Terry who turned his corpulent body into a continual sight gag. Catherine Zeta-Jones was sexy as usual, but her character didn't really have enough meat for her to show much acting ability.<br /><br />There is really not much here on which to comment. I rated it a 3/10. It's a real beach bummer.",negative
"MELTDOWN is pretty interesting SCI-FI. No major budget, very few special effects; but decent acting and a storyline of global doom is enough to sustain viewing. An asteroid grazes the atmosphere and thrust the Earth into an orbit closer to the sun. Global warming rapidly becomes unbearable. A determined LAPD cop(Casper Van Dien)goes all out to save the world from certain annihilation as the rising temps are devastating. The pressure is on to save mankind from this solar catastrophe; as well as protect his daughter, nurse ex-wife and TV reporter girlfriend. The cast includes: Stefanie Von Pfetten, Venus Terzo, Amanda Crew and Vincent Gale.",negative
"Sorry, but Jacqueline Hyde (get it??? - Jack L and Hyde - Jekyll & Hyde) has some of the worst acting this side of hardcore porn, not to mention a script apparently written by a first-grader with undiagnosed learning disabilities.<br /><br />Jackie Hyde inherits an old mansion by a grandfather she never knew she had. Guess who? Yes, an inventor of the special formula that slowly takes over one's body and mind - yes, that Mr. Hyde! <br /><br />Despite some nice skin scenes, this film fails to register any feeling or emotion other than uncontrollable laughter.<br /><br />As much as poor Jackie tries she just can't stay away from granddaddy's special formula and the result is an hour and half of wasted time.",negative
"This movie received a great write up in Blockbusters 'coming attraction' I was looking forward to the release date,08/07/02. The plot sounds reasonable, the cast alone should have guaranteed a side-splitter, but whoa there; apart from the 'off the wall betting events' this was quite a bore.<br /><br />This will never become a comedy classic, and I'm afraid it has done no help to the fine comedy reputation of John Cleese. Rowan Atkinson, now he was quite funny, in a Rowan Atkinson sort of way!",negative
"You know that mouthwash commercial where the guy has a mouth full of Listerine or whatever it is and he's trying really hard to keep from spitting it up into the sink? That's a great metaphor for this movie. I kept watching, even though it was really difficult. But keeping mouthwash in your mouth will leave you with a minty fresh feeling. This movie left me with a bad taste in my mouth. I should have spit it out when I had the chance.<br /><br />The premise is corny enough to be fun. For the first time in like a thousand years, Gargoyles have returned to Romania, and all of the priests who knew how to fight and kill these things are long dead. It's up to Michael Pare and some other secret agents to get to the bottom of things before the Gargoyles run amok. Unfortunately, the premise is completely lost in bad dialog and less than enthusiastic acting on the part of the human leads. The best acting is done by the CG Gargoyles.<br /><br />In the end, this movie feels like a poor man's Van Helsing. If you check your brain at the door, this might get you through a dreary Monday night. I gave it 3 out of 10 stars.",negative
"The first time I saw this was when I was with a date, and she thought it was an awesome movie. I didn't.<br /><br />The second time I saw this was last night on TV. It still sucks.<br /><br />As a love story this sucks. As having Julia portray a street hooker, this is repulsive. To me she was a librarian with a miniskirt and heels. She had no tough shell to her. She wasn't tortured, anguished, enraged, starving or anything else. Her ""HOOKER"" character was so flawed, like comparing a cubic zircon to a diamond. The two simply don't fit, no matter what they look like.<br /><br />The ONLY cast I felt was worth watching was the 2 bitchy saleswomen, whom were excellently cast. They did such a fine job that I hated them for the few seconds that they were on screen. They had real definition, for the minor roles. OK, so the movie wasn't entirely trash...the two ignorant saleswomen saved the film.<br /><br />Aside from those two women sales people, the rest of the cast...including the big names was just crap. Either everybody was an ass-kisser or had absolutely no reason to fill any dialog in the movie aside from just complimenting Julia Roberts or kissing ass to Richard Gere.<br /><br />This was a movie about how when you walk around in high-heels and a tight skirt in Beverly Hills, people leer at you and guys who work in hotels gawk as if they just had a baseball bat struck to their face.<br /><br />While in reality, the women who are dressed to the nines in Beverly Hills are hookers and prostitutes to a higher degree, but since they aren't wearing the gaudy Madonna looking jewelry or the patent boots, they can look down on the others who do.<br /><br />The hotel cast was sickeningly sad to watch, and anybody who had any real character had less than a minute of screen time.<br /><br />This is an insult to romantic movies, comedies, dramas and even to prostitutes who face wealthy customers on a daily basis with hopes of having their lives work out perfect.<br /><br />The story is about Julia Roberts being PIMPED (yes PIMPED) by a multimillionaire in a business suit and limousine.<br /><br />She is still owned, still told how to act, how to move, what to wear, what to say, where to go and what to do. He is more controlling than a street pimp, but the folks at Disney/buena vista butter it up to make it easier to swallow.<br /><br />Had Richard Gere been a black man with a gold tooth and an AK-47 at his side instead of an attaché case, this movie would be about how a woman has to struggle to get away from the harshness of prostitution. Same story, different characters will make a very different outlook.<br /><br />Oh yeah, change the white man for a black man or Asian or Spanish, have the land business deal be changed to a deal of weapons or narcotics and the entire concept of romantic comedy is thrown away.<br /><br />As far as I'm concerned, Pretty Woman is still trash, dressed with ribbons and bows.<br /><br />I didn't like it 15 years ago, when I didn't understand it and was led by the Hollywood hype. I hate it now that i can see past the pretty decorations that is called ""love"".<br /><br />This movie is NOT a romantic comedy. It's a story on how to control a woman as long as you have the means and income to do so.<br /><br />This is an insult to strong women, weak women and women in general, as well as to my television screen.<br /><br />Do I hate it? Yes. Does it suck? Yes Would I recommend it to you? NO...well maybe if I really hated you.<br /><br />Will this review get posted? We'll see.<br /><br />Anywayz, that's all for now.",negative
"I remember that the trailer for Legend of Zu was quite impressive and being a fan of A Man Called Hero (my all time favourite), Storm Riders I decided that I must watch this one too. I know that there is way to much critcism on Ekin Cheng's acting ability everywhere but he is my favourite Hong Kong moviestar so far (way better than Nicolas Tse nevertheless)and he is one of the factors that I enjoyed this movie. Without a doubt this film is a work of art from the beginning to the end. I even thought that only the actors were real and everything else was computer generated by the end of this film. They must have put a lot of work into this one and they deserve good credit for that. The storyline of the movie was a fairytale between good and evil with a love story thrown in (I guess Ekin Cheng pulls the girls easily).The story is not very intellectual and deep but that is not what you expect when watcing an action movie. I wished there were more martial arts action with fists and fist instead of battles with magical abilities, but well that's life and it never goes the way you want it to. And why did they sound like supersonic planes in the battle through the sky in the end ? That's way too funny. Legend of Zu cannot be A Man Called Hero in my eyes but it flows like a videogame and that is not a bad thing at all. If a company decides to publish games on this movie I will not get suprised as it carries all the videogames elements. Good work. Please make more fantasy movies like this",positive
"William Shakespeare's plays are classified as comedy, tragedy, or history. Some of his most memorable --and most often read -- creations provide us with wistful humor, gentle poetry and hilarious slapstick. Some of them survive as unforgettable dramas of compelling depth and gravity. Regardless, he was able to write with unparalleled skill and inventiveness, contributing greatly to our young language. So in what category lies The Merchant of Venice ? I was very surprised to find it is one of Shakespeare's comedies. I had never before read it nor seen it, but after watching this most recent film version I have decided it is neither and it is both. This is one of many questions the viewer must try to answer when coming to terms with what is clearly a perplexing and deeply troubling moral tragedy.<br /><br />The players are introduced quickly, and simply. One of them, firstly, is Venice itself; director Michael Radford filmed the Venetian scenes in the actual city, creating an impressively vibrant, bustling backdrop to the play's proceedings. To this scenery enters the youthful Bassanio (Joseph Fiennes), returning to Venice to see a dear old friend, Antonio (Jeremy Irons). It seems the poor Bassanio has heard of a princess whose father has died and has left to any potential suitors a lottery of sorts. Waiting at the fair lady's island estate are three small trunks, <br /><br />only one of which contains ""images of the princess"". He who can guess the right one, using only blind intuition and the cryptic teasers written upon them, will be bestowed the father's huge fortune for life. Oh, and his daughter and her eternal love in marriage, I forgot to mention. Here the light comedy of Shakespeare takes over the movie. This farcical plot element drives the story and also fills up much of the film's screen time, as a number of painfully eager opportunists arrive at the island, humorously vying for and failing to earn this very wealthy hand in marriage. But before any of this occurs Bassanio, very much lacking in finances, entreats Antonio to loan him three thousand ducats to pay for the lengthy journey he must take to have his shot at the prize. <br /><br />Antonio, himself nearly penniless, must reluctantly embrace humility by seeking the financial aid of Shylock (Al Pacino), one of countless Jewish usurers who keep the sagging economy afloat yet are scorned and persecuted to no end by the city's zealously Christian majority. Thus they dwell in society's underbelly, and it is here the two borrowers must go. Shylock does not hesitate to remind the two men of a certain incident where Antonio insulted and spat on him in the city market, and he proudly rebukes this man who frankly has a lot of nerve now coming to ask for help. But help him Shylock does. He even erases any kind of interest on the loan, most likely feeling he has no reason to be concerned if Antonio will be able to repay him within three months. Still, Shylock's one contractual demand is a pound of Antonio's flesh, should he renege on their agreement. This is an unsettling request, to be sure, for Antonio and Bassanio as well as for us. But it appears that despite his justifiable pride Shylock does not really anticipate seeing such a gruesome act occurring. <br /><br />So here the dramatic groundwork has been laid. And while the film goes off to explore its gentler side with its love lottery and mistaken identities, there still looms the gloomy prospect of the loan itself. In the end, what will become of this ominous agreement? Meanwhile we are left at turns to explore the true central character of Shylock. Al Pacino has ample dramatic weight to carry here, and he does so with convincing grit and passion. There are times when he is given room for the theatrics we have come to expect from such a colorful actor. But his most impressive scenes are the ones where he internalizes this energy, showing a conflicted personality: honest, sincere, and proud, yet brooding, vengeful and entirely remorseless. This is one of Pacino's most heartfelt performances to date. And while the rest of the cast play their roles creditably and convincingly, it is Pacino who really owns the film -- especially toward the end, when Shakespeare upends this seeming romantic comedy with a wallop of a third act.<br /><br />I shall not reveal much here; all I can say is that it involves the initial loan -- a mighty shoe one expected would drop sooner or later. And does it ever. By the end Shakespeare has raised a host of dilemmas for his audience: seemingly unresolvable questions of faith, morality, law, and mercy are thrown before us through the final scenes, and while by curtain's close the playwright's position may seem clear to some, we are left completely at odds. There are winners and losers in this one, but have the winners earned their spoils with good reason, or have they in a larger sense ended out losing as well? Has virtue been rewarded, or simply flouted? Has justice in fact this time been just? By the play's finish some fates are painfully clear, and unequivocally sealed. But the audience are to be the ones who really decide the verdict for all of those involved. And for some the verdict is still out for the play as well. Comedy or tragedy? The author has cunningly veiled the intense courtroom finale with an ending of light mirth and pat romantic resolutions. Is he saying that all is well that ends well, or is this his final, ironic condemnation? The play's humor serves to set us up nicely for such a heavy crash. And while it is also what unfortunately keeps The Merchant of Venice from achieving the greatness of so many of Shakespeare's other works, it is still engaging, amusing, and thought-provoking beyond measure.",positive
"I would highly recommend this movie! And I certainly shall be personally recommending it to my friends and family here and abroad! It was with excited anticipation, that I have just pre-ordered it online, I enjoyed it so much! It is not out until February/March 2008, but it will be well worth the wait! But first go and see it in the cinema if you can. There is nothing quite like the Cinema-Experience of a cinema-made movie! Insist that your local cinema puts it on! I went to see 'Seachd, the Inaccessible Pinacle' tonight, down here in London, and was really impressed. It is a marvel: a truly beautiful film set in the Scottish Highlands: you will laugh, you will cry, you will be moved in may different ways, you will be intrigued, and as the story within the stories is revealed, you will be amazed at that revelation.<br /><br />This movie is in Scottish Gaelic with English Subtitles, but do not let that detract you if you are not a speaker of the Gaelic: I am just starting, and my son does not, nor did many people there tonight, and it did not spoil it for us by any manner of means! Superlatives do not suffice! The photography is superb - there is no CGI here, and the movie is all the better for that- here you have true photography! The script is so skilfully and subtly written. The many-layered plot weaves the magic art of the ancient storytellers. The music is at times rousing, at times haunting, but always adding to the atmospheric ambiance. And the acting? ... it is to behold ... and the actors?... they the true weavers of this delightful yet profound film, particularly the two main actors, 'Padruig-the-young' and 'Padruig-the-elder' (A true bard, if ever there was!), who both carried a very heavy load! And the Direction? Well watch out Richard! And the Producer, responsible for raising funding, hiring key personnel, and arranging for distributors? A task well done! I hope that you will make sure that distribution goes out to our communities abroad! And the Gaelic community? Uill, without you it could not have happened! We were told that this movie was made on a low budget, but you would not know it, and I think it might well be because, for what they might have lacked in money, they more than made up for with the richness of the heart, and the warmth and co-operation of the local Scottish Gaelic community.<br /><br />A heartfelt thanks to all concerned in the making, and the sponsoring, of 'Seachd' - Mòran taing! (Many thanks!) From the Gaels to the World! From the World to the Gaels!",positive
"I'll be honest with yall, I was a junior in high school when this sitcom first aired on ABC I didn't think I would like it at all. But with John Ritter in it i felt that it had a little potential in it, plus their was something else with it I liked. The acting was great, not a lot of horrible 2nd rated comedy lines, John Ritter always brings his A game when it comes to comedy . This was a great show to watch, and I'll tell you why it was a great show. My father who never watches sitcoms at all, he just watches movies, sports, and law & order, he actually sat down with my 3 brothers and 2 sisters, my mother, and myself, and watched the show I think because John Ritter was in it. I honestly think this show would still be running if John Ritter God rest his soul i wish he hadn't passed away.",positive
"Nothing but the director's juvenile fantasy come to life. This 'movie' is nothing more than an excuse for the director/actor to play kissy face with an attractive young woman who would otherwise never give him the time of day.<br /><br />The plot is simple, the direction is nonexistent and the movie drags while the actor/director/writer/narrator narrates. Don't be fooled by the 'X' rating, there is no nudity and minimal gore.",negative
"Korine's established himself, by now, as a talented and impressive image-maker. The promotional posters for Mister Lonely all include the film's most impressive compositions (though there's one in particular I've yet to see in promo material: that of a blue-clad nun teasing a dog with a stick, surrounded by green forest with torrential rain pouring down). The opening images of this film, of Michael Jackson lookalike (Diego Luna) riding a small motorbike round a track, is strangely compelling and beautiful: Roy Orbison's ""Mister Lonely"" plays on the soundtrack, and the images unfold in slow-motion. There's also a funny and terrific sequence in which the same character mimes a dance, without music (though a radio sits like a silent dog next to him), in the middle of a Paris street; Korine splices in sound effects and jump-cuts that evoke both a feeling of futility and dogged liberation in the character's dance routine.<br /><br />The first instance of the segment dealing with the nuns is also strangely poignant; Father Umbrillo (Werner Herzog) is an autocratic priest about to fly with some nuns over, and drop food into, impoverished areas nearby. In a scene that is both light-hearted and affecting, Herzog must deal with a stubbornly enthusiastic local who wishes to make the plane trip with them in order to see his wife in San Francisco. As the exchange develops, Herzog draws out of the man a confession: he has sinned, and his frequent infidelity is the cause of his wife having left him in the first place. This scene, short and sweet, gains particular weight after one learns its improvised origins: the sinner is played by a non-actor who was on set when Korine and co. were filming - and his adulterous ways had given him, in real life, a lasting, overwhelming guilt.<br /><br />Henceforth, the film is hit-and-miss; a succession of intrinsically interesting moments that add to a frivolous, muddled narrative. Whereas Gummo and Julien Donkey-Boy maintain their aesthetic and emotional weight via coherent structural frameworks, Mister Lonely feels like a victim of editing room ruthlessness. A few scenes were cut from the film, which would have otherwise painted fuller pictures of certain characters, due to continuity errors in costume - a result, no doubt, due to the absence of a shooting script and Korine's tendency for improvisation. One deleted scene in particular - in which 'Charlie Chaplin' (Denis Lavant) and 'Madonna' (Melita Morgan) have sex - would have added much more emotional conflict to a scene later on in the film (I won't spoil it, but it's there to deflate any feeling of warmth or celebration, and, as it is, only half-succeeds).<br /><br />The two strands of the narrative, unconnected literally, are best approached as two entirely different stories with the same allegorical meaning; one compliments the other and vice versa. (It's something to do with the conflict between one's ambitions and the reality of the current situation.) But there's not enough of the Herzog scenes to merit their place in the film, and so any connection between these two allegorically-connected threads is inevitably strained - and the inclusion is, in retrospect, tedious.<br /><br />This is an ambitious step forward from Julien Donkey-Boy that suffers mostly, at least in the lookalike segments, from having far too many characters for the film's running length, a flaw that would have been even worse had big star names played everyone (as was originally planned).<br /><br />With many of the imagery's self-contained beauty, and moments of real, genuine connection with the soundtrack, this feels like it'd be much more suited to an art installation or photo exhibition. As an exploration of mimesis and the nature of impersonation, it'd lose none of its power - indeed, for me, it would perhaps be more impressive. The loneliness attached to iconic performativity (such as that encountered by both the icons themselves and those who aspire to be like them) is well-captured in images such as that wherein 'Marilyn Monroe' (a gorgeous Samantha Morton) seduces the camera with a Seven Year Itch pose in the middle of a forest, or when 'Sammy Davis, Jr.' (Jason Pennycooke) settles, post-dance rehearsal, with his back to the camera overlooking an incredible, tranquil lake.<br /><br />As it is, moments like these, and all those where the titles of randomly-chosen Michael Jackson songs crawl across the scene, are married to one another in a film narrative far less affecting than it should be.<br /><br />(For those who see it, I lost all faith during the egg-singing scene, late on. You'll know which scene I mean because it sticks out like a sore thumb, as some sort of gimmicky attempt at the new cinematic language for which Korine has previously been hailed.)",negative
"There wasn't a 0 in the voting option so i was compelled to use the next available figure.<br /><br />It is a sad day for bollywood when such type of movies which have star-cast actors is nothing more are than a bunch of juvenile acting, and an awful script.<br /><br />This movie is nowhere near to be called a clone of Hitch. Salman khan with his usual take-off-you-shirt theme and Govinda with his in-humorous laughs. If somebody had told 2 decades ago that I would be writing a comment on Salman (after his success with Maine Pyar Kiya), I would have written him/her off.",negative
"If you love Chan-wook Park, you know what to expect. His films are brutal, poetic, tragic, and artistic, with splashes of very grim humor. THIRST is clearly Park's style, and I loved every second of it, from the cinematography (every shot is gorgeous and creative) to the story, which blends Shakespearean tragedy, murderous love, Gothic horror, and layered character drama. The characters are complex and there is plenty of moral ambiguity to go around. Even the most sociopathic character evokes sympathy. The direction is restrained and the performances are nuanced - like SYMPATHY FOR MR. VENGEANCE, there are too many subtleties to take in on the first viewing. Chan-wook Park is an intelligent, bold, consistently surprising filmmaker. It's unpredictable - scenes go from brutal and heart-wrenching to laugh-out-loud hilarious in an instant. This is closer to LADY VENGEANCE then SYMPATHY FOR MR. VENGEANCE as far as being over-the-top and comical. But, like LADY VENGEANCE, it's incredibly rich, thought-provoking, and rewarding.<br /><br />If you like beautifully told vampire stories (LET THE RIGHT ONE IN) or are a fan of Chan-wook Park, seeing THIRST should be obvious. Easily one of the best films of 2009.",positive
"I spent 5 hours drenched in this film. Nothing I have ever seen comes close to the delicious funk this film left me in. Never mind females advanced aging dilemma's, human fear vaults off the screen for your viewing. Personally engaging to the ninth degree, the film invests one with an undeniable shared feeling for our lives'. I enjoyed this dalliance with raw wounded gall deep from within. It empowers a mutually shared vestment in the history of human encounters reaching far deeper into the pain, isolation and skewed views of self and others. The result forgives our tepid forming of a bridge away from the muddy sludge of dead we must encounter. The birth in finding real people is a happy pursuit. The effort for realism intersects with the dark ground of our bankrupt culture.",positive
"and shot in Vancouver with the 'mountains' of the low country of South Carolina visible in the background. For heaven's sake, they should have reset the location. There are no coastal mountains in South Carolina. Period.<br /><br />Lame visuals. They should have been beautiful. And the story limped along.<br /><br />I really don't understand why it was such a hit as a book, although I have to admit it's one I haven't read as yet. Usually I read the book and give the film a miss. There was nothing in this movie that made me want to buy the book, or even borrow it from the library.<br /><br />Verdict: The Mermaid Chair seemed pretty shallow to moi.",negative
"I love the comics. Although I do have problems fully understanding the stories  the visual style is unique with all its dirt, dust and decay. So I thought I knew what I was up for. Surprisingly I understood the main plot  but some extremely poorly decisions where made for its visual style. <br /><br />I mean - really bad looking ""CG human actors""-in close ups? Why?! It did not work at all!! Horus - and the other Egyption gods - was successfully made in CG and very close to the comic version. <br /><br />I think with real actors this movie could have been a cult movie. <br /><br />What a shame.",negative
"I've enjoyed this movie ever since I first saw it in the theatre. Some movies have a cast of characters and a script that come together in perfect synergy, and this is one of them. The characters illustrate some truths about getting the best out of people, working together harmoniously, building a team and achieving goals, without ever preaching morality. The situations are crafted well and are consistent with the movie's opening premise. The tension builds nicely and the humor is clean and consistent throughout. The movie manages to pull me right in to root for the characters, and to laugh pretty well all the way through. This is a feel good movie as good as they come.<br /><br />What amazes me is that a movie which appears so simple can be so long term entertaining. The music is a perfect copy of music in the typical serious post war navy movies, which helps to create the humor and point out that greatness is in the eye of the beholder. The scenes in the credits are a great music video of ""In the Navy"", which deserve their own full screen special feature. The scenes and cuts are crafted well, and the casting and acting is right on.<br /><br />This movie is a classic as great as any ever made, without any pretensions. In fact, the lack of pretension is what makes it so much fun to watch. I love these guys and gal.<br /><br />The other day I thought of the film, and wondered whether it was available on DVD. Good fortune has come to us, and the DVD came out in May 2004. I headed to the store, and snapped up a copy. Then my wife and I enjoyed another hilarious night in front of the big screen. I've rated this movie as a 10 because it comes together on all levels, far better than many high budget films and Oscar winners. This is entertainment.<br /><br />Listen up Fox home video: you have a great movie in your vaults, and it's a shame to find a cheap shot DVD with badly degraded off tint colors only 8 years since release. So why not restore the colors and present the film as it was meant to be seen? I'd gladly pay a few bucks more to get the picture right. I'm grateful to have my own copy. Now give us the eye candy that the film deserves, and how about recreating the credit sequence as a full screen music video special feature.",positive
"This stuffy melodrama is quite easily the worst film starring Ingrid Bergman that I've seen. Even her luminous screen presence can't save this insufferably slow and meandering movie that's nearly impossible to sit through without fast-forwarding a lot of it.<br /><br />Only for die-hard Bergman fans; others are very likely to fall asleep. I suggest you to watch ""For Whom the Bell Tolls"" instead.",negative
"Most movies I can sit through easily, even if I do not particularly like the movie. I am the type of person who recognizes great films even if I do not like the genre. This is the first movie I could not stand to watch. Cat in the Hat is the worst movie I have ever seen--and I've seen a lot of movies. The acting is okay (Myers is good as the cat, it's just that he is REALLY annoying). The silly songs the cat sings were boring and monotonous, even for the children in the audience. The plot drags on and on, and viewers must suffer through poor dialogue. The ""witty"" parental remarks are disgusting, not funny (I remember some awful comment about a garden hoe being compared to, well, a type of person people call a ""ho""). Even though the movie is really short, it seemed to last FOREVER. Do not waste your time. I know small kids who hated this movie. If children can't stand it, I do not know how any adults can. I would like to fume more about this film but I do not even feel like wasting anymore time writing this review about it. I HATED IT! So, in summary, do not spend 90 minutes of your life watching this! See a GOOD movie!<br /><br />1/10 stars--the lowest review I have ever given a movie.",negative
"i actually thought this is a comedy and sat watching it expecting to laugh my ass off. pretty soon in became clear this is no comedy, or at least not a 'Jim Carrey type' one. what kept we watching was the characters - the movie starts with some pretty grim, troubled people, gathered together to try and fight one of their basic fears - fear of water, fear of swimming. we start to get bit by bit into their lives, witness their troubles, guess of their thoughts.<br /><br />actually i made it look much darker than it actually is, and besides the chain of events soon brings some light and hope to their lives.<br /><br />i probably wouldn't have watched the movie had i known its not a comedy but rather a drama, but i had good time, enjoyed the story and don't mind i spent about 90 minutes with it.<br /><br />many films treat the alienation between people in the western world, this movie shows how people can get together and help each other<br /><br />""and if in the light of dying day you meet her, don't let her pass you by and leave, don't loose her, she is your gift from the sun...""<br /><br />9/10<br /><br />peace and love",positive
"Karen (Sarah Michelle Gellar), an exchange student in Japan who is just beginning to do some social work, is sent to aid an elderly semi-catatonic woman, Emma (Grace Zabriskie), after her previous caretaker, Yoko (Yoko Maki), disappears. Karen soon learns that something is not right in Emma's home, and she attempts to ""see how deep the rabbit hole goes"".<br /><br />Maybe it's a delayed influence from the success of M. Night Shyamalan's films, but slower-paced, understated horror films are a recent trend. In some cases, such as Hide and Seek (2005), the approach works remarkably well, and in others, such as White Noise (2005), the pacing tends to kill the film. I didn't like The Grudge quite as much as Hide and Seek, but this is still a very good film--it earns a 9 out of 10 from me.<br /><br />The Grudge has a couple significant differences from other recent examples of that trend, however. One, it is well known that this is a remake based on the Japanese film series that began with Ju-On (2000) (in particular, it's extremely close to the first half of Ju-On: The Grudge, aka Ju-On 3, from 2003). Two, as with many Japanese horror films, the slower pacing here isn't so much in the realm of realist drama as with surrealism. As is also the case with a large percentage of European horror, The Grudge should be looked at more as a filmed nightmare.<br /><br />Director Takashi Shimizu, also the director of the five Japanese entries in the Ju-On series to date (the fifth is currently in production), and writer Stephen Susco have largely dispensed with linearity and are not overly concerned with logic or plot holes when it comes to the horror behind the story. The idea instead is to present a dreamlike sequence of scenes, with dream logic, where the focus is atmosphere, creepiness, the uncanny, and for many viewers--scares. How well the film works for you will largely depend on how well you can adapt yourself to, or are used to, this different approach to film-making (although admittedly, some of the seeming gaps are filled in by previous entries in the Ju-On series). Traditionally, American audiences consider as flaws leaving plot threads hanging and abandoning ""rules"" for the ""monster"". A more poetic, metaphorical, surreal approach to film isn't yet accepted by the mainstream in the U.S.<br /><br />However, even if you're not used to it, it's worth trying to suspend your normal preconceptions about films and give The Grudge a shot. This is a well written, well directed, well acted film, filled with unusual properties, such as the story interweaving a large number of ""main characters"" (which is done better here than the more episodic Ju-On 3), good cinematography, subtle production design touches (check out Gellar's clothes, which match the color and texture of the exterior of Emma's house, when Gellar first approaches), and beautifully effective horror material.<br /><br />Even though it is more slowly paced that your average horror film of the past, the pacing usually enhances the eeriness, and there is no shortage of bizarre events to keep horror fans entertained. The supernatural premise of the film is absorbing, and based on interviews on the DVD with Shimizu, have prodded me to pay more attention to Japanese beliefs and folklore. Although the most interesting subtexts would probably arise with a more intimate knowledge of Japanese culture, it's interesting to ponder why so many Japanese horror films feature scary children and adults who look like scary children.<br /><br />I subtracted one point for the film slightly veering into clichéd mystery/thriller territory with a ""here's what really happened"" flashback, but even that was fairly well done, and otherwise, this would have been a 10 out of 10.<br /><br />Now that I've said all of the above, let me finish with a mini-rant: It's not that I'm anti-remake, but it is ridiculous that U.S. distributors and studios feel that we need remakes of foreign films to make them appropriate for consumption. The original versions of these films should just be playing in U.S. theaters in wide release. There is no need to present an almost identical film but just substituting white American actors for non-white or foreign actors. Yes, The Grudge is a fine film, but ultimately, I'd rather see something original using this talent, and be treated to the latest foreign horror films--not just Japanese, but also Indian, Spanish, Chinese, etc.--at my multiplex. In the hope that someone with some pull at the studios reads this, it is also more cost-effective to do this, as (1) you can completely avoid production costs, and simply make domestic distribution deals from which you receive profit, and (2) you can make money off of fans like myself who otherwise pick up the foreign film DVDs in foreign manufactured or even bootleg versions.",positive
This movie is so bad that it actually gets funny. One of the worst movies I've ever seen in my entire life. The funny thing was that the trailer had scenes in it that wasn't in the movie. Just by watching the trailer I would have saved a lot of my time. It actually showed everything that happened in the movie except for the conclusion and that was also so obvious.<br /><br />It's honestly hard to think of a reason why this movie was made. This is just so bad. Horrible. <br /><br />I would give it 0 out of 10 if that would be possible. There is nothing else to say about this movie.,negative
"WE FAW DOWN <br /><br />Aspect ratio: 1.33:1<br /><br />Sound format: Silent<br /><br />(Black and white - Short film)<br /><br />Stan 'n' Ollie get mixed up with a couple of floozies (Kay Deslys and Vera White) after setting out to visit a theatre which burns down in their absence! Needless to say, their tyrannical wives (Vivien Oakland and Bess Flowers) are not amused...<br /><br />Leo McCarey's OK comedy laid the narrative framework for William Seiter's masterpiece SONS OF THE DESERT (1934), with L&H playing brow-beaten victims of circumstance, forced to tell a monstrous lie which backfires in spectacular fashion. Much of it is very funny, especially the scene in which Stan is teased by Deslys, leading to a violent game of push and shove. However, some of the fun is undercut by Oakland and Flowers, playing their roles completely straight, which adds an element of unpleasantness to the 'henpecked husband' scenario. Originally released in the UK as WE SLIP UP.",negative
"It is easy for a movie that tries to be suspenseful to wind up being merely uninteresting. It happens quite often. Not only is Dark Harbor uninteresting, but it is very poorly done. Scene after scene is tacked on to an otherwise overdone premise. A troubled couple picks up a troubled stranger only to find more trouble.<br /><br />Some movies build tension by building the story. Dark Harbor keeps adding on to its story but never building upon it. I was hoping that like other movies, the suspense would finally explode. It never does. Also, the characters have no continuity from scene to scene. They may act one way in one scene, but then act a completely different way in another scene. At first, you think that they are merely out of character, but by the end you realize that they are not really characters at all. They are just props for the final twist. The final ten minutes try to be shocking. Instead, it's rather lame and uninteresting. The only thing that was shocking to me was that the movie finally ended. At less than ninety minutes the movie still feels way too long.<br /><br />This isn't one of those low-budget gems. It's more like a counterfeit watch that breaks as soon as you take it home.",negative
"CRYSTAL VOYAGER is a strange documentary about an eccentric surfer living in Australia. An American by birth George Greenough has surfed and photographed himself, friends and recently, dolphins, in Australia for 35 years, all using various re invented cameras which he either straps on his back, board or boat. In the mid 70s he teamed up with Surf Mag editor and budding film maker David Elfick to create this visually interesting tale about this life and photography. The 75 minute feature CRYSTAL VOYAGER is the result. Even in the 70s audiences were a bit puzzled by this film, neither surf-ing movie nor surf movie, because George swims about on a children's zippy board, not a real surfboard.... it offset the tedious droning of George (occasionally so dry or droll that it was actually funny.. like almost setting himself on fire or falling over something) with a spectacular 'you are there' power glide through a wave that ran for 23 minutes all set to Pink Floyd music. In 1974 when the Sydney Opera house opened, it also contained a cinema. Crystal Voyager was booked in there as an arty-sporty OZ pic and by default became a hit: as the 'opera house tickets' cost far more than a movie ticket, audiences flocked to see this film as an excuse to 'have been to the Sydney Opera House'...so the film did record business as a low budget attraction to locals and tourists who wanted to tell neighbors that they had seen a show 'there'. This created this myth that the film was a huge crowd puller and the reputation spread. As a result it was teamed with the fantasy cartoon FANTASTIC PLANET and had a trippy run through the UK and Europe as a double feature. I ran it at a coastal cinema in the 70s and the crowd was rather nonplussed about it all. Recently George has re emerged Lord Of The Flies style with another well photographed sea adventure called DOLPHIN GLIDE that offers viewers a dive and swim with the wild dolphins of Byron Bay. It is an eccentric 20 min short with an even more eccentric 20 min 'how George did it' short. Each were met with a collective yawn by both the media and the pubic in January 2005.... all of which makes CRYSTAL VOYAGER a 'you had to have been there' fluke all those years ago. However at a special Oz Surf night at an outdoor cinema last year 2000 people turned up....but then 2000 turn up every night to see anything there during this summer season of films.....so the damned thing fluked another box office binge. How many actually enjoyed it is very much open to debate. Again they were more than likely just plain puzzled by this mad film with an astonishing reputation. Elfick however, since 1975, has gone onto a stellar career as a major producer and director of many lauded Australian and international films. Look up NO WORRIES or STARSTRUCK or UNDERCOVER or RABBIT PROOF FENCE or LOVE IN LIMBO for clear and present applause at his achievements. George, however, is still floating around out there somewhere droning away and looking for something else to film, or drop a camera on.",negative
"It is like what the title of this thread say. Only impression I got from that movie is that Marlee Matlin's character was always angry, so cynical, and so pathetic. Her character's first date with William Hurt's character where they were dancing were dumb. All in all, I've tried to finish watching the movie four times, and of all four times I fell asleep. I would keep watching that movie with one intention... to beat my problem with insomnia, because all it do is to put me to sleep. Sweet dream.",negative
"I love Umberto Lenzi's cop movies -- ROME ARMED TO THE TEETH is my favorite -- and his DESERT COMMANDOS pretty much legitimized the Italian Euro War phenomenon by managing to actually be a pretty good movie. Give him guns, machines, some guys to run around talking tough and it's hard for him to miss.<br /><br />What a shame it is then to encounter his EATEN ALIVE and CANNIBAL FEROX. They could have been by anybody, really, and one watches them with a sense that he was under contract, was told what kind of films to make, was assigned a cast & crew and given a budget, deadline and script. Lenzi then went out and executed his films the same way that a guy at McDonald's fixes a batch of French Fries. Of the two, EATEN ALIVE is the more original -- which is kind of amazing considering that it features extensive footage copped from three other cannibal movies -- and easier to enjoy than CANNIBAL FEROX, though not much.<br /><br />I will let others outline the plot: What fascinated me about the film is how staged it all looks, and yet what a somewhat infamous reputation this film has as some sort of all-out assault on good taste. It isn't, though the film is an exercise in bad taste, complete with a title-earning scene where two of the pretty supporting ladies are quite literally sliced up and eaten alive by cannibals which is the film's high point. The problem is that Lenzi lets us get a good, long look at the cannibal feast scene and it has the convincing ring of a 3rd season STAR TREK episode complete with a fake jungle set for the really gory close up shots. And I don't know about anyone else, but if someone was slicing off pieces of my person and eating them I wouldn't just lie there and look distressed.<br /><br />My problem with the film might be that I have a lot of respect for Lenzi as a filmmaker, and again this could have been directed by anybody. All of your cannibal movie conventions are touched on but it never feels like they are filmed with any real conviction, other than to try and bully Ruggero Deodato out of the sandbox. The two directors certainly must have known each other and either had a sort of juvenile rivalry or an actual dislike for each other's work and a conscious need to upstage them. Lenzi invented the cannibal genre with MAN FROM DEEP RIVER, Deodato blew it away with JUNGLE HOLOCAUST, Lenzi fired back with EATEN ALIVE, Deodato blew him (and everyone else) away with the superior CANNIBAL HOLOCAUST, and Lenzi fired a last parting salvo with CANNIBAL FEROX, which is about as realistic as that Krazy Glu commercial where the guy superglues his hardhat to a girder and hangs in midair.<br /><br />This film is less desperate and a bit more hesitant to push viewers into the abyss with everything holy than FEROX, which remains as a sort of misguided attempt to upstage CANNIBAL HOLOCAUST. This one is more of a mish-mash, with an interesting jungle adventure crossed with a Jim Jones like suicide cult -- the cannibals seem like they were added as an afterthought rather than the reason for making the film. I think that fans of the genre will have a better impression of the film than fans of Lenzi's films looking for something new by the formidable director. It isn't as entertaining as SLAVE OF THE CANNIBAL GOD, adventurous as his own MAN FROM DEEP RIVER and certainly lacks the wallop of CANNIBAL HOLOCAUST. Combine those considerations with the recycled footage, stomach churning scenes of animal violence, misogynistic scenes of sexual violence and stagy, wooden methodology of film-making and what you get ends up being an OK jungle thriller with two or three standout scenes, and Umberto Lenzi was capable of so much more.<br /><br />4/10; Gore freaks will go nuts however.",negative
"What a good movie! At last a picture revealing a unknown side of rock: illusions of fame. Well-known Rockers are getting old and forgotten, not the music. And with a good sense of humour. Have you ever danced on Bill Haley's Rock Around the Clock?<br /><br />Anyway, Still Crazy is probably the best movie about rock n'roll I have ever seen. Far much better than Spinal Tap for instance. Why? Because in Still Crazy, people are mature. They have a different point of view about rock, about love and about life. They want to catch up with their crazy youth they miss so much. Beyond the story itself, we see characters with their own personality, weaknesses and dreams. Like anyone of us.<br /><br />Spend a good time watching this (listen to the awesome soundtrack! )and finally thinking of your own future.<br /><br />Bye!",positive
"OK. Who brought the cheese. I love it. During it's run it became a phenomenon. The Anorexic Twins became popular.Bob Saget started making a paycheck (Instead of his REALLY funny stand-up). And people knew who Dave Coulier was. This is when life was good and simple. This is one of the great American classics. It was humorous and always brought home a good lesson. And this is where I differ from the norm: I liked the last few seasons. Like Home Improvement, when children get older there are a lot more you can do with the script. This is why I dare say...It could have gone much later than it did. But anyway. I gave it an 8/10 because of its wholesome, funny story lines, and because of Bob Saget!",positive
"Um .... a serious film about troubled teens in Singapore, a country I have not much knowledge on but have the previous wrong impression that all the kids there are highly disciplined and controlled by their family and government. Well, I guess I am wrong, just like other cities/ countries, they also have their troubled teens who also lead the not so surprising rebellious way of life of drugs, fights, bad language, and .... many other obvious signs of being a bad boy. The surprising part of this film isn't really about how these kids running around causing themselves and others trouble, but rather the subtle gayness hidden behind their so call loyalty between them. The bond between these ""brothers"" may very well originated from an unconscious gay tendency inside these boys. Though it isn't uncommon for str8 guys to have very close friendship with each other, but watch this film closely, it should be entering all sorts of gay film festivals and I would not be surprised that it may win itself a lot more awards toward this direction!",positive
"Although I'm a girl, thankfully I have a sense of humor and realize that this really IS a funny anime! Watching it does give you an overwhelming feeling that it's definitely a guy show but that doesn't take away from the fact that its hilarious! 10/10",positive
"I haven't actually finished the film. You may say that in this case I have no right to review it, especially so negatively. But I do, only because I stopped it on account of I couldn't watch anymore...I got over halfway, and I only got there by promising myself something good was just around the corner. This film is so tiresome, so lackluster that I was actually insulted. I haven't read many of the other reviews, so I'm not sure if there are other homosexual teens who have suffered through it, but I am homosexual, and I did go through ""similar"" revelations, day dreams, issues etc etc. There were maybe two moments where I actually felt this film could go somewhere, where I felt it may have some inkling of meaning, or relativity, but these hopes were dashed the moment the next set of cliché-ridden narration came on. I mean, just look at the quotes on the IMDb page. Unfortunately you're not able to hear the scratchy play back, nor the echo-ey fades if you're just read the quotes, because they are just too painful/ridiculous/stupid to miss. I did give the film three stars, and all three of those stars go to the films cinematographer who did a fantastic job attempting to transform Archer's tired ""concepts"" into something watchable. Mind you, I pray he wasn't the one who decided to include all the long shots of TV closeups...another unnecessary cliché already over done in films such as Korine's Gummo... I think it is extremely fitting that this film premiered at Sundance (only because Archer had connections in the festival via volunteer work he did, by the way...) because Sundance seems to be the one festival where cliché heavy drivel like this is still accepted as ""arthouse"". No, it's not art house, I'm afraid it's just plain s**t-house. Do not watch.",negative
